account_id,product,amount,bucket,is_asset,is_liability,is_off_balance,base_haircut,asf_weight,rsf_weight
A00000,retail_stable,2246331.5431705257,2d-7d,False,True,False,1.0,0.95,0.0
A00001,loans,3333601.472369003,8d-30d,True,False,False,0.65,0.0,0.85
A00002,corporate_bonds,22687439.043376677,>1y,True,False,False,0.2,0.0,0.5
A00003,treasury_hqla,950063.5352602914,>1y,True,False,False,0.05,0.0,0.05
A00004,corporate_non_operational,3264761.997618748,8d-30d,False,True,False,1.0,0.5,0.0
A00005,committed_facilities,3325356.2860673596,91d-1y,False,False,True,1.0,0.0,0.0
A00006,loans,801978.1190943572,8d-30d,True,False,False,0.65,0.0,0.85
A00007,loans,7108432.653397517,2d-7d,True,False,False,0.65,0.0,0.85
A00008,retail_less_stable,906309.72275295,overnight,False,True,False,1.0,0.9,0.0
A00009,corporate_operational,21859136.510295473,2d-7d,False,True,False,1.0,0.5,0.0
A00010,loans,8794555.843221573,>1y,True,False,False,0.65,0.0,0.85
A00011,retail_less_stable,17010265.455919176,8d-30d,False,True,False,1.0,0.9,0.0
A00012,committed_facilities,20502038.64007782,overnight,False,False,True,1.0,0.0,0.0
A00013,retail_stable,2372159.5624654014,2d-7d,False,True,False,1.0,0.95,0.0
A00014,committed_facilities,2694453.1165038105,2d-7d,False,False,True,1.0,0.0,0.0
A00015,retail_less_stable,1402254.149196007,overnight,False,True,False,1.0,0.9,0.0
A00016,retail_stable,15079952.149105068,31d-90d,False,True,False,1.0,0.95,0.0
A00017,corporate_operational,6381512.292764256,>1y,False,True,False,1.0,0.5,0.0
A00018,retail_less_stable,1731349.857950704,8d-30d,False,True,False,1.0,0.9,0.0
A00019,retail_stable,2340714.90720665,8d-30d,False,True,False,1.0,0.95,0.0
A00020,loans,6937109.898777646,>1y,True,False,False,0.65,0.0,0.85
A00021,corporate_bonds,111110628.9328019,>1y,True,False,False,0.2,0.0,0.5
A00022,corporate_operational,25412773.77430441,overnight,False,True,False,1.0,0.5,0.0
A00023,loans,3281455.8410801417,31d-90d,True,False,False,0.65,0.0,0.85
A00024,corporate_operational,3830564.0536112273,2d-7d,False,True,False,1.0,0.5,0.0
A00025,loans,2174825.4250420462,2d-7d,True,False,False,0.65,0.0,0.85
A00026,retail_stable,7194979.304399433,overnight,False,True,False,1.0,0.95,0.0
A00027,loans,6785258.7906887615,91d-1y,True,False,False,0.65,0.0,0.85
A00028,wholesale_unsecured,3274947.8208344714,overnight,False,True,False,1.0,0.0,0.0
A00029,retail_stable,6020297.647833694,2d-7d,False,True,False,1.0,0.95,0.0
A00030,retail_stable,8143944.463626445,>1y,False,True,False,1.0,0.95,0.0
A00031,loans,1711343.5606096007,>1y,True,False,False,0.65,0.0,0.85
A00032,retail_less_stable,4469688.04998987,31d-90d,False,True,False,1.0,0.9,0.0
A00033,loans,2734048.3424254954,91d-1y,True,False,False,0.65,0.0,0.85
A00034,retail_stable,12372119.308006752,overnight,False,True,False,1.0,0.95,0.0
A00035,corporate_non_operational,18004000.59880646,2d-7d,False,True,False,1.0,0.5,0.0
A00036,corporate_operational,1916677.1675848896,overnight,False,True,False,1.0,0.5,0.0
A00037,treasury_hqla,1327661.8497451874,>1y,True,False,False,0.05,0.0,0.05
A00038,loans,3231358.073620671,91d-1y,True,False,False,0.65,0.0,0.85
A00039,loans,3980855.546930764,2d-7d,True,False,False,0.65,0.0,0.85
A00040,loans,2877542.1395196943,91d-1y,True,False,False,0.65,0.0,0.85
A00041,loans,3533492.444570709,>1y,True,False,False,0.65,0.0,0.85
A00042,treasury_hqla,59757691.79027911,31d-90d,True,False,False,0.05,0.0,0.05
A00043,committed_facilities,547060.4498688972,>1y,False,False,True,1.0,0.0,0.0
A00044,corporate_non_operational,11365808.745500017,8d-30d,False,True,False,1.0,0.5,0.0
A00045,corporate_operational,1995303.7841671887,2d-7d,False,True,False,1.0,0.5,0.0
A00046,retail_less_stable,7775173.968337227,2d-7d,False,True,False,1.0,0.9,0.0
A00047,retail_stable,4691268.188277886,overnight,False,True,False,1.0,0.95,0.0
A00048,corporate_operational,6829064.426984038,2d-7d,False,True,False,1.0,0.5,0.0
A00049,retail_stable,1698889.32244794,8d-30d,False,True,False,1.0,0.95,0.0
A00050,retail_stable,4358977.435017274,8d-30d,False,True,False,1.0,0.95,0.0
A00051,loans,7544436.375694167,91d-1y,True,False,False,0.65,0.0,0.85
A00052,loans,6404082.72291949,91d-1y,True,False,False,0.65,0.0,0.85
A00053,treasury_hqla,3496438.062800145,91d-1y,True,False,False,0.05,0.0,0.05
A00054,retail_less_stable,2143117.8346985662,2d-7d,False,True,False,1.0,0.9,0.0
A00055,corporate_bonds,4919372.777903332,>1y,True,False,False,0.2,0.0,0.5
A00056,corporate_non_operational,15995830.345093727,8d-30d,False,True,False,1.0,0.5,0.0
A00057,corporate_non_operational,4245363.289400272,91d-1y,False,True,False,1.0,0.5,0.0
A00058,treasury_hqla,6560573.06975322,2d-7d,True,False,False,0.05,0.0,0.05
A00059,retail_less_stable,7926054.707610524,2d-7d,False,True,False,1.0,0.9,0.0
A00060,loans,4805380.207318071,>1y,True,False,False,0.65,0.0,0.85
A00061,wholesale_unsecured,4725043.638696306,>1y,False,True,False,1.0,0.0,0.0
A00062,retail_stable,1326248.5993164666,2d-7d,False,True,False,1.0,0.95,0.0
A00063,corporate_non_operational,3868347.1484767976,>1y,False,True,False,1.0,0.5,0.0
A00064,treasury_hqla,718923.5384189977,8d-30d,True,False,False,0.05,0.0,0.05
A00065,retail_stable,4332197.153339134,2d-7d,False,True,False,1.0,0.95,0.0
A00066,committed_facilities,12069966.867103549,31d-90d,False,False,True,1.0,0.0,0.0
A00067,equities,751045.0733744039,>1y,True,False,False,0.45,0.0,0.85
A00068,corporate_non_operational,232401.44439490204,8d-30d,False,True,False,1.0,0.5,0.0
A00069,committed_facilities,3530367.698866903,overnight,False,False,True,1.0,0.0,0.0
A00070,committed_facilities,7349311.487347292,91d-1y,False,False,True,1.0,0.0,0.0
A00071,corporate_operational,10434561.754343992,overnight,False,True,False,1.0,0.5,0.0
A00072,retail_stable,2634335.224905631,8d-30d,False,True,False,1.0,0.95,0.0
A00073,committed_facilities,2824149.4040934993,2d-7d,False,False,True,1.0,0.0,0.0
A00074,loans,2123157.4871307677,2d-7d,True,False,False,0.65,0.0,0.85
A00075,loans,1351651.5454158045,91d-1y,True,False,False,0.65,0.0,0.85
A00076,committed_facilities,5804271.129505638,31d-90d,False,False,True,1.0,0.0,0.0
A00077,corporate_non_operational,3415626.7218463356,overnight,False,True,False,1.0,0.5,0.0
A00078,equities,1580661.948242621,91d-1y,True,False,False,0.45,0.0,0.85
A00079,retail_stable,7077801.583931653,overnight,False,True,False,1.0,0.95,0.0
A00080,loans,2632845.8521401254,91d-1y,True,False,False,0.65,0.0,0.85
A00081,corporate_non_operational,24048669.355820265,overnight,False,True,False,1.0,0.5,0.0
A00082,committed_facilities,13542019.234046673,31d-90d,False,False,True,1.0,0.0,0.0
A00083,corporate_non_operational,3084043.7097728807,2d-7d,False,True,False,1.0,0.5,0.0
A00084,corporate_operational,1835894.4334122466,31d-90d,False,True,False,1.0,0.5,0.0
A00085,loans,10253581.122336484,91d-1y,True,False,False,0.65,0.0,0.85
A00086,treasury_hqla,1365103.5197968686,8d-30d,True,False,False,0.05,0.0,0.05
A00087,equities,21062011.1727458,8d-30d,True,False,False,0.45,0.0,0.85
A00088,retail_less_stable,8065757.169178803,overnight,False,True,False,1.0,0.9,0.0
A00089,corporate_operational,275876.4876999217,8d-30d,False,True,False,1.0,0.5,0.0
A00090,treasury_hqla,3947175.6605009055,overnight,True,False,False,0.05,0.0,0.05
A00091,treasury_hqla,6695343.453437653,91d-1y,True,False,False,0.05,0.0,0.05
A00092,corporate_operational,4368434.268273966,2d-7d,False,True,False,1.0,0.5,0.0
A00093,corporate_bonds,2452764.506675997,91d-1y,True,False,False,0.2,0.0,0.5
A00094,corporate_operational,1497878.9173857125,overnight,False,True,False,1.0,0.5,0.0
A00095,treasury_hqla,700809.191582472,>1y,True,False,False,0.05,0.0,0.05
A00096,retail_less_stable,999985.3992624141,>1y,False,True,False,1.0,0.9,0.0
A00097,retail_stable,2961089.712669346,91d-1y,False,True,False,1.0,0.95,0.0
A00098,committed_facilities,17274345.864047747,91d-1y,False,False,True,1.0,0.0,0.0
A00099,retail_stable,12073839.070641793,overnight,False,True,False,1.0,0.95,0.0
A00100,committed_facilities,8256945.6252563335,91d-1y,False,False,True,1.0,0.0,0.0
A00101,treasury_hqla,1036465.6688021461,91d-1y,True,False,False,0.05,0.0,0.05
A00102,treasury_hqla,2057999.4718593953,overnight,True,False,False,0.05,0.0,0.05
A00103,committed_facilities,2020147.638251982,>1y,False,False,True,1.0,0.0,0.0
A00104,loans,21339469.64640574,>1y,True,False,False,0.65,0.0,0.85
A00105,retail_stable,1388925.8452175902,8d-30d,False,True,False,1.0,0.95,0.0
A00106,corporate_operational,5241245.801699161,8d-30d,False,True,False,1.0,0.5,0.0
A00107,corporate_operational,1559190.6570782126,overnight,False,True,False,1.0,0.5,0.0
A00108,retail_stable,1490344.2972374659,overnight,False,True,False,1.0,0.95,0.0
A00109,retail_stable,10700289.630152544,31d-90d,False,True,False,1.0,0.95,0.0
A00110,retail_less_stable,3475503.551364078,91d-1y,False,True,False,1.0,0.9,0.0
A00111,loans,1565898.3920391165,8d-30d,True,False,False,0.65,0.0,0.85
A00112,retail_less_stable,2499643.515370107,overnight,False,True,False,1.0,0.9,0.0
A00113,loans,1298224.2272871495,2d-7d,True,False,False,0.65,0.0,0.85
A00114,treasury_hqla,2550934.4269224284,91d-1y,True,False,False,0.05,0.0,0.05
A00115,corporate_bonds,920605.2078559657,>1y,True,False,False,0.2,0.0,0.5
A00116,retail_stable,763451.60462962,2d-7d,False,True,False,1.0,0.95,0.0
A00117,treasury_hqla,1225753.436979928,91d-1y,True,False,False,0.05,0.0,0.05
A00118,loans,767359.6212277248,>1y,True,False,False,0.65,0.0,0.85
A00119,corporate_non_operational,960240.0046562393,overnight,False,True,False,1.0,0.5,0.0
A00120,treasury_hqla,12549735.115121253,91d-1y,True,False,False,0.05,0.0,0.05
A00121,corporate_non_operational,8562254.878092105,>1y,False,True,False,1.0,0.5,0.0
A00122,retail_less_stable,1109116.5780419484,overnight,False,True,False,1.0,0.9,0.0
A00123,retail_less_stable,5809939.517136576,8d-30d,False,True,False,1.0,0.9,0.0
A00124,corporate_non_operational,6384907.330001445,2d-7d,False,True,False,1.0,0.5,0.0
A00125,retail_stable,6362459.924125636,overnight,False,True,False,1.0,0.95,0.0
A00126,wholesale_unsecured,6291655.5656888485,overnight,False,True,False,1.0,0.0,0.0
A00127,retail_stable,7863301.958458783,2d-7d,False,True,False,1.0,0.95,0.0
A00128,wholesale_unsecured,28362576.41981917,8d-30d,False,True,False,1.0,0.0,0.0
A00129,committed_facilities,1092091.5945780126,8d-30d,False,False,True,1.0,0.0,0.0
A00130,treasury_hqla,15472234.943083784,91d-1y,True,False,False,0.05,0.0,0.05
A00131,retail_less_stable,4982664.713097992,2d-7d,False,True,False,1.0,0.9,0.0
A00132,retail_stable,544128.0797636216,2d-7d,False,True,False,1.0,0.95,0.0
A00133,retail_stable,23032255.044763908,2d-7d,False,True,False,1.0,0.95,0.0
A00134,corporate_non_operational,19943101.30753523,overnight,False,True,False,1.0,0.5,0.0
A00135,equities,2761053.6410915004,91d-1y,True,False,False,0.45,0.0,0.85
A00136,corporate_bonds,3131848.215043257,>1y,True,False,False,0.2,0.0,0.5
A00137,loans,2942822.030294894,8d-30d,True,False,False,0.65,0.0,0.85
A00138,treasury_hqla,784745.0116037319,overnight,True,False,False,0.05,0.0,0.05
A00139,retail_stable,5735930.956090502,8d-30d,False,True,False,1.0,0.95,0.0
A00140,retail_stable,3906372.858172958,91d-1y,False,True,False,1.0,0.95,0.0
A00141,loans,3597153.176844343,8d-30d,True,False,False,0.65,0.0,0.85
A00142,loans,5527302.012759604,31d-90d,True,False,False,0.65,0.0,0.85
A00143,retail_less_stable,632576.5414245548,overnight,False,True,False,1.0,0.9,0.0
A00144,retail_less_stable,2617977.312795176,8d-30d,False,True,False,1.0,0.9,0.0
A00145,loans,4086639.6393836048,91d-1y,True,False,False,0.65,0.0,0.85
A00146,corporate_operational,7729013.622364715,31d-90d,False,True,False,1.0,0.5,0.0
A00147,wholesale_unsecured,19160760.775911376,overnight,False,True,False,1.0,0.0,0.0
A00148,corporate_non_operational,1454196.2317648437,8d-30d,False,True,False,1.0,0.5,0.0
A00149,loans,4021924.0724049956,91d-1y,True,False,False,0.65,0.0,0.85
A00150,retail_stable,4266681.960805916,overnight,False,True,False,1.0,0.95,0.0
A00151,corporate_bonds,1184631.476878544,2d-7d,True,False,False,0.2,0.0,0.5
A00152,corporate_operational,11064267.802956412,31d-90d,False,True,False,1.0,0.5,0.0
A00153,loans,8553523.603097355,91d-1y,True,False,False,0.65,0.0,0.85
A00154,loans,3912998.2729366347,8d-30d,True,False,False,0.65,0.0,0.85
A00155,equities,5010238.364986003,2d-7d,True,False,False,0.45,0.0,0.85
A00156,retail_less_stable,731937.5022600659,overnight,False,True,False,1.0,0.9,0.0
A00157,wholesale_unsecured,1919131.439203755,8d-30d,False,True,False,1.0,0.0,0.0
A00158,corporate_operational,3624060.2027928084,overnight,False,True,False,1.0,0.5,0.0
A00159,wholesale_unsecured,1411984.4202128486,2d-7d,False,True,False,1.0,0.0,0.0
A00160,corporate_bonds,19420009.242503945,overnight,True,False,False,0.2,0.0,0.5
A00161,retail_less_stable,265681.4240183984,8d-30d,False,True,False,1.0,0.9,0.0
A00162,retail_less_stable,2066669.3671341145,overnight,False,True,False,1.0,0.9,0.0
A00163,loans,2349851.402493846,overnight,True,False,False,0.65,0.0,0.85
A00164,treasury_hqla,2201204.508280253,91d-1y,True,False,False,0.05,0.0,0.05
A00165,retail_stable,1855489.1008964821,overnight,False,True,False,1.0,0.95,0.0
A00166,retail_stable,513572.4595512444,2d-7d,False,True,False,1.0,0.95,0.0
A00167,retail_stable,4155459.9151085736,2d-7d,False,True,False,1.0,0.95,0.0
A00168,retail_stable,7927715.484360242,overnight,False,True,False,1.0,0.95,0.0
A00169,treasury_hqla,2615295.6106185317,2d-7d,True,False,False,0.05,0.0,0.05
A00170,retail_stable,4437282.504887592,31d-90d,False,True,False,1.0,0.95,0.0
A00171,corporate_bonds,16319196.809725218,>1y,True,False,False,0.2,0.0,0.5
A00172,retail_stable,5007310.142076862,overnight,False,True,False,1.0,0.95,0.0
A00173,wholesale_unsecured,22713680.296605974,31d-90d,False,True,False,1.0,0.0,0.0
A00174,retail_stable,3077764.989798323,8d-30d,False,True,False,1.0,0.95,0.0
A00175,retail_stable,908281.3229124383,overnight,False,True,False,1.0,0.95,0.0
A00176,loans,4029520.927012136,>1y,True,False,False,0.65,0.0,0.85
A00177,equities,4203532.158974209,91d-1y,True,False,False,0.45,0.0,0.85
A00178,retail_stable,2992784.538299262,91d-1y,False,True,False,1.0,0.95,0.0
A00179,corporate_non_operational,944114.8309413558,overnight,False,True,False,1.0,0.5,0.0
A00180,corporate_non_operational,9041505.42838449,overnight,False,True,False,1.0,0.5,0.0
A00181,retail_less_stable,8673597.015592959,overnight,False,True,False,1.0,0.9,0.0
A00182,loans,4205745.600793807,31d-90d,True,False,False,0.65,0.0,0.85
A00183,corporate_non_operational,2017385.4248352882,8d-30d,False,True,False,1.0,0.5,0.0
A00184,equities,1940167.0487157893,overnight,True,False,False,0.45,0.0,0.85
A00185,corporate_bonds,781169.468360485,>1y,True,False,False,0.2,0.0,0.5
A00186,wholesale_unsecured,1490439.1456371495,overnight,False,True,False,1.0,0.0,0.0
A00187,committed_facilities,5047818.834211706,91d-1y,False,False,True,1.0,0.0,0.0
A00188,retail_less_stable,2029852.873134303,8d-30d,False,True,False,1.0,0.9,0.0
A00189,committed_facilities,3506594.7600443796,91d-1y,False,False,True,1.0,0.0,0.0
A00190,retail_less_stable,4181745.0049870205,8d-30d,False,True,False,1.0,0.9,0.0
A00191,retail_stable,1555513.2057830484,2d-7d,False,True,False,1.0,0.95,0.0
A00192,treasury_hqla,4307077.081522081,91d-1y,True,False,False,0.05,0.0,0.05
A00193,retail_less_stable,2812307.0378873693,overnight,False,True,False,1.0,0.9,0.0
A00194,retail_less_stable,3339392.2635781504,overnight,False,True,False,1.0,0.9,0.0
A00195,retail_stable,3287718.086001002,91d-1y,False,True,False,1.0,0.95,0.0
A00196,corporate_bonds,1155785.0809516686,2d-7d,True,False,False,0.2,0.0,0.5
A00197,loans,2615325.142522724,31d-90d,True,False,False,0.65,0.0,0.85
A00198,corporate_operational,6113155.271430631,overnight,False,True,False,1.0,0.5,0.0
A00199,retail_less_stable,3988463.5525036235,2d-7d,False,True,False,1.0,0.9,0.0
A00200,treasury_hqla,561045.6035700123,>1y,True,False,False,0.05,0.0,0.05
A00201,treasury_hqla,27825480.910132457,overnight,True,False,False,0.05,0.0,0.05
A00202,corporate_operational,601863.9389682777,91d-1y,False,True,False,1.0,0.5,0.0
A00203,loans,4739439.889604761,>1y,True,False,False,0.65,0.0,0.85
A00204,retail_stable,4751264.803266787,91d-1y,False,True,False,1.0,0.95,0.0
A00205,treasury_hqla,34779979.02709874,overnight,True,False,False,0.05,0.0,0.05
A00206,loans,1114111.420190215,8d-30d,True,False,False,0.65,0.0,0.85
A00207,treasury_hqla,3625546.682690662,91d-1y,True,False,False,0.05,0.0,0.05
A00208,corporate_operational,3434731.6787634213,31d-90d,False,True,False,1.0,0.5,0.0
A00209,corporate_non_operational,7447408.85872996,8d-30d,False,True,False,1.0,0.5,0.0
A00210,retail_stable,9406046.955372492,overnight,False,True,False,1.0,0.95,0.0
A00211,loans,2486432.5142154833,8d-30d,True,False,False,0.65,0.0,0.85
A00212,wholesale_unsecured,2017152.4232495427,8d-30d,False,True,False,1.0,0.0,0.0
A00213,loans,3889544.3819552185,91d-1y,True,False,False,0.65,0.0,0.85
A00214,loans,7041509.394279412,>1y,True,False,False,0.65,0.0,0.85
A00215,retail_stable,4451282.894916692,91d-1y,False,True,False,1.0,0.95,0.0
A00216,corporate_non_operational,10680307.50826955,2d-7d,False,True,False,1.0,0.5,0.0
A00217,retail_less_stable,14386728.138336249,8d-30d,False,True,False,1.0,0.9,0.0
A00218,corporate_non_operational,2690882.224141866,31d-90d,False,True,False,1.0,0.5,0.0
A00219,loans,15866264.887126613,2d-7d,True,False,False,0.65,0.0,0.85
A00220,loans,7171564.115254605,91d-1y,True,False,False,0.65,0.0,0.85
A00221,corporate_non_operational,1344540.0700369265,overnight,False,True,False,1.0,0.5,0.0
A00222,corporate_bonds,15803023.818564396,>1y,True,False,False,0.2,0.0,0.5
A00223,committed_facilities,4453063.097221619,31d-90d,False,False,True,1.0,0.0,0.0
A00224,retail_less_stable,3015724.932603957,8d-30d,False,True,False,1.0,0.9,0.0
A00225,corporate_operational,1397164.6169867376,overnight,False,True,False,1.0,0.5,0.0
A00226,committed_facilities,3239062.7825767696,>1y,False,False,True,1.0,0.0,0.0
A00227,corporate_non_operational,8338474.10534526,31d-90d,False,True,False,1.0,0.5,0.0
A00228,corporate_bonds,1677054.6323571026,91d-1y,True,False,False,0.2,0.0,0.5
A00229,loans,963795.9973862704,91d-1y,True,False,False,0.65,0.0,0.85
A00230,retail_stable,5934221.063817494,8d-30d,False,True,False,1.0,0.95,0.0
A00231,retail_stable,2927712.935449289,91d-1y,False,True,False,1.0,0.95,0.0
A00232,retail_stable,2481356.434563132,overnight,False,True,False,1.0,0.95,0.0
A00233,committed_facilities,378256.713066414,2d-7d,False,False,True,1.0,0.0,0.0
A00234,equities,1381996.4930438553,31d-90d,True,False,False,0.45,0.0,0.85
A00235,corporate_operational,28052626.408226155,8d-30d,False,True,False,1.0,0.5,0.0
A00236,loans,16613328.227723548,2d-7d,True,False,False,0.65,0.0,0.85
A00237,corporate_operational,5131248.522239013,overnight,False,True,False,1.0,0.5,0.0
A00238,retail_stable,2538812.4674225207,8d-30d,False,True,False,1.0,0.95,0.0
A00239,corporate_operational,8385231.927881757,8d-30d,False,True,False,1.0,0.5,0.0
A00240,corporate_bonds,4803751.518507108,>1y,True,False,False,0.2,0.0,0.5
A00241,wholesale_unsecured,9505300.770412812,2d-7d,False,True,False,1.0,0.0,0.0
A00242,loans,3744296.960518156,>1y,True,False,False,0.65,0.0,0.85
A00243,committed_facilities,12684032.646196345,91d-1y,False,False,True,1.0,0.0,0.0
A00244,retail_stable,784549.7363106124,>1y,False,True,False,1.0,0.95,0.0
A00245,retail_stable,1612797.1697718096,>1y,False,True,False,1.0,0.95,0.0
A00246,retail_stable,1136777.7162846911,overnight,False,True,False,1.0,0.95,0.0
A00247,retail_less_stable,1582781.5597604762,8d-30d,False,True,False,1.0,0.9,0.0
A00248,retail_less_stable,2219676.613347036,8d-30d,False,True,False,1.0,0.9,0.0
A00249,committed_facilities,751334.4297258996,8d-30d,False,False,True,1.0,0.0,0.0
A00250,loans,1481396.77489265,>1y,True,False,False,0.65,0.0,0.85
A00251,corporate_bonds,3709547.822605374,91d-1y,True,False,False,0.2,0.0,0.5
A00252,retail_stable,465894.5467156489,8d-30d,False,True,False,1.0,0.95,0.0
A00253,committed_facilities,1186163.9050818086,91d-1y,False,False,True,1.0,0.0,0.0
A00254,equities,1271357.0818933665,overnight,True,False,False,0.45,0.0,0.85
A00255,loans,5158542.634303186,91d-1y,True,False,False,0.65,0.0,0.85
A00256,retail_stable,823990.065091717,8d-30d,False,True,False,1.0,0.95,0.0
A00257,committed_facilities,1117052.6143172856,31d-90d,False,False,True,1.0,0.0,0.0
A00258,committed_facilities,14956488.615774298,8d-30d,False,False,True,1.0,0.0,0.0
A00259,corporate_non_operational,2573453.9951827647,31d-90d,False,True,False,1.0,0.5,0.0
A00260,corporate_bonds,1170410.1149448464,>1y,True,False,False,0.2,0.0,0.5
A00261,retail_less_stable,3837940.563648913,31d-90d,False,True,False,1.0,0.9,0.0
A00262,retail_less_stable,7260424.458392998,91d-1y,False,True,False,1.0,0.9,0.0
A00263,corporate_bonds,13798847.824564405,>1y,True,False,False,0.2,0.0,0.5
A00264,retail_stable,4170682.045166691,overnight,False,True,False,1.0,0.95,0.0
A00265,loans,1380508.768115912,>1y,True,False,False,0.65,0.0,0.85
A00266,retail_stable,812848.8782100048,91d-1y,False,True,False,1.0,0.95,0.0
A00267,corporate_non_operational,2151459.3098349064,91d-1y,False,True,False,1.0,0.5,0.0
A00268,treasury_hqla,6138120.65108105,91d-1y,True,False,False,0.05,0.0,0.05
A00269,retail_less_stable,10900484.571831843,overnight,False,True,False,1.0,0.9,0.0
A00270,corporate_operational,1600611.6841891785,8d-30d,False,True,False,1.0,0.5,0.0
A00271,loans,617270.9721086205,91d-1y,True,False,False,0.65,0.0,0.85
A00272,treasury_hqla,7296157.1676786095,91d-1y,True,False,False,0.05,0.0,0.05
A00273,treasury_hqla,3706522.77034031,31d-90d,True,False,False,0.05,0.0,0.05
A00274,loans,3238606.8014442166,>1y,True,False,False,0.65,0.0,0.85
A00275,retail_less_stable,3960418.6282934533,2d-7d,False,True,False,1.0,0.9,0.0
A00276,corporate_operational,890355.9116943493,2d-7d,False,True,False,1.0,0.5,0.0
A00277,corporate_non_operational,2267927.179130913,31d-90d,False,True,False,1.0,0.5,0.0
A00278,corporate_operational,1981466.6331766054,overnight,False,True,False,1.0,0.5,0.0
A00279,retail_stable,2988320.7468403685,overnight,False,True,False,1.0,0.95,0.0
A00280,retail_stable,1417213.653259145,2d-7d,False,True,False,1.0,0.95,0.0
A00281,retail_less_stable,2808230.016991501,91d-1y,False,True,False,1.0,0.9,0.0
A00282,retail_stable,3889383.498552535,91d-1y,False,True,False,1.0,0.95,0.0
A00283,retail_stable,26670435.465524398,8d-30d,False,True,False,1.0,0.95,0.0
A00284,corporate_operational,3053303.906821142,8d-30d,False,True,False,1.0,0.5,0.0
A00285,retail_stable,3351833.5337849976,overnight,False,True,False,1.0,0.95,0.0
A00286,committed_facilities,14340577.417213732,8d-30d,False,False,True,1.0,0.0,0.0
A00287,committed_facilities,806629.0099444118,8d-30d,False,False,True,1.0,0.0,0.0
A00288,equities,4201362.182058589,91d-1y,True,False,False,0.45,0.0,0.85
A00289,loans,665294.9190376173,91d-1y,True,False,False,0.65,0.0,0.85
A00290,retail_stable,2643642.154921812,overnight,False,True,False,1.0,0.95,0.0
A00291,committed_facilities,3819893.7269528843,31d-90d,False,False,True,1.0,0.0,0.0
A00292,corporate_operational,1133265.0869813643,overnight,False,True,False,1.0,0.5,0.0
A00293,corporate_operational,8111341.790226746,overnight,False,True,False,1.0,0.5,0.0
A00294,committed_facilities,6355938.150305338,2d-7d,False,False,True,1.0,0.0,0.0
A00295,retail_less_stable,11204972.357259931,8d-30d,False,True,False,1.0,0.9,0.0
A00296,treasury_hqla,2842542.709173224,8d-30d,True,False,False,0.05,0.0,0.05
A00297,loans,8404994.325408168,2d-7d,True,False,False,0.65,0.0,0.85
A00298,equities,3689387.7968730335,31d-90d,True,False,False,0.45,0.0,0.85
A00299,retail_stable,9239309.890444983,8d-30d,False,True,False,1.0,0.95,0.0
A00300,corporate_bonds,2522684.5990385525,>1y,True,False,False,0.2,0.0,0.5
A00301,retail_less_stable,2936517.716565607,overnight,False,True,False,1.0,0.9,0.0
A00302,corporate_non_operational,11292463.168706482,8d-30d,False,True,False,1.0,0.5,0.0
A00303,committed_facilities,6329023.129801066,91d-1y,False,False,True,1.0,0.0,0.0
A00304,loans,812160.8087572817,91d-1y,True,False,False,0.65,0.0,0.85
A00305,corporate_operational,2817772.6823865273,31d-90d,False,True,False,1.0,0.5,0.0
A00306,loans,2333739.239423057,>1y,True,False,False,0.65,0.0,0.85
A00307,retail_stable,2278903.3625127804,31d-90d,False,True,False,1.0,0.95,0.0
A00308,treasury_hqla,2604207.1262978846,>1y,True,False,False,0.05,0.0,0.05
A00309,treasury_hqla,3332783.461172776,31d-90d,True,False,False,0.05,0.0,0.05
A00310,retail_stable,5736580.357163112,overnight,False,True,False,1.0,0.95,0.0
A00311,equities,2365522.962405322,31d-90d,True,False,False,0.45,0.0,0.85
A00312,loans,1493548.0946112308,>1y,True,False,False,0.65,0.0,0.85
A00313,committed_facilities,1177038.422897039,31d-90d,False,False,True,1.0,0.0,0.0
A00314,retail_less_stable,4895242.725855102,overnight,False,True,False,1.0,0.9,0.0
A00315,corporate_bonds,33101949.095716592,8d-30d,True,False,False,0.2,0.0,0.5
A00316,wholesale_unsecured,2799339.1194381523,overnight,False,True,False,1.0,0.0,0.0
A00317,retail_stable,2718658.4942795997,overnight,False,True,False,1.0,0.95,0.0
A00318,corporate_bonds,1971266.6874920053,2d-7d,True,False,False,0.2,0.0,0.5
A00319,retail_stable,3621382.9371922584,8d-30d,False,True,False,1.0,0.95,0.0
A00320,committed_facilities,1075857.0074555927,2d-7d,False,False,True,1.0,0.0,0.0
A00321,loans,1709814.324303096,8d-30d,True,False,False,0.65,0.0,0.85
A00322,treasury_hqla,2168644.2326521412,>1y,True,False,False,0.05,0.0,0.05
A00323,loans,1132921.550730129,>1y,True,False,False,0.65,0.0,0.85
A00324,committed_facilities,4794192.012994361,91d-1y,False,False,True,1.0,0.0,0.0
A00325,corporate_operational,2846710.8181564254,2d-7d,False,True,False,1.0,0.5,0.0
A00326,loans,7252420.39722747,>1y,True,False,False,0.65,0.0,0.85
A00327,retail_stable,6331412.349856537,overnight,False,True,False,1.0,0.95,0.0
A00328,retail_stable,1757434.9395332704,overnight,False,True,False,1.0,0.95,0.0
A00329,loans,8276199.556950092,2d-7d,True,False,False,0.65,0.0,0.85
A00330,corporate_non_operational,605594.3469360408,overnight,False,True,False,1.0,0.5,0.0
A00331,committed_facilities,4914857.476151538,>1y,False,False,True,1.0,0.0,0.0
A00332,loans,1135640.0902202746,31d-90d,True,False,False,0.65,0.0,0.85
A00333,treasury_hqla,2033359.065734174,>1y,True,False,False,0.05,0.0,0.05
A00334,corporate_bonds,8390694.371750139,overnight,True,False,False,0.2,0.0,0.5
A00335,corporate_operational,1934822.3396716877,>1y,False,True,False,1.0,0.5,0.0
A00336,equities,6993373.626906752,91d-1y,True,False,False,0.45,0.0,0.85
A00337,corporate_non_operational,2109111.356041219,>1y,False,True,False,1.0,0.5,0.0
A00338,wholesale_unsecured,3378403.7352782073,31d-90d,False,True,False,1.0,0.0,0.0
A00339,corporate_operational,910710.3477007836,2d-7d,False,True,False,1.0,0.5,0.0
A00340,retail_less_stable,1690693.799508147,2d-7d,False,True,False,1.0,0.9,0.0
A00341,retail_stable,987420.5207534512,8d-30d,False,True,False,1.0,0.95,0.0
A00342,corporate_bonds,6968915.446736561,91d-1y,True,False,False,0.2,0.0,0.5
A00343,loans,4909428.803115845,31d-90d,True,False,False,0.65,0.0,0.85
A00344,loans,1656852.169698201,>1y,True,False,False,0.65,0.0,0.85
A00345,loans,968080.7519284025,>1y,True,False,False,0.65,0.0,0.85
A00346,loans,11567359.847108975,>1y,True,False,False,0.65,0.0,0.85
A00347,loans,6800513.727678547,8d-30d,True,False,False,0.65,0.0,0.85
A00348,retail_stable,5287326.835501177,31d-90d,False,True,False,1.0,0.95,0.0
A00349,retail_less_stable,11541368.663648881,overnight,False,True,False,1.0,0.9,0.0
A00350,treasury_hqla,1450535.22763765,>1y,True,False,False,0.05,0.0,0.05
A00351,retail_less_stable,2017902.9879779087,91d-1y,False,True,False,1.0,0.9,0.0
A00352,retail_stable,7595465.65715138,overnight,False,True,False,1.0,0.95,0.0
A00353,loans,532271.1125393804,8d-30d,True,False,False,0.65,0.0,0.85
A00354,retail_stable,11469775.241511382,31d-90d,False,True,False,1.0,0.95,0.0
A00355,committed_facilities,9622468.499670444,31d-90d,False,False,True,1.0,0.0,0.0
A00356,loans,1020710.3770062062,31d-90d,True,False,False,0.65,0.0,0.85
A00357,committed_facilities,20531659.72273018,2d-7d,False,False,True,1.0,0.0,0.0
A00358,retail_stable,12613285.55888285,2d-7d,False,True,False,1.0,0.95,0.0
A00359,committed_facilities,1221499.0593275074,>1y,False,False,True,1.0,0.0,0.0
A00360,retail_less_stable,3240676.504618176,overnight,False,True,False,1.0,0.9,0.0
A00361,treasury_hqla,5284831.236838182,31d-90d,True,False,False,0.05,0.0,0.05
A00362,loans,2362530.57788196,>1y,True,False,False,0.65,0.0,0.85
A00363,retail_stable,1456392.121898233,>1y,False,True,False,1.0,0.95,0.0
A00364,retail_less_stable,3743567.7612246294,overnight,False,True,False,1.0,0.9,0.0
A00365,corporate_bonds,1092029.2458029373,>1y,True,False,False,0.2,0.0,0.5
A00366,retail_less_stable,4377370.087031642,91d-1y,False,True,False,1.0,0.9,0.0
A00367,wholesale_unsecured,3360825.2373510404,>1y,False,True,False,1.0,0.0,0.0
A00368,equities,1010741.0931968036,91d-1y,True,False,False,0.45,0.0,0.85
A00369,corporate_bonds,7308621.020015029,91d-1y,True,False,False,0.2,0.0,0.5
A00370,equities,2411770.7353648404,8d-30d,True,False,False,0.45,0.0,0.85
A00371,equities,11502839.450710416,31d-90d,True,False,False,0.45,0.0,0.85
A00372,retail_stable,6884294.613789505,8d-30d,False,True,False,1.0,0.95,0.0
A00373,wholesale_unsecured,18840975.682393204,8d-30d,False,True,False,1.0,0.0,0.0
A00374,corporate_non_operational,6255244.281455836,91d-1y,False,True,False,1.0,0.5,0.0
A00375,wholesale_unsecured,1943322.943596138,overnight,False,True,False,1.0,0.0,0.0
A00376,loans,2800785.370080501,91d-1y,True,False,False,0.65,0.0,0.85
A00377,corporate_non_operational,949540.794450522,2d-7d,False,True,False,1.0,0.5,0.0
A00378,corporate_non_operational,1586259.0826358509,overnight,False,True,False,1.0,0.5,0.0
A00379,retail_stable,1486303.0202079494,overnight,False,True,False,1.0,0.95,0.0
A00380,loans,3022089.0023019435,overnight,True,False,False,0.65,0.0,0.85
A00381,committed_facilities,2482250.140924272,91d-1y,False,False,True,1.0,0.0,0.0
A00382,loans,1332186.805154059,31d-90d,True,False,False,0.65,0.0,0.85
A00383,corporate_operational,6334783.3537768815,8d-30d,False,True,False,1.0,0.5,0.0
A00384,wholesale_unsecured,1399383.9834308962,overnight,False,True,False,1.0,0.0,0.0
A00385,loans,1182890.524278265,overnight,True,False,False,0.65,0.0,0.85
A00386,wholesale_unsecured,1453144.5444405526,overnight,False,True,False,1.0,0.0,0.0
A00387,loans,4686616.172821041,31d-90d,True,False,False,0.65,0.0,0.85
A00388,corporate_non_operational,652148.3680054594,8d-30d,False,True,False,1.0,0.5,0.0
A00389,treasury_hqla,3497543.1241902737,91d-1y,True,False,False,0.05,0.0,0.05
A00390,loans,1098961.4644240597,91d-1y,True,False,False,0.65,0.0,0.85
A00391,loans,8813611.220973887,31d-90d,True,False,False,0.65,0.0,0.85
A00392,corporate_non_operational,2298838.4561586557,8d-30d,False,True,False,1.0,0.5,0.0
A00393,corporate_operational,3578105.408782429,8d-30d,False,True,False,1.0,0.5,0.0
A00394,corporate_bonds,15641356.128572978,91d-1y,True,False,False,0.2,0.0,0.5
A00395,committed_facilities,3845362.587311989,31d-90d,False,False,True,1.0,0.0,0.0
A00396,retail_stable,6922203.393642568,overnight,False,True,False,1.0,0.95,0.0
A00397,retail_stable,1118618.3299098834,2d-7d,False,True,False,1.0,0.95,0.0
A00398,retail_less_stable,2372481.9498367864,>1y,False,True,False,1.0,0.9,0.0
A00399,committed_facilities,5427742.31572558,>1y,False,False,True,1.0,0.0,0.0
A00400,retail_less_stable,8362274.653298651,2d-7d,False,True,False,1.0,0.9,0.0
A00401,retail_stable,4110900.0538607035,31d-90d,False,True,False,1.0,0.95,0.0
A00402,wholesale_unsecured,1359386.9598665927,8d-30d,False,True,False,1.0,0.0,0.0
A00403,loans,758044.9248807417,31d-90d,True,False,False,0.65,0.0,0.85
A00404,loans,4579527.643072221,>1y,True,False,False,0.65,0.0,0.85
A00405,treasury_hqla,990208.2679989486,91d-1y,True,False,False,0.05,0.0,0.05
A00406,wholesale_unsecured,9426682.026535612,8d-30d,False,True,False,1.0,0.0,0.0
A00407,corporate_non_operational,12805417.66689412,>1y,False,True,False,1.0,0.5,0.0
A00408,retail_stable,1952223.8205112729,overnight,False,True,False,1.0,0.95,0.0
A00409,corporate_non_operational,1607041.5618857667,31d-90d,False,True,False,1.0,0.5,0.0
A00410,retail_less_stable,5224979.043158876,8d-30d,False,True,False,1.0,0.9,0.0
A00411,retail_less_stable,14221551.716060368,overnight,False,True,False,1.0,0.9,0.0
A00412,retail_stable,4916967.288407866,>1y,False,True,False,1.0,0.95,0.0
A00413,corporate_non_operational,26389695.208120644,2d-7d,False,True,False,1.0,0.5,0.0
A00414,retail_stable,4990854.013025885,>1y,False,True,False,1.0,0.95,0.0
A00415,treasury_hqla,5618697.310301933,>1y,True,False,False,0.05,0.0,0.05
A00416,equities,15031451.273521224,91d-1y,True,False,False,0.45,0.0,0.85
A00417,corporate_non_operational,2583098.165654525,>1y,False,True,False,1.0,0.5,0.0
A00418,wholesale_unsecured,1254561.434840366,overnight,False,True,False,1.0,0.0,0.0
A00419,corporate_non_operational,3555311.811291069,8d-30d,False,True,False,1.0,0.5,0.0
A00420,corporate_bonds,1017036.7737067492,91d-1y,True,False,False,0.2,0.0,0.5
A00421,wholesale_unsecured,17757119.767646145,8d-30d,False,True,False,1.0,0.0,0.0
A00422,retail_less_stable,1503644.6739465324,overnight,False,True,False,1.0,0.9,0.0
A00423,loans,5857755.383411771,91d-1y,True,False,False,0.65,0.0,0.85
A00424,loans,4298426.320388069,31d-90d,True,False,False,0.65,0.0,0.85
A00425,treasury_hqla,12211968.935326744,91d-1y,True,False,False,0.05,0.0,0.05
A00426,corporate_bonds,10688155.370809194,31d-90d,True,False,False,0.2,0.0,0.5
A00427,wholesale_unsecured,3010053.0879693367,91d-1y,False,True,False,1.0,0.0,0.0
A00428,loans,4216359.056964603,91d-1y,True,False,False,0.65,0.0,0.85
A00429,corporate_operational,1604084.3904809353,91d-1y,False,True,False,1.0,0.5,0.0
A00430,retail_stable,2352822.5579116,overnight,False,True,False,1.0,0.95,0.0
A00431,corporate_non_operational,725387.953934488,91d-1y,False,True,False,1.0,0.5,0.0
A00432,loans,1691220.6843540326,91d-1y,True,False,False,0.65,0.0,0.85
A00433,committed_facilities,2135706.822241755,91d-1y,False,False,True,1.0,0.0,0.0
A00434,loans,1067245.2824533286,31d-90d,True,False,False,0.65,0.0,0.85
A00435,treasury_hqla,1832261.3387697036,8d-30d,True,False,False,0.05,0.0,0.05
A00436,corporate_non_operational,6049434.061917985,>1y,False,True,False,1.0,0.5,0.0
A00437,retail_stable,2678887.6015970027,91d-1y,False,True,False,1.0,0.95,0.0
A00438,retail_less_stable,1208730.6189921384,overnight,False,True,False,1.0,0.9,0.0
A00439,treasury_hqla,1422391.5134454123,31d-90d,True,False,False,0.05,0.0,0.05
A00440,committed_facilities,676423.3257777983,8d-30d,False,False,True,1.0,0.0,0.0
A00441,retail_stable,326218.50983499165,91d-1y,False,True,False,1.0,0.95,0.0
A00442,treasury_hqla,2356294.8364084177,>1y,True,False,False,0.05,0.0,0.05
A00443,loans,542277.3024374134,8d-30d,True,False,False,0.65,0.0,0.85
A00444,retail_stable,5277014.444011485,>1y,False,True,False,1.0,0.95,0.0
A00445,wholesale_unsecured,3036132.4199870047,31d-90d,False,True,False,1.0,0.0,0.0
A00446,equities,14215184.367096724,8d-30d,True,False,False,0.45,0.0,0.85
A00447,retail_less_stable,750147.4791427929,overnight,False,True,False,1.0,0.9,0.0
A00448,corporate_non_operational,2753365.8241183627,overnight,False,True,False,1.0,0.5,0.0
A00449,corporate_non_operational,5435985.624562674,2d-7d,False,True,False,1.0,0.5,0.0
A00450,wholesale_unsecured,2890312.857182552,overnight,False,True,False,1.0,0.0,0.0
A00451,retail_stable,2189661.430148507,overnight,False,True,False,1.0,0.95,0.0
A00452,treasury_hqla,5554678.750138287,>1y,True,False,False,0.05,0.0,0.05
A00453,loans,1658209.206695752,91d-1y,True,False,False,0.65,0.0,0.85
A00454,corporate_bonds,10218458.048231864,91d-1y,True,False,False,0.2,0.0,0.5
A00455,loans,12760135.70370335,8d-30d,True,False,False,0.65,0.0,0.85
A00456,retail_stable,1591033.3391738762,31d-90d,False,True,False,1.0,0.95,0.0
A00457,retail_less_stable,1210273.1041619906,>1y,False,True,False,1.0,0.9,0.0
A00458,retail_less_stable,5476690.879451352,8d-30d,False,True,False,1.0,0.9,0.0
A00459,corporate_bonds,3719799.619786355,>1y,True,False,False,0.2,0.0,0.5
A00460,retail_less_stable,816226.7323371455,2d-7d,False,True,False,1.0,0.9,0.0
A00461,retail_stable,440770.32912979054,31d-90d,False,True,False,1.0,0.95,0.0
A00462,loans,6511163.831793093,2d-7d,True,False,False,0.65,0.0,0.85
A00463,loans,1990839.848047417,>1y,True,False,False,0.65,0.0,0.85
A00464,retail_stable,1677361.3836183187,8d-30d,False,True,False,1.0,0.95,0.0
A00465,retail_less_stable,1073427.6724113277,2d-7d,False,True,False,1.0,0.9,0.0
A00466,corporate_operational,2873763.718908532,8d-30d,False,True,False,1.0,0.5,0.0
A00467,treasury_hqla,5138993.125986263,91d-1y,True,False,False,0.05,0.0,0.05
A00468,corporate_non_operational,3002287.064873282,31d-90d,False,True,False,1.0,0.5,0.0
A00469,loans,23251266.595229313,>1y,True,False,False,0.65,0.0,0.85
A00470,loans,2619996.8868062617,8d-30d,True,False,False,0.65,0.0,0.85
A00471,retail_stable,308542.74431466294,8d-30d,False,True,False,1.0,0.95,0.0
A00472,retail_stable,4262746.73773086,8d-30d,False,True,False,1.0,0.95,0.0
A00473,corporate_bonds,21408265.630083043,overnight,True,False,False,0.2,0.0,0.5
A00474,loans,2379452.2550252946,31d-90d,True,False,False,0.65,0.0,0.85
A00475,retail_stable,855966.3052102145,overnight,False,True,False,1.0,0.95,0.0
A00476,retail_stable,2627996.460798107,overnight,False,True,False,1.0,0.95,0.0
A00477,retail_less_stable,1763767.959740791,31d-90d,False,True,False,1.0,0.9,0.0
A00478,retail_stable,5282246.105629163,8d-30d,False,True,False,1.0,0.95,0.0
A00479,retail_stable,14472219.147058401,>1y,False,True,False,1.0,0.95,0.0
A00480,equities,507015.10969675734,8d-30d,True,False,False,0.45,0.0,0.85
A00481,retail_less_stable,5990035.728291952,2d-7d,False,True,False,1.0,0.9,0.0
A00482,committed_facilities,3408715.5075476673,91d-1y,False,False,True,1.0,0.0,0.0
A00483,retail_stable,7563563.952227708,overnight,False,True,False,1.0,0.95,0.0
A00484,corporate_operational,2891270.599886331,>1y,False,True,False,1.0,0.5,0.0
A00485,corporate_operational,6293821.044315711,2d-7d,False,True,False,1.0,0.5,0.0
A00486,retail_stable,2553896.258081109,overnight,False,True,False,1.0,0.95,0.0
A00487,retail_stable,863941.5704726034,overnight,False,True,False,1.0,0.95,0.0
A00488,treasury_hqla,11711935.512254613,31d-90d,True,False,False,0.05,0.0,0.05
A00489,treasury_hqla,759832.8150591668,overnight,True,False,False,0.05,0.0,0.05
A00490,loans,14693228.789626386,91d-1y,True,False,False,0.65,0.0,0.85
A00491,loans,967780.6374459921,>1y,True,False,False,0.65,0.0,0.85
A00492,corporate_bonds,10088016.312921092,91d-1y,True,False,False,0.2,0.0,0.5
A00493,loans,13477145.660555365,91d-1y,True,False,False,0.65,0.0,0.85
A00494,corporate_operational,4177851.7053380944,2d-7d,False,True,False,1.0,0.5,0.0
A00495,corporate_bonds,769458.6031769931,>1y,True,False,False,0.2,0.0,0.5
A00496,treasury_hqla,7754368.143201126,>1y,True,False,False,0.05,0.0,0.05
A00497,retail_stable,6220905.24404148,2d-7d,False,True,False,1.0,0.95,0.0
A00498,loans,4162050.817221115,8d-30d,True,False,False,0.65,0.0,0.85
A00499,treasury_hqla,3878166.1528202975,8d-30d,True,False,False,0.05,0.0,0.05
A00500,corporate_non_operational,10152169.932805426,2d-7d,False,True,False,1.0,0.5,0.0
A00501,loans,5588872.377458403,91d-1y,True,False,False,0.65,0.0,0.85
A00502,retail_stable,5981831.874394714,31d-90d,False,True,False,1.0,0.95,0.0
A00503,retail_stable,1391258.7249065838,8d-30d,False,True,False,1.0,0.95,0.0
A00504,retail_less_stable,3361671.700543635,overnight,False,True,False,1.0,0.9,0.0
A00505,committed_facilities,2462917.816517587,8d-30d,False,False,True,1.0,0.0,0.0
A00506,corporate_operational,3692575.432424448,overnight,False,True,False,1.0,0.5,0.0
A00507,corporate_non_operational,967144.7886906391,overnight,False,True,False,1.0,0.5,0.0
A00508,treasury_hqla,2551687.5211562063,31d-90d,True,False,False,0.05,0.0,0.05
A00509,retail_stable,3083490.9891524534,>1y,False,True,False,1.0,0.95,0.0
A00510,retail_less_stable,1168314.1344760763,>1y,False,True,False,1.0,0.9,0.0
A00511,corporate_non_operational,2513234.1818505246,overnight,False,True,False,1.0,0.5,0.0
A00512,wholesale_unsecured,395178.3416688989,31d-90d,False,True,False,1.0,0.0,0.0
A00513,loans,989869.9743878609,overnight,True,False,False,0.65,0.0,0.85
A00514,retail_less_stable,6914652.8489399105,31d-90d,False,True,False,1.0,0.9,0.0
A00515,treasury_hqla,1074920.3138680262,>1y,True,False,False,0.05,0.0,0.05
A00516,retail_less_stable,10933934.607885078,31d-90d,False,True,False,1.0,0.9,0.0
A00517,retail_less_stable,2405591.55531763,8d-30d,False,True,False,1.0,0.9,0.0
A00518,retail_stable,2307421.172298381,8d-30d,False,True,False,1.0,0.95,0.0
A00519,committed_facilities,1604346.394181027,31d-90d,False,False,True,1.0,0.0,0.0
A00520,corporate_operational,6882517.642065544,overnight,False,True,False,1.0,0.5,0.0
A00521,corporate_operational,2123111.7834421224,overnight,False,True,False,1.0,0.5,0.0
A00522,retail_stable,14274342.616312679,2d-7d,False,True,False,1.0,0.95,0.0
A00523,loans,1084904.2215524972,>1y,True,False,False,0.65,0.0,0.85
A00524,loans,5490708.49521211,>1y,True,False,False,0.65,0.0,0.85
A00525,corporate_bonds,41294265.11981054,31d-90d,True,False,False,0.2,0.0,0.5
A00526,retail_stable,3790919.0438455865,91d-1y,False,True,False,1.0,0.95,0.0
A00527,retail_stable,4841927.905838446,8d-30d,False,True,False,1.0,0.95,0.0
A00528,corporate_bonds,2975368.409157362,91d-1y,True,False,False,0.2,0.0,0.5
A00529,corporate_operational,4129104.033946079,31d-90d,False,True,False,1.0,0.5,0.0
A00530,committed_facilities,984441.6426731683,91d-1y,False,False,True,1.0,0.0,0.0
A00531,treasury_hqla,1711793.6858364535,31d-90d,True,False,False,0.05,0.0,0.05
A00532,treasury_hqla,1607693.2587574092,31d-90d,True,False,False,0.05,0.0,0.05
A00533,treasury_hqla,1906567.117858629,8d-30d,True,False,False,0.05,0.0,0.05
A00534,retail_less_stable,1618100.60237349,>1y,False,True,False,1.0,0.9,0.0
A00535,retail_less_stable,1816439.77943676,8d-30d,False,True,False,1.0,0.9,0.0
A00536,committed_facilities,1029479.3108488094,91d-1y,False,False,True,1.0,0.0,0.0
A00537,corporate_non_operational,958494.8108090601,overnight,False,True,False,1.0,0.5,0.0
A00538,retail_stable,1158464.9244342537,overnight,False,True,False,1.0,0.95,0.0
A00539,loans,1915990.2064925702,91d-1y,True,False,False,0.65,0.0,0.85
A00540,corporate_non_operational,10345676.417612754,overnight,False,True,False,1.0,0.5,0.0
A00541,treasury_hqla,452152.4303595866,>1y,True,False,False,0.05,0.0,0.05
A00542,corporate_operational,4118126.592167406,2d-7d,False,True,False,1.0,0.5,0.0
A00543,retail_stable,1800681.8072058093,overnight,False,True,False,1.0,0.95,0.0
A00544,corporate_bonds,4367762.040812913,8d-30d,True,False,False,0.2,0.0,0.5
A00545,treasury_hqla,2077025.5947971928,>1y,True,False,False,0.05,0.0,0.05
A00546,corporate_bonds,25923433.581312664,>1y,True,False,False,0.2,0.0,0.5
A00547,retail_stable,4793517.922231376,>1y,False,True,False,1.0,0.95,0.0
A00548,corporate_operational,2117666.3900121013,8d-30d,False,True,False,1.0,0.5,0.0
A00549,wholesale_unsecured,3521906.4253127906,overnight,False,True,False,1.0,0.0,0.0
A00550,retail_less_stable,2900927.134843329,91d-1y,False,True,False,1.0,0.9,0.0
A00551,retail_stable,311710.5794530606,overnight,False,True,False,1.0,0.95,0.0
A00552,corporate_bonds,877934.7559962113,2d-7d,True,False,False,0.2,0.0,0.5
A00553,retail_less_stable,1645997.7289541413,8d-30d,False,True,False,1.0,0.9,0.0
A00554,retail_stable,8483315.589355625,overnight,False,True,False,1.0,0.95,0.0
A00555,corporate_non_operational,714958.3773761935,overnight,False,True,False,1.0,0.5,0.0
A00556,retail_stable,14237518.282165006,2d-7d,False,True,False,1.0,0.95,0.0
A00557,corporate_non_operational,4423858.912054206,8d-30d,False,True,False,1.0,0.5,0.0
A00558,retail_stable,5561565.429859613,overnight,False,True,False,1.0,0.95,0.0
A00559,retail_less_stable,949693.891943109,8d-30d,False,True,False,1.0,0.9,0.0
A00560,corporate_operational,3204512.1012694556,2d-7d,False,True,False,1.0,0.5,0.0
A00561,retail_less_stable,1013221.7725158678,overnight,False,True,False,1.0,0.9,0.0
A00562,treasury_hqla,2871728.8631953374,31d-90d,True,False,False,0.05,0.0,0.05
A00563,corporate_operational,2973497.361732891,8d-30d,False,True,False,1.0,0.5,0.0
A00564,retail_less_stable,26853935.16803987,overnight,False,True,False,1.0,0.9,0.0
A00565,equities,1474886.8658847967,91d-1y,True,False,False,0.45,0.0,0.85
A00566,treasury_hqla,2878835.1497988757,overnight,True,False,False,0.05,0.0,0.05
A00567,retail_less_stable,5154062.345761711,overnight,False,True,False,1.0,0.9,0.0
A00568,retail_stable,4316025.681309765,overnight,False,True,False,1.0,0.95,0.0
A00569,corporate_operational,9810121.728171688,overnight,False,True,False,1.0,0.5,0.0
A00570,treasury_hqla,418263.044035238,overnight,True,False,False,0.05,0.0,0.05
A00571,retail_stable,1431608.4708700064,8d-30d,False,True,False,1.0,0.95,0.0
A00572,retail_stable,3222641.228730296,overnight,False,True,False,1.0,0.95,0.0
A00573,treasury_hqla,4048011.594752212,>1y,True,False,False,0.05,0.0,0.05
A00574,retail_stable,4804344.577209604,overnight,False,True,False,1.0,0.95,0.0
A00575,retail_less_stable,17514160.829263337,8d-30d,False,True,False,1.0,0.9,0.0
A00576,retail_less_stable,18570513.476568192,overnight,False,True,False,1.0,0.9,0.0
A00577,loans,1640489.3614180502,8d-30d,True,False,False,0.65,0.0,0.85
A00578,loans,10126143.945631418,8d-30d,True,False,False,0.65,0.0,0.85
A00579,treasury_hqla,19124770.68441484,8d-30d,True,False,False,0.05,0.0,0.05
A00580,loans,1920371.670029099,31d-90d,True,False,False,0.65,0.0,0.85
A00581,retail_stable,4497988.058617683,overnight,False,True,False,1.0,0.95,0.0
A00582,loans,9308514.075066756,>1y,True,False,False,0.65,0.0,0.85
A00583,loans,2340388.9209255865,91d-1y,True,False,False,0.65,0.0,0.85
A00584,loans,5022020.210550599,>1y,True,False,False,0.65,0.0,0.85
A00585,corporate_bonds,1351998.2936341586,2d-7d,True,False,False,0.2,0.0,0.5
A00586,retail_stable,7023156.499297944,2d-7d,False,True,False,1.0,0.95,0.0
A00587,corporate_non_operational,12338134.509512201,>1y,False,True,False,1.0,0.5,0.0
A00588,corporate_bonds,6329149.018746828,>1y,True,False,False,0.2,0.0,0.5
A00589,corporate_operational,6932708.335823872,91d-1y,False,True,False,1.0,0.5,0.0
A00590,loans,19086999.028037876,91d-1y,True,False,False,0.65,0.0,0.85
A00591,corporate_non_operational,1788127.314087851,overnight,False,True,False,1.0,0.5,0.0
A00592,committed_facilities,4051428.5093330564,91d-1y,False,False,True,1.0,0.0,0.0
A00593,loans,1751739.799646284,>1y,True,False,False,0.65,0.0,0.85
A00594,corporate_operational,3199664.853114743,overnight,False,True,False,1.0,0.5,0.0
A00595,treasury_hqla,12206004.761993688,31d-90d,True,False,False,0.05,0.0,0.05
A00596,retail_stable,2263295.5133941122,overnight,False,True,False,1.0,0.95,0.0
A00597,loans,2171972.28618538,31d-90d,True,False,False,0.65,0.0,0.85
A00598,retail_stable,538243.1183903997,8d-30d,False,True,False,1.0,0.95,0.0
A00599,committed_facilities,3136866.3269584496,91d-1y,False,False,True,1.0,0.0,0.0
A00600,retail_less_stable,1384413.9079604605,8d-30d,False,True,False,1.0,0.9,0.0
A00601,corporate_bonds,22041547.12290898,31d-90d,True,False,False,0.2,0.0,0.5
A00602,corporate_operational,732598.7854927389,>1y,False,True,False,1.0,0.5,0.0
A00603,retail_stable,2565856.1076501636,2d-7d,False,True,False,1.0,0.95,0.0
A00604,loans,5799505.6924639065,31d-90d,True,False,False,0.65,0.0,0.85
A00605,equities,6876157.517978227,2d-7d,True,False,False,0.45,0.0,0.85
A00606,treasury_hqla,10937732.067626953,2d-7d,True,False,False,0.05,0.0,0.05
A00607,treasury_hqla,1151443.846093956,91d-1y,True,False,False,0.05,0.0,0.05
A00608,retail_less_stable,1425178.3731475521,8d-30d,False,True,False,1.0,0.9,0.0
A00609,corporate_non_operational,3081676.581892898,91d-1y,False,True,False,1.0,0.5,0.0
A00610,equities,2824394.209739198,31d-90d,True,False,False,0.45,0.0,0.85
A00611,retail_stable,11267847.822332596,overnight,False,True,False,1.0,0.95,0.0
A00612,treasury_hqla,1846145.2180093536,>1y,True,False,False,0.05,0.0,0.05
A00613,retail_stable,2550493.6212891643,91d-1y,False,True,False,1.0,0.95,0.0
A00614,retail_less_stable,3523597.0628550583,31d-90d,False,True,False,1.0,0.9,0.0
A00615,equities,2625372.2332356274,91d-1y,True,False,False,0.45,0.0,0.85
A00616,committed_facilities,1050847.2142625113,2d-7d,False,False,True,1.0,0.0,0.0
A00617,loans,356236.26989615464,91d-1y,True,False,False,0.65,0.0,0.85
A00618,retail_stable,3381712.3886050726,2d-7d,False,True,False,1.0,0.95,0.0
A00619,loans,5730805.751983845,overnight,True,False,False,0.65,0.0,0.85
A00620,retail_stable,1181349.6692915612,overnight,False,True,False,1.0,0.95,0.0
A00621,retail_stable,485281.5544227556,overnight,False,True,False,1.0,0.95,0.0
A00622,corporate_operational,9678192.411254939,8d-30d,False,True,False,1.0,0.5,0.0
A00623,treasury_hqla,380425.68569615204,>1y,True,False,False,0.05,0.0,0.05
A00624,equities,1111457.1004538294,31d-90d,True,False,False,0.45,0.0,0.85
A00625,wholesale_unsecured,3294756.615300144,8d-30d,False,True,False,1.0,0.0,0.0
A00626,corporate_bonds,1497122.2459779065,8d-30d,True,False,False,0.2,0.0,0.5
A00627,corporate_non_operational,1269629.707711364,8d-30d,False,True,False,1.0,0.5,0.0
A00628,retail_less_stable,11481682.958536834,overnight,False,True,False,1.0,0.9,0.0
A00629,retail_stable,14303798.384779429,overnight,False,True,False,1.0,0.95,0.0
A00630,retail_less_stable,4288952.994914083,8d-30d,False,True,False,1.0,0.9,0.0
A00631,corporate_bonds,1945219.732237287,91d-1y,True,False,False,0.2,0.0,0.5
A00632,loans,19038102.072717275,>1y,True,False,False,0.65,0.0,0.85
A00633,retail_stable,2540679.8986627725,2d-7d,False,True,False,1.0,0.95,0.0
A00634,retail_less_stable,7468294.700295677,>1y,False,True,False,1.0,0.9,0.0
A00635,corporate_operational,11689942.741480425,91d-1y,False,True,False,1.0,0.5,0.0
A00636,retail_stable,2501762.934103462,8d-30d,False,True,False,1.0,0.95,0.0
A00637,loans,906448.0805420858,2d-7d,True,False,False,0.65,0.0,0.85
A00638,treasury_hqla,2305865.12039819,91d-1y,True,False,False,0.05,0.0,0.05
A00639,committed_facilities,4477925.780838023,8d-30d,False,False,True,1.0,0.0,0.0
A00640,retail_less_stable,12668345.6336081,2d-7d,False,True,False,1.0,0.9,0.0
A00641,retail_stable,720590.4065391095,overnight,False,True,False,1.0,0.95,0.0
A00642,loans,2232676.612798024,8d-30d,True,False,False,0.65,0.0,0.85
A00643,wholesale_unsecured,17407630.04738918,91d-1y,False,True,False,1.0,0.0,0.0
A00644,corporate_operational,4294264.363556965,8d-30d,False,True,False,1.0,0.5,0.0
A00645,retail_less_stable,828924.5515721946,overnight,False,True,False,1.0,0.9,0.0
A00646,retail_less_stable,8725356.420906128,8d-30d,False,True,False,1.0,0.9,0.0
A00647,retail_stable,13484602.655623894,91d-1y,False,True,False,1.0,0.95,0.0
A00648,corporate_non_operational,4646942.414909653,overnight,False,True,False,1.0,0.5,0.0
A00649,corporate_non_operational,1641000.9703527575,31d-90d,False,True,False,1.0,0.5,0.0
A00650,corporate_operational,3763417.192443605,overnight,False,True,False,1.0,0.5,0.0
A00651,loans,1465450.169101697,8d-30d,True,False,False,0.65,0.0,0.85
A00652,retail_stable,9281755.214168096,overnight,False,True,False,1.0,0.95,0.0
A00653,loans,2928630.1758126304,8d-30d,True,False,False,0.65,0.0,0.85
A00654,loans,546443.8605147211,91d-1y,True,False,False,0.65,0.0,0.85
A00655,retail_stable,448375.62606986676,2d-7d,False,True,False,1.0,0.95,0.0
A00656,retail_less_stable,1177521.8979731037,overnight,False,True,False,1.0,0.9,0.0
A00657,retail_less_stable,5832170.078947078,8d-30d,False,True,False,1.0,0.9,0.0
A00658,corporate_operational,3184639.177127553,overnight,False,True,False,1.0,0.5,0.0
A00659,committed_facilities,5252874.958327701,8d-30d,False,False,True,1.0,0.0,0.0
A00660,loans,7119960.880425882,>1y,True,False,False,0.65,0.0,0.85
A00661,equities,6049103.136618888,>1y,True,False,False,0.45,0.0,0.85
A00662,treasury_hqla,3021547.648433189,31d-90d,True,False,False,0.05,0.0,0.05
A00663,retail_stable,2031995.905441332,31d-90d,False,True,False,1.0,0.95,0.0
A00664,retail_stable,6331578.263967063,overnight,False,True,False,1.0,0.95,0.0
A00665,loans,1037399.6716348189,31d-90d,True,False,False,0.65,0.0,0.85
A00666,retail_stable,4275780.578595846,>1y,False,True,False,1.0,0.95,0.0
A00667,retail_less_stable,1809317.56418907,31d-90d,False,True,False,1.0,0.9,0.0
A00668,loans,2376601.147813959,overnight,True,False,False,0.65,0.0,0.85
A00669,loans,15826440.71901488,2d-7d,True,False,False,0.65,0.0,0.85
A00670,wholesale_unsecured,6409179.668136685,2d-7d,False,True,False,1.0,0.0,0.0
A00671,loans,740138.8905253833,91d-1y,True,False,False,0.65,0.0,0.85
A00672,wholesale_unsecured,5625050.508796044,overnight,False,True,False,1.0,0.0,0.0
A00673,retail_less_stable,3247221.6715818592,overnight,False,True,False,1.0,0.9,0.0
A00674,corporate_bonds,3016986.4593010717,8d-30d,True,False,False,0.2,0.0,0.5
A00675,loans,1294670.8469678445,8d-30d,True,False,False,0.65,0.0,0.85
A00676,committed_facilities,3037832.3299353854,8d-30d,False,False,True,1.0,0.0,0.0
A00677,committed_facilities,24476297.472065076,>1y,False,False,True,1.0,0.0,0.0
A00678,retail_stable,1129889.889982152,>1y,False,True,False,1.0,0.95,0.0
A00679,retail_stable,2380474.1127023003,overnight,False,True,False,1.0,0.95,0.0
A00680,loans,6086878.58803708,>1y,True,False,False,0.65,0.0,0.85
A00681,retail_less_stable,2769229.8921563867,overnight,False,True,False,1.0,0.9,0.0
A00682,retail_less_stable,3529967.2514388994,>1y,False,True,False,1.0,0.9,0.0
A00683,equities,4574954.847162586,8d-30d,True,False,False,0.45,0.0,0.85
A00684,wholesale_unsecured,892786.4880306653,2d-7d,False,True,False,1.0,0.0,0.0
A00685,retail_stable,489551.474457823,2d-7d,False,True,False,1.0,0.95,0.0
A00686,treasury_hqla,1552572.4514612674,>1y,True,False,False,0.05,0.0,0.05
A00687,retail_less_stable,1313087.409212419,8d-30d,False,True,False,1.0,0.9,0.0
A00688,treasury_hqla,8222183.340124313,31d-90d,True,False,False,0.05,0.0,0.05
A00689,corporate_non_operational,5565650.95361176,overnight,False,True,False,1.0,0.5,0.0
A00690,retail_stable,1003813.3309094695,overnight,False,True,False,1.0,0.95,0.0
A00691,retail_less_stable,2885426.738560412,overnight,False,True,False,1.0,0.9,0.0
A00692,corporate_non_operational,18145824.00418831,2d-7d,False,True,False,1.0,0.5,0.0
A00693,treasury_hqla,1952100.6212988137,31d-90d,True,False,False,0.05,0.0,0.05
A00694,retail_less_stable,3740503.428182104,overnight,False,True,False,1.0,0.9,0.0
A00695,loans,15843254.194850774,>1y,True,False,False,0.65,0.0,0.85
A00696,retail_less_stable,989772.187088027,8d-30d,False,True,False,1.0,0.9,0.0
A00697,equities,4488580.257425533,31d-90d,True,False,False,0.45,0.0,0.85
A00698,corporate_non_operational,22096458.021178,overnight,False,True,False,1.0,0.5,0.0
A00699,corporate_operational,2231113.9472628427,31d-90d,False,True,False,1.0,0.5,0.0
A00700,corporate_non_operational,3011373.253623596,overnight,False,True,False,1.0,0.5,0.0
A00701,retail_stable,6735101.9018840715,31d-90d,False,True,False,1.0,0.95,0.0
A00702,retail_stable,2637156.6352548283,8d-30d,False,True,False,1.0,0.95,0.0
A00703,retail_stable,4841244.198138463,31d-90d,False,True,False,1.0,0.95,0.0
A00704,wholesale_unsecured,2571786.2445352813,overnight,False,True,False,1.0,0.0,0.0
A00705,retail_less_stable,1362374.7750505218,overnight,False,True,False,1.0,0.9,0.0
A00706,retail_stable,7912745.558313619,8d-30d,False,True,False,1.0,0.95,0.0
A00707,loans,2313172.1951950244,>1y,True,False,False,0.65,0.0,0.85
A00708,committed_facilities,15046435.26619827,91d-1y,False,False,True,1.0,0.0,0.0
A00709,wholesale_unsecured,3856740.558606882,31d-90d,False,True,False,1.0,0.0,0.0
A00710,corporate_bonds,1198276.8512099467,91d-1y,True,False,False,0.2,0.0,0.5
A00711,committed_facilities,1015990.7118261924,2d-7d,False,False,True,1.0,0.0,0.0
A00712,committed_facilities,3777092.481246653,91d-1y,False,False,True,1.0,0.0,0.0
A00713,wholesale_unsecured,439036.275596813,overnight,False,True,False,1.0,0.0,0.0
A00714,loans,1159809.1010286268,8d-30d,True,False,False,0.65,0.0,0.85
A00715,retail_stable,1166755.3534491542,8d-30d,False,True,False,1.0,0.95,0.0
A00716,equities,11100946.520421635,>1y,True,False,False,0.45,0.0,0.85
A00717,wholesale_unsecured,3407903.522117872,overnight,False,True,False,1.0,0.0,0.0
A00718,corporate_operational,10504766.381512377,2d-7d,False,True,False,1.0,0.5,0.0
A00719,corporate_bonds,2324733.638106221,overnight,True,False,False,0.2,0.0,0.5
A00720,retail_less_stable,3572158.801280438,8d-30d,False,True,False,1.0,0.9,0.0
A00721,treasury_hqla,2174128.1421590154,>1y,True,False,False,0.05,0.0,0.05
A00722,treasury_hqla,2614012.7260359195,31d-90d,True,False,False,0.05,0.0,0.05
A00723,committed_facilities,4040551.221293808,overnight,False,False,True,1.0,0.0,0.0
A00724,retail_stable,1068822.0376264038,8d-30d,False,True,False,1.0,0.95,0.0
A00725,committed_facilities,2607030.3429718716,31d-90d,False,False,True,1.0,0.0,0.0
A00726,retail_stable,4314791.537461251,overnight,False,True,False,1.0,0.95,0.0
A00727,retail_stable,2837007.8787488416,31d-90d,False,True,False,1.0,0.95,0.0
A00728,retail_less_stable,13532340.732908703,overnight,False,True,False,1.0,0.9,0.0
A00729,committed_facilities,2763149.968456486,8d-30d,False,False,True,1.0,0.0,0.0
A00730,retail_stable,905931.1371181887,overnight,False,True,False,1.0,0.95,0.0
A00731,corporate_bonds,4386805.014992253,91d-1y,True,False,False,0.2,0.0,0.5
A00732,retail_stable,1638770.7860513106,8d-30d,False,True,False,1.0,0.95,0.0
A00733,corporate_bonds,270348.00616404926,91d-1y,True,False,False,0.2,0.0,0.5
A00734,equities,948728.1882536532,91d-1y,True,False,False,0.45,0.0,0.85
A00735,retail_less_stable,4293961.093860326,8d-30d,False,True,False,1.0,0.9,0.0
A00736,retail_stable,5692388.564048936,overnight,False,True,False,1.0,0.95,0.0
A00737,retail_less_stable,3261908.2948972574,overnight,False,True,False,1.0,0.9,0.0
A00738,retail_less_stable,5347335.7096088035,overnight,False,True,False,1.0,0.9,0.0
A00739,retail_stable,2302185.9079075973,91d-1y,False,True,False,1.0,0.95,0.0
A00740,committed_facilities,2463473.823353776,31d-90d,False,False,True,1.0,0.0,0.0
A00741,corporate_bonds,1965877.3896460712,8d-30d,True,False,False,0.2,0.0,0.5
A00742,loans,2350642.8547873134,8d-30d,True,False,False,0.65,0.0,0.85
A00743,retail_stable,4877257.560951108,2d-7d,False,True,False,1.0,0.95,0.0
A00744,treasury_hqla,1663988.3059391729,91d-1y,True,False,False,0.05,0.0,0.05
A00745,loans,13442072.948361725,>1y,True,False,False,0.65,0.0,0.85
A00746,corporate_operational,1461008.2779182838,overnight,False,True,False,1.0,0.5,0.0
A00747,corporate_operational,7761153.992248118,overnight,False,True,False,1.0,0.5,0.0
A00748,loans,2198406.0226371195,>1y,True,False,False,0.65,0.0,0.85
A00749,corporate_bonds,4692912.085267707,91d-1y,True,False,False,0.2,0.0,0.5
A00750,corporate_operational,1229377.210928285,overnight,False,True,False,1.0,0.5,0.0
A00751,treasury_hqla,4176739.484568036,91d-1y,True,False,False,0.05,0.0,0.05
A00752,loans,2980063.5696965903,>1y,True,False,False,0.65,0.0,0.85
A00753,retail_stable,2628887.041895586,overnight,False,True,False,1.0,0.95,0.0
A00754,retail_stable,3886489.8035725495,>1y,False,True,False,1.0,0.95,0.0
A00755,wholesale_unsecured,5729841.754705584,8d-30d,False,True,False,1.0,0.0,0.0
A00756,loans,4048510.7136829705,>1y,True,False,False,0.65,0.0,0.85
A00757,retail_stable,2464608.791671873,2d-7d,False,True,False,1.0,0.95,0.0
A00758,corporate_bonds,4276179.718312628,8d-30d,True,False,False,0.2,0.0,0.5
A00759,treasury_hqla,4251844.022097778,31d-90d,True,False,False,0.05,0.0,0.05
A00760,committed_facilities,2018665.6339418744,31d-90d,False,False,True,1.0,0.0,0.0
A00761,retail_less_stable,2612391.3427432156,31d-90d,False,True,False,1.0,0.9,0.0
A00762,corporate_non_operational,977562.8837456906,31d-90d,False,True,False,1.0,0.5,0.0
A00763,committed_facilities,1076427.275099681,91d-1y,False,False,True,1.0,0.0,0.0
A00764,committed_facilities,18094355.077308692,>1y,False,False,True,1.0,0.0,0.0
A00765,corporate_bonds,3554522.9894141206,>1y,True,False,False,0.2,0.0,0.5
A00766,loans,13241791.886114413,>1y,True,False,False,0.65,0.0,0.85
A00767,loans,2496902.489577107,91d-1y,True,False,False,0.65,0.0,0.85
A00768,corporate_operational,6528656.282501695,overnight,False,True,False,1.0,0.5,0.0
A00769,corporate_operational,2708032.057103657,8d-30d,False,True,False,1.0,0.5,0.0
A00770,retail_less_stable,8320726.1918758005,8d-30d,False,True,False,1.0,0.9,0.0
A00771,committed_facilities,5524717.187931769,91d-1y,False,False,True,1.0,0.0,0.0
A00772,retail_stable,3154289.144968671,2d-7d,False,True,False,1.0,0.95,0.0
A00773,wholesale_unsecured,20774795.786754463,>1y,False,True,False,1.0,0.0,0.0
A00774,corporate_operational,3065455.9233983536,91d-1y,False,True,False,1.0,0.5,0.0
A00775,retail_less_stable,2704742.522051888,2d-7d,False,True,False,1.0,0.9,0.0
A00776,corporate_bonds,1154195.3113369343,>1y,True,False,False,0.2,0.0,0.5
A00777,retail_less_stable,3386760.9389804928,overnight,False,True,False,1.0,0.9,0.0
A00778,retail_stable,1047000.8420010667,>1y,False,True,False,1.0,0.95,0.0
A00779,retail_stable,7500093.68122326,overnight,False,True,False,1.0,0.95,0.0
A00780,committed_facilities,1591688.2671938257,91d-1y,False,False,True,1.0,0.0,0.0
A00781,retail_less_stable,1117730.0391012426,overnight,False,True,False,1.0,0.9,0.0
A00782,loans,4075737.8221417423,31d-90d,True,False,False,0.65,0.0,0.85
A00783,loans,24766889.62843733,31d-90d,True,False,False,0.65,0.0,0.85
A00784,treasury_hqla,3646046.811235168,>1y,True,False,False,0.05,0.0,0.05
A00785,corporate_bonds,28178679.45357758,2d-7d,True,False,False,0.2,0.0,0.5
A00786,treasury_hqla,6863042.942894876,>1y,True,False,False,0.05,0.0,0.05
A00787,treasury_hqla,2184757.4136780836,>1y,True,False,False,0.05,0.0,0.05
A00788,corporate_non_operational,4503390.276438803,31d-90d,False,True,False,1.0,0.5,0.0
A00789,treasury_hqla,6690243.7663294505,>1y,True,False,False,0.05,0.0,0.05
A00790,retail_stable,228226.35350755093,overnight,False,True,False,1.0,0.95,0.0
A00791,treasury_hqla,12375075.930859668,8d-30d,True,False,False,0.05,0.0,0.05
A00792,corporate_bonds,852467.458280988,>1y,True,False,False,0.2,0.0,0.5
A00793,retail_less_stable,375574.9684685661,8d-30d,False,True,False,1.0,0.9,0.0
A00794,loans,980219.0661314123,31d-90d,True,False,False,0.65,0.0,0.85
A00795,retail_stable,811292.1116723191,31d-90d,False,True,False,1.0,0.95,0.0
A00796,corporate_non_operational,2888341.0842627482,overnight,False,True,False,1.0,0.5,0.0
A00797,loans,4747151.599334245,91d-1y,True,False,False,0.65,0.0,0.85
A00798,loans,7088923.353942349,91d-1y,True,False,False,0.65,0.0,0.85
A00799,retail_stable,17469632.553584468,2d-7d,False,True,False,1.0,0.95,0.0
A00800,loans,7554166.320406789,91d-1y,True,False,False,0.65,0.0,0.85
A00801,retail_less_stable,6631981.791029772,overnight,False,True,False,1.0,0.9,0.0
A00802,committed_facilities,104426.2758074259,>1y,False,False,True,1.0,0.0,0.0
A00803,equities,32758234.901371676,8d-30d,True,False,False,0.45,0.0,0.85
A00804,corporate_bonds,6625548.273882933,91d-1y,True,False,False,0.2,0.0,0.5
A00805,loans,615813.6951238795,8d-30d,True,False,False,0.65,0.0,0.85
A00806,retail_stable,1707450.9341780976,overnight,False,True,False,1.0,0.95,0.0
A00807,equities,5830049.762310657,31d-90d,True,False,False,0.45,0.0,0.85
A00808,loans,9468735.47012844,31d-90d,True,False,False,0.65,0.0,0.85
A00809,retail_stable,1577371.706569659,8d-30d,False,True,False,1.0,0.95,0.0
A00810,retail_less_stable,6194314.115577793,overnight,False,True,False,1.0,0.9,0.0
A00811,corporate_operational,2450425.0187229766,overnight,False,True,False,1.0,0.5,0.0
A00812,loans,1004285.7051254031,>1y,True,False,False,0.65,0.0,0.85
A00813,treasury_hqla,2214284.389297407,>1y,True,False,False,0.05,0.0,0.05
A00814,retail_stable,2552310.866272143,>1y,False,True,False,1.0,0.95,0.0
A00815,retail_stable,3380987.4972178047,91d-1y,False,True,False,1.0,0.95,0.0
A00816,wholesale_unsecured,2253811.296689329,overnight,False,True,False,1.0,0.0,0.0
A00817,retail_stable,1116187.965273514,8d-30d,False,True,False,1.0,0.95,0.0
A00818,loans,499617.9071549913,>1y,True,False,False,0.65,0.0,0.85
A00819,committed_facilities,7122084.591180073,2d-7d,False,False,True,1.0,0.0,0.0
A00820,treasury_hqla,310128.96643897076,8d-30d,True,False,False,0.05,0.0,0.05
A00821,loans,3666110.5101564974,overnight,True,False,False,0.65,0.0,0.85
A00822,treasury_hqla,3688297.4969004695,31d-90d,True,False,False,0.05,0.0,0.05
A00823,equities,1694938.5985330048,8d-30d,True,False,False,0.45,0.0,0.85
A00824,corporate_non_operational,1349420.7487488822,2d-7d,False,True,False,1.0,0.5,0.0
A00825,loans,11223782.97940946,>1y,True,False,False,0.65,0.0,0.85
A00826,committed_facilities,1114934.2040676307,8d-30d,False,False,True,1.0,0.0,0.0
A00827,loans,5477113.498233294,31d-90d,True,False,False,0.65,0.0,0.85
A00828,treasury_hqla,59460129.68184346,>1y,True,False,False,0.05,0.0,0.05
A00829,retail_stable,4292919.972306284,8d-30d,False,True,False,1.0,0.95,0.0
A00830,corporate_operational,487751.0446955829,31d-90d,False,True,False,1.0,0.5,0.0
A00831,corporate_operational,6676066.1006595455,>1y,False,True,False,1.0,0.5,0.0
A00832,retail_stable,2399053.095888468,overnight,False,True,False,1.0,0.95,0.0
A00833,committed_facilities,1308804.6354049225,>1y,False,False,True,1.0,0.0,0.0
A00834,treasury_hqla,1440174.2506993185,91d-1y,True,False,False,0.05,0.0,0.05
A00835,retail_less_stable,16952008.152248546,8d-30d,False,True,False,1.0,0.9,0.0
A00836,retail_stable,2763939.972642726,31d-90d,False,True,False,1.0,0.95,0.0
A00837,retail_stable,6985764.913213478,91d-1y,False,True,False,1.0,0.95,0.0
A00838,equities,1996579.4084726833,>1y,True,False,False,0.45,0.0,0.85
A00839,corporate_non_operational,972317.6392570649,overnight,False,True,False,1.0,0.5,0.0
A00840,loans,6893945.578977091,>1y,True,False,False,0.65,0.0,0.85
A00841,retail_stable,1241368.958487706,overnight,False,True,False,1.0,0.95,0.0
A00842,corporate_bonds,5280143.095892748,>1y,True,False,False,0.2,0.0,0.5
A00843,committed_facilities,5420659.958728036,31d-90d,False,False,True,1.0,0.0,0.0
A00844,treasury_hqla,13206925.9123268,31d-90d,True,False,False,0.05,0.0,0.05
A00845,retail_stable,22357596.224623412,>1y,False,True,False,1.0,0.95,0.0
A00846,committed_facilities,3374363.748106754,2d-7d,False,False,True,1.0,0.0,0.0
A00847,retail_stable,645227.4564752561,8d-30d,False,True,False,1.0,0.95,0.0
A00848,retail_less_stable,1625174.708913774,8d-30d,False,True,False,1.0,0.9,0.0
A00849,treasury_hqla,5717390.71436352,>1y,True,False,False,0.05,0.0,0.05
A00850,retail_less_stable,573085.2774708888,overnight,False,True,False,1.0,0.9,0.0
A00851,retail_stable,9830883.37136655,8d-30d,False,True,False,1.0,0.95,0.0
A00852,treasury_hqla,7122033.819668464,2d-7d,True,False,False,0.05,0.0,0.05
A00853,loans,8057305.029466659,>1y,True,False,False,0.65,0.0,0.85
A00854,corporate_operational,5209316.584358012,8d-30d,False,True,False,1.0,0.5,0.0
A00855,corporate_bonds,3700840.835305336,>1y,True,False,False,0.2,0.0,0.5
A00856,committed_facilities,5004079.249706942,31d-90d,False,False,True,1.0,0.0,0.0
A00857,corporate_bonds,4756638.404082604,2d-7d,True,False,False,0.2,0.0,0.5
A00858,corporate_non_operational,11937515.261944458,>1y,False,True,False,1.0,0.5,0.0
A00859,retail_less_stable,8598791.15002515,overnight,False,True,False,1.0,0.9,0.0
A00860,retail_stable,4114015.4402686497,overnight,False,True,False,1.0,0.95,0.0
A00861,corporate_non_operational,4556060.837642463,>1y,False,True,False,1.0,0.5,0.0
A00862,retail_stable,4514421.76470354,8d-30d,False,True,False,1.0,0.95,0.0
A00863,corporate_bonds,4590593.597171149,31d-90d,True,False,False,0.2,0.0,0.5
A00864,corporate_bonds,1546256.9435734013,>1y,True,False,False,0.2,0.0,0.5
A00865,corporate_bonds,5623117.823103628,91d-1y,True,False,False,0.2,0.0,0.5
A00866,wholesale_unsecured,12029817.002522552,overnight,False,True,False,1.0,0.0,0.0
A00867,treasury_hqla,3405974.1366007524,>1y,True,False,False,0.05,0.0,0.05
A00868,treasury_hqla,11822254.854293104,91d-1y,True,False,False,0.05,0.0,0.05
A00869,retail_less_stable,1904024.692284032,overnight,False,True,False,1.0,0.9,0.0
A00870,retail_less_stable,1635911.2574225056,8d-30d,False,True,False,1.0,0.9,0.0
A00871,retail_stable,5026956.822330052,2d-7d,False,True,False,1.0,0.95,0.0
A00872,loans,2093539.5239594514,91d-1y,True,False,False,0.65,0.0,0.85
A00873,corporate_non_operational,7448302.842917964,31d-90d,False,True,False,1.0,0.5,0.0
A00874,loans,4585617.440322493,91d-1y,True,False,False,0.65,0.0,0.85
A00875,loans,6338253.773178745,31d-90d,True,False,False,0.65,0.0,0.85
A00876,corporate_non_operational,1635528.902970923,8d-30d,False,True,False,1.0,0.5,0.0
A00877,loans,5116497.411950933,91d-1y,True,False,False,0.65,0.0,0.85
A00878,treasury_hqla,4349437.502632884,91d-1y,True,False,False,0.05,0.0,0.05
A00879,retail_stable,11982891.603047911,8d-30d,False,True,False,1.0,0.95,0.0
A00880,treasury_hqla,1556819.8705226337,91d-1y,True,False,False,0.05,0.0,0.05
A00881,retail_stable,2360298.6855644435,8d-30d,False,True,False,1.0,0.95,0.0
A00882,retail_less_stable,3076530.939366235,31d-90d,False,True,False,1.0,0.9,0.0
A00883,loans,1405818.470344814,>1y,True,False,False,0.65,0.0,0.85
A00884,loans,878782.8517689229,>1y,True,False,False,0.65,0.0,0.85
A00885,loans,2502849.150962312,>1y,True,False,False,0.65,0.0,0.85
A00886,treasury_hqla,1252763.752430944,91d-1y,True,False,False,0.05,0.0,0.05
A00887,corporate_operational,8726461.92754824,91d-1y,False,True,False,1.0,0.5,0.0
A00888,retail_stable,4488879.8170912,overnight,False,True,False,1.0,0.95,0.0
A00889,retail_stable,4071024.4029549207,91d-1y,False,True,False,1.0,0.95,0.0
A00890,retail_stable,2220929.1240542484,>1y,False,True,False,1.0,0.95,0.0
A00891,retail_stable,646161.6982060393,8d-30d,False,True,False,1.0,0.95,0.0
A00892,corporate_non_operational,695050.7330500021,>1y,False,True,False,1.0,0.5,0.0
A00893,retail_stable,3691701.4253191655,91d-1y,False,True,False,1.0,0.95,0.0
A00894,retail_less_stable,13283553.265975606,91d-1y,False,True,False,1.0,0.9,0.0
A00895,wholesale_unsecured,4714263.678366962,overnight,False,True,False,1.0,0.0,0.0
A00896,loans,7001172.995081438,91d-1y,True,False,False,0.65,0.0,0.85
A00897,wholesale_unsecured,810858.3235480441,8d-30d,False,True,False,1.0,0.0,0.0
A00898,loans,889413.8408746495,8d-30d,True,False,False,0.65,0.0,0.85
A00899,wholesale_unsecured,2459880.0279582334,8d-30d,False,True,False,1.0,0.0,0.0
A00900,treasury_hqla,494029.8541289446,91d-1y,True,False,False,0.05,0.0,0.05
A00901,retail_stable,2941068.9900760474,8d-30d,False,True,False,1.0,0.95,0.0
A00902,wholesale_unsecured,2520210.4222886153,31d-90d,False,True,False,1.0,0.0,0.0
A00903,retail_less_stable,1006915.8841394376,91d-1y,False,True,False,1.0,0.9,0.0
A00904,corporate_non_operational,13052907.11468284,8d-30d,False,True,False,1.0,0.5,0.0
A00905,treasury_hqla,603475.1361331482,31d-90d,True,False,False,0.05,0.0,0.05
A00906,loans,2474363.287859432,91d-1y,True,False,False,0.65,0.0,0.85
A00907,retail_stable,953735.1577375295,8d-30d,False,True,False,1.0,0.95,0.0
A00908,corporate_bonds,918315.88026372,91d-1y,True,False,False,0.2,0.0,0.5
A00909,retail_stable,6770576.478094915,91d-1y,False,True,False,1.0,0.95,0.0
A00910,corporate_bonds,2288460.6663404973,>1y,True,False,False,0.2,0.0,0.5
A00911,corporate_operational,4171343.6492422633,overnight,False,True,False,1.0,0.5,0.0
A00912,loans,12202862.526510108,>1y,True,False,False,0.65,0.0,0.85
A00913,corporate_operational,7560696.905293674,31d-90d,False,True,False,1.0,0.5,0.0
A00914,retail_stable,2081897.013078341,overnight,False,True,False,1.0,0.95,0.0
A00915,committed_facilities,2214990.875922188,91d-1y,False,False,True,1.0,0.0,0.0
A00916,retail_less_stable,2719587.6350009204,overnight,False,True,False,1.0,0.9,0.0
A00917,committed_facilities,7504786.53821825,31d-90d,False,False,True,1.0,0.0,0.0
A00918,retail_stable,18539074.93211809,8d-30d,False,True,False,1.0,0.95,0.0
A00919,treasury_hqla,13695454.03417818,>1y,True,False,False,0.05,0.0,0.05
A00920,loans,5527976.02443032,91d-1y,True,False,False,0.65,0.0,0.85
A00921,retail_less_stable,2500630.313977439,8d-30d,False,True,False,1.0,0.9,0.0
A00922,retail_stable,1209261.3369720667,overnight,False,True,False,1.0,0.95,0.0
A00923,retail_stable,853932.4974443151,overnight,False,True,False,1.0,0.95,0.0
A00924,retail_less_stable,6181690.126914187,2d-7d,False,True,False,1.0,0.9,0.0
A00925,corporate_bonds,4896680.203162889,>1y,True,False,False,0.2,0.0,0.5
A00926,loans,44806129.674946055,31d-90d,True,False,False,0.65,0.0,0.85
A00927,loans,6517516.146778369,>1y,True,False,False,0.65,0.0,0.85
A00928,retail_stable,12563604.580145262,31d-90d,False,True,False,1.0,0.95,0.0
A00929,corporate_operational,1053023.5009861859,overnight,False,True,False,1.0,0.5,0.0
A00930,corporate_non_operational,547325.2593382804,overnight,False,True,False,1.0,0.5,0.0
A00931,treasury_hqla,491518.56199942564,31d-90d,True,False,False,0.05,0.0,0.05
A00932,loans,508580.60016399605,91d-1y,True,False,False,0.65,0.0,0.85
A00933,equities,2204284.565981134,31d-90d,True,False,False,0.45,0.0,0.85
A00934,retail_less_stable,10101944.336158985,overnight,False,True,False,1.0,0.9,0.0
A00935,committed_facilities,5093110.694214831,8d-30d,False,False,True,1.0,0.0,0.0
A00936,loans,2208678.9908646136,8d-30d,True,False,False,0.65,0.0,0.85
A00937,retail_less_stable,7186028.860345729,2d-7d,False,True,False,1.0,0.9,0.0
A00938,loans,2850200.8875398776,31d-90d,True,False,False,0.65,0.0,0.85
A00939,loans,6429215.5287631145,91d-1y,True,False,False,0.65,0.0,0.85
A00940,treasury_hqla,7238896.89473526,>1y,True,False,False,0.05,0.0,0.05
A00941,retail_stable,720460.4663523926,overnight,False,True,False,1.0,0.95,0.0
A00942,corporate_non_operational,1216091.5276110172,overnight,False,True,False,1.0,0.5,0.0
A00943,retail_less_stable,3586470.5739700887,2d-7d,False,True,False,1.0,0.9,0.0
A00944,retail_stable,2409098.5960863736,2d-7d,False,True,False,1.0,0.95,0.0
A00945,corporate_non_operational,515495.6879234612,2d-7d,False,True,False,1.0,0.5,0.0
A00946,treasury_hqla,1281584.5335017296,91d-1y,True,False,False,0.05,0.0,0.05
A00947,retail_stable,4580676.074414436,overnight,False,True,False,1.0,0.95,0.0
A00948,corporate_non_operational,6252760.024822763,overnight,False,True,False,1.0,0.5,0.0
A00949,corporate_non_operational,4142305.622246643,8d-30d,False,True,False,1.0,0.5,0.0
A00950,retail_stable,2320138.6691804305,91d-1y,False,True,False,1.0,0.95,0.0
A00951,loans,10985964.683587775,overnight,True,False,False,0.65,0.0,0.85
A00952,retail_stable,1588141.6980536138,8d-30d,False,True,False,1.0,0.95,0.0
A00953,corporate_non_operational,5120644.420757081,31d-90d,False,True,False,1.0,0.5,0.0
A00954,loans,2625443.8221859494,91d-1y,True,False,False,0.65,0.0,0.85
A00955,corporate_operational,3264526.5536556807,2d-7d,False,True,False,1.0,0.5,0.0
A00956,retail_stable,13720542.48066311,overnight,False,True,False,1.0,0.95,0.0
A00957,loans,2045563.6756701171,overnight,True,False,False,0.65,0.0,0.85
A00958,corporate_operational,18884013.849825863,8d-30d,False,True,False,1.0,0.5,0.0
A00959,retail_stable,10547936.995982734,2d-7d,False,True,False,1.0,0.95,0.0
A00960,corporate_operational,628621.5858050046,overnight,False,True,False,1.0,0.5,0.0
A00961,loans,5811534.501919003,8d-30d,True,False,False,0.65,0.0,0.85
A00962,retail_less_stable,2990582.460995014,overnight,False,True,False,1.0,0.9,0.0
A00963,retail_stable,1540486.1903392286,8d-30d,False,True,False,1.0,0.95,0.0
A00964,retail_less_stable,1504342.5411157126,31d-90d,False,True,False,1.0,0.9,0.0
A00965,retail_stable,6411766.98642209,31d-90d,False,True,False,1.0,0.95,0.0
A00966,retail_stable,5780821.491792462,overnight,False,True,False,1.0,0.95,0.0
A00967,loans,4766862.931206306,91d-1y,True,False,False,0.65,0.0,0.85
A00968,corporate_operational,17096646.072761737,overnight,False,True,False,1.0,0.5,0.0
A00969,loans,7071216.748361761,>1y,True,False,False,0.65,0.0,0.85
A00970,retail_stable,2460130.4588793446,overnight,False,True,False,1.0,0.95,0.0
A00971,retail_stable,5554289.7141773645,overnight,False,True,False,1.0,0.95,0.0
A00972,retail_less_stable,5141817.210404793,overnight,False,True,False,1.0,0.9,0.0
A00973,wholesale_unsecured,9030339.65336047,91d-1y,False,True,False,1.0,0.0,0.0
A00974,wholesale_unsecured,3335344.358642693,overnight,False,True,False,1.0,0.0,0.0
A00975,treasury_hqla,3407541.721613552,>1y,True,False,False,0.05,0.0,0.05
A00976,retail_stable,6222348.505087882,overnight,False,True,False,1.0,0.95,0.0
A00977,wholesale_unsecured,553999.5585670662,8d-30d,False,True,False,1.0,0.0,0.0
A00978,retail_less_stable,5175567.256018092,31d-90d,False,True,False,1.0,0.9,0.0
A00979,loans,2888888.597599848,91d-1y,True,False,False,0.65,0.0,0.85
A00980,corporate_operational,8431807.270731766,8d-30d,False,True,False,1.0,0.5,0.0
A00981,loans,5034068.918869911,>1y,True,False,False,0.65,0.0,0.85
A00982,corporate_bonds,5171828.7615227625,91d-1y,True,False,False,0.2,0.0,0.5
A00983,retail_stable,1351904.4966432124,8d-30d,False,True,False,1.0,0.95,0.0
A00984,committed_facilities,8837376.144010572,2d-7d,False,False,True,1.0,0.0,0.0
A00985,retail_stable,2223887.897552589,overnight,False,True,False,1.0,0.95,0.0
A00986,retail_stable,19473501.252098203,overnight,False,True,False,1.0,0.95,0.0
A00987,retail_less_stable,473846.1653782678,91d-1y,False,True,False,1.0,0.9,0.0
A00988,retail_less_stable,1513540.276479586,31d-90d,False,True,False,1.0,0.9,0.0
A00989,retail_less_stable,4312141.256873304,31d-90d,False,True,False,1.0,0.9,0.0
A00990,loans,6323099.016636825,>1y,True,False,False,0.65,0.0,0.85
A00991,treasury_hqla,7142744.905121533,91d-1y,True,False,False,0.05,0.0,0.05
A00992,retail_stable,1266949.2411304484,2d-7d,False,True,False,1.0,0.95,0.0
A00993,committed_facilities,2082205.9194618934,>1y,False,False,True,1.0,0.0,0.0
A00994,corporate_bonds,3877640.633851097,>1y,True,False,False,0.2,0.0,0.5
A00995,retail_stable,2719268.482201817,overnight,False,True,False,1.0,0.95,0.0
A00996,loans,5131899.413984648,91d-1y,True,False,False,0.65,0.0,0.85
A00997,treasury_hqla,20072820.350373853,91d-1y,True,False,False,0.05,0.0,0.05
A00998,retail_less_stable,18928286.330148548,overnight,False,True,False,1.0,0.9,0.0
A00999,loans,2122685.3538003103,91d-1y,True,False,False,0.65,0.0,0.85
A01000,committed_facilities,88361263.81320535,8d-30d,False,False,True,1.0,0.0,0.0
A01001,retail_less_stable,1575846.4251626618,8d-30d,False,True,False,1.0,0.9,0.0
A01002,loans,3915401.5755955325,>1y,True,False,False,0.65,0.0,0.85
A01003,corporate_non_operational,2623950.484292088,overnight,False,True,False,1.0,0.5,0.0
A01004,retail_stable,10762813.924463753,2d-7d,False,True,False,1.0,0.95,0.0
A01005,loans,3861922.464735305,overnight,True,False,False,0.65,0.0,0.85
A01006,corporate_non_operational,2323289.417585156,2d-7d,False,True,False,1.0,0.5,0.0
A01007,loans,5582013.239998106,91d-1y,True,False,False,0.65,0.0,0.85
A01008,committed_facilities,3852029.1681855423,8d-30d,False,False,True,1.0,0.0,0.0
A01009,corporate_non_operational,13506155.351792265,8d-30d,False,True,False,1.0,0.5,0.0
A01010,loans,4946679.08997153,>1y,True,False,False,0.65,0.0,0.85
A01011,loans,3459431.4878835417,8d-30d,True,False,False,0.65,0.0,0.85
A01012,retail_less_stable,6471410.89496252,8d-30d,False,True,False,1.0,0.9,0.0
A01013,corporate_non_operational,5829593.915815193,31d-90d,False,True,False,1.0,0.5,0.0
A01014,wholesale_unsecured,5955524.087474963,overnight,False,True,False,1.0,0.0,0.0
A01015,wholesale_unsecured,1407392.4084512582,91d-1y,False,True,False,1.0,0.0,0.0
A01016,loans,5251003.176756259,91d-1y,True,False,False,0.65,0.0,0.85
A01017,committed_facilities,3518996.399632189,8d-30d,False,False,True,1.0,0.0,0.0
A01018,loans,8810599.25113811,>1y,True,False,False,0.65,0.0,0.85
A01019,corporate_non_operational,425056.3299998533,overnight,False,True,False,1.0,0.5,0.0
A01020,retail_stable,929237.7767075087,overnight,False,True,False,1.0,0.95,0.0
A01021,treasury_hqla,3357442.4987375634,>1y,True,False,False,0.05,0.0,0.05
A01022,corporate_operational,1405249.9943681168,8d-30d,False,True,False,1.0,0.5,0.0
A01023,wholesale_unsecured,7605359.947818242,overnight,False,True,False,1.0,0.0,0.0
A01024,loans,2062642.2726522116,>1y,True,False,False,0.65,0.0,0.85
A01025,retail_less_stable,1235011.940635499,31d-90d,False,True,False,1.0,0.9,0.0
A01026,retail_less_stable,3935128.4563738857,overnight,False,True,False,1.0,0.9,0.0
A01027,loans,6194440.882570405,overnight,True,False,False,0.65,0.0,0.85
A01028,treasury_hqla,7105619.143710088,2d-7d,True,False,False,0.05,0.0,0.05
A01029,loans,5397206.851693173,31d-90d,True,False,False,0.65,0.0,0.85
A01030,retail_less_stable,1795600.9213061677,overnight,False,True,False,1.0,0.9,0.0
A01031,loans,8740278.4743193,>1y,True,False,False,0.65,0.0,0.85
A01032,retail_stable,8900463.44982614,8d-30d,False,True,False,1.0,0.95,0.0
A01033,loans,3611449.611946367,2d-7d,True,False,False,0.65,0.0,0.85
A01034,retail_less_stable,4035862.1844683657,overnight,False,True,False,1.0,0.9,0.0
A01035,retail_stable,937525.3156229288,91d-1y,False,True,False,1.0,0.95,0.0
A01036,treasury_hqla,6206603.358055435,8d-30d,True,False,False,0.05,0.0,0.05
A01037,retail_stable,7122207.357041384,2d-7d,False,True,False,1.0,0.95,0.0
A01038,corporate_non_operational,7555416.542533399,2d-7d,False,True,False,1.0,0.5,0.0
A01039,retail_stable,1433404.0342344579,8d-30d,False,True,False,1.0,0.95,0.0
A01040,retail_stable,10832543.237738155,31d-90d,False,True,False,1.0,0.95,0.0
A01041,loans,1246316.8364648067,31d-90d,True,False,False,0.65,0.0,0.85
A01042,wholesale_unsecured,4325346.759144739,overnight,False,True,False,1.0,0.0,0.0
A01043,loans,5434852.112255166,>1y,True,False,False,0.65,0.0,0.85
A01044,corporate_non_operational,2648186.492934362,>1y,False,True,False,1.0,0.5,0.0
A01045,loans,1103296.355294185,31d-90d,True,False,False,0.65,0.0,0.85
A01046,loans,35967922.10233099,31d-90d,True,False,False,0.65,0.0,0.85
A01047,corporate_non_operational,3418478.995100548,91d-1y,False,True,False,1.0,0.5,0.0
A01048,corporate_operational,2929576.084763634,2d-7d,False,True,False,1.0,0.5,0.0
A01049,retail_stable,7120020.5380415935,overnight,False,True,False,1.0,0.95,0.0
A01050,treasury_hqla,3236957.35672517,>1y,True,False,False,0.05,0.0,0.05
A01051,retail_less_stable,4503795.559836383,overnight,False,True,False,1.0,0.9,0.0
A01052,loans,426201.90225370316,>1y,True,False,False,0.65,0.0,0.85
A01053,loans,42106704.06958768,91d-1y,True,False,False,0.65,0.0,0.85
A01054,corporate_operational,11839533.720170021,overnight,False,True,False,1.0,0.5,0.0
A01055,retail_stable,2766660.3746809806,8d-30d,False,True,False,1.0,0.95,0.0
A01056,loans,383009.82161715056,>1y,True,False,False,0.65,0.0,0.85
A01057,retail_less_stable,20170932.735251937,8d-30d,False,True,False,1.0,0.9,0.0
A01058,retail_stable,4149737.673923835,2d-7d,False,True,False,1.0,0.95,0.0
A01059,loans,19676568.7507305,8d-30d,True,False,False,0.65,0.0,0.85
A01060,retail_less_stable,1867745.961245183,overnight,False,True,False,1.0,0.9,0.0
A01061,corporate_bonds,2448650.8267260552,>1y,True,False,False,0.2,0.0,0.5
A01062,corporate_non_operational,6613021.29028699,overnight,False,True,False,1.0,0.5,0.0
A01063,wholesale_unsecured,4710344.078147398,8d-30d,False,True,False,1.0,0.0,0.0
A01064,loans,2289985.2685764236,8d-30d,True,False,False,0.65,0.0,0.85
A01065,retail_stable,23438076.137763217,8d-30d,False,True,False,1.0,0.95,0.0
A01066,corporate_operational,5586617.460360326,31d-90d,False,True,False,1.0,0.5,0.0
A01067,loans,8010408.911399861,91d-1y,True,False,False,0.65,0.0,0.85
A01068,retail_less_stable,1375671.9666712985,91d-1y,False,True,False,1.0,0.9,0.0
A01069,retail_less_stable,484725.60485451564,8d-30d,False,True,False,1.0,0.9,0.0
A01070,loans,5018526.0583012,91d-1y,True,False,False,0.65,0.0,0.85
A01071,retail_stable,6971461.175316138,>1y,False,True,False,1.0,0.95,0.0
A01072,corporate_non_operational,7833410.240844046,2d-7d,False,True,False,1.0,0.5,0.0
A01073,retail_stable,3573782.3232436227,>1y,False,True,False,1.0,0.95,0.0
A01074,corporate_operational,253443.9388136353,91d-1y,False,True,False,1.0,0.5,0.0
A01075,retail_stable,13220981.81531274,31d-90d,False,True,False,1.0,0.95,0.0
A01076,corporate_bonds,7439006.914557507,91d-1y,True,False,False,0.2,0.0,0.5
A01077,loans,6602711.650081011,2d-7d,True,False,False,0.65,0.0,0.85
A01078,retail_stable,1691176.5226018657,overnight,False,True,False,1.0,0.95,0.0
A01079,loans,1537283.1871813934,91d-1y,True,False,False,0.65,0.0,0.85
A01080,committed_facilities,10427273.122676631,8d-30d,False,False,True,1.0,0.0,0.0
A01081,treasury_hqla,2758424.1096118,>1y,True,False,False,0.05,0.0,0.05
A01082,corporate_bonds,627367.6082502153,91d-1y,True,False,False,0.2,0.0,0.5
A01083,retail_less_stable,7486571.704669208,2d-7d,False,True,False,1.0,0.9,0.0
A01084,retail_less_stable,680766.6809501804,8d-30d,False,True,False,1.0,0.9,0.0
A01085,corporate_bonds,9205422.725481696,31d-90d,True,False,False,0.2,0.0,0.5
A01086,treasury_hqla,4416481.863971699,91d-1y,True,False,False,0.05,0.0,0.05
A01087,retail_less_stable,5139662.692012748,overnight,False,True,False,1.0,0.9,0.0
A01088,committed_facilities,4003241.820072716,31d-90d,False,False,True,1.0,0.0,0.0
A01089,retail_stable,7341010.939777823,91d-1y,False,True,False,1.0,0.95,0.0
A01090,treasury_hqla,774675.7448015055,>1y,True,False,False,0.05,0.0,0.05
A01091,treasury_hqla,1966849.0259162101,31d-90d,True,False,False,0.05,0.0,0.05
A01092,retail_less_stable,784820.9050428977,2d-7d,False,True,False,1.0,0.9,0.0
A01093,treasury_hqla,2979562.484220094,8d-30d,True,False,False,0.05,0.0,0.05
A01094,retail_less_stable,3309740.4007147164,>1y,False,True,False,1.0,0.9,0.0
A01095,loans,12561542.771252839,31d-90d,True,False,False,0.65,0.0,0.85
A01096,treasury_hqla,1647148.8830995439,>1y,True,False,False,0.05,0.0,0.05
A01097,loans,712386.4067677996,>1y,True,False,False,0.65,0.0,0.85
A01098,retail_less_stable,462682.9337697944,2d-7d,False,True,False,1.0,0.9,0.0
A01099,loans,1238710.491182398,31d-90d,True,False,False,0.65,0.0,0.85
A01100,retail_stable,17873966.45288036,31d-90d,False,True,False,1.0,0.95,0.0
A01101,retail_stable,1264567.299281306,overnight,False,True,False,1.0,0.95,0.0
A01102,loans,1192247.5028901887,31d-90d,True,False,False,0.65,0.0,0.85
A01103,equities,1300936.7861564262,91d-1y,True,False,False,0.45,0.0,0.85
A01104,retail_less_stable,475579.09175732604,overnight,False,True,False,1.0,0.9,0.0
A01105,corporate_bonds,1090549.1452119504,91d-1y,True,False,False,0.2,0.0,0.5
A01106,retail_stable,14533881.638884956,8d-30d,False,True,False,1.0,0.95,0.0
A01107,retail_stable,2029486.9210185993,91d-1y,False,True,False,1.0,0.95,0.0
A01108,retail_stable,1964451.730762916,overnight,False,True,False,1.0,0.95,0.0
A01109,retail_stable,3270799.094284463,overnight,False,True,False,1.0,0.95,0.0
A01110,loans,2323789.3616390536,91d-1y,True,False,False,0.65,0.0,0.85
A01111,retail_stable,1420860.63177333,8d-30d,False,True,False,1.0,0.95,0.0
A01112,corporate_non_operational,2044848.6855955436,8d-30d,False,True,False,1.0,0.5,0.0
A01113,treasury_hqla,1687073.447080237,>1y,True,False,False,0.05,0.0,0.05
A01114,wholesale_unsecured,3352703.698166369,2d-7d,False,True,False,1.0,0.0,0.0
A01115,corporate_operational,760841.932348759,8d-30d,False,True,False,1.0,0.5,0.0
A01116,retail_less_stable,16291675.31894635,8d-30d,False,True,False,1.0,0.9,0.0
A01117,loans,1636703.1752422089,91d-1y,True,False,False,0.65,0.0,0.85
A01118,loans,6221956.862464462,8d-30d,True,False,False,0.65,0.0,0.85
A01119,corporate_bonds,807181.1077244685,8d-30d,True,False,False,0.2,0.0,0.5
A01120,retail_less_stable,3388161.2123147184,overnight,False,True,False,1.0,0.9,0.0
A01121,loans,2289686.1852024114,>1y,True,False,False,0.65,0.0,0.85
A01122,loans,2425633.859227165,overnight,True,False,False,0.65,0.0,0.85
A01123,loans,3407760.094671187,>1y,True,False,False,0.65,0.0,0.85
A01124,retail_less_stable,2276076.0271547725,31d-90d,False,True,False,1.0,0.9,0.0
A01125,retail_stable,4937396.232364194,31d-90d,False,True,False,1.0,0.95,0.0
A01126,committed_facilities,2925516.1345631154,91d-1y,False,False,True,1.0,0.0,0.0
A01127,retail_stable,1635205.7542040497,2d-7d,False,True,False,1.0,0.95,0.0
A01128,committed_facilities,3618115.7607046496,31d-90d,False,False,True,1.0,0.0,0.0
A01129,retail_less_stable,4324168.8129411945,2d-7d,False,True,False,1.0,0.9,0.0
A01130,treasury_hqla,384966.92532726657,2d-7d,True,False,False,0.05,0.0,0.05
A01131,corporate_operational,3607909.2433056645,overnight,False,True,False,1.0,0.5,0.0
A01132,retail_less_stable,2342137.753441911,8d-30d,False,True,False,1.0,0.9,0.0
A01133,wholesale_unsecured,1922680.9260511186,2d-7d,False,True,False,1.0,0.0,0.0
A01134,corporate_bonds,6089410.476646108,>1y,True,False,False,0.2,0.0,0.5
A01135,treasury_hqla,2460196.258791306,31d-90d,True,False,False,0.05,0.0,0.05
A01136,retail_less_stable,7141368.572818546,2d-7d,False,True,False,1.0,0.9,0.0
A01137,loans,3458504.4903650247,2d-7d,True,False,False,0.65,0.0,0.85
A01138,treasury_hqla,1329726.350220925,31d-90d,True,False,False,0.05,0.0,0.05
A01139,retail_stable,4615229.452091038,overnight,False,True,False,1.0,0.95,0.0
A01140,loans,3685256.429964651,91d-1y,True,False,False,0.65,0.0,0.85
A01141,retail_less_stable,7287603.6330394205,8d-30d,False,True,False,1.0,0.9,0.0
A01142,corporate_bonds,2023482.9865274983,8d-30d,True,False,False,0.2,0.0,0.5
A01143,corporate_operational,2389162.2733470616,overnight,False,True,False,1.0,0.5,0.0
A01144,treasury_hqla,2580497.6225947756,31d-90d,True,False,False,0.05,0.0,0.05
A01145,loans,5174142.58853643,8d-30d,True,False,False,0.65,0.0,0.85
A01146,equities,1938225.1332386944,2d-7d,True,False,False,0.45,0.0,0.85
A01147,corporate_operational,1610683.6220397858,91d-1y,False,True,False,1.0,0.5,0.0
A01148,retail_stable,598444.9391754363,overnight,False,True,False,1.0,0.95,0.0
A01149,retail_less_stable,4018058.8608281086,overnight,False,True,False,1.0,0.9,0.0
A01150,retail_stable,2072575.37943702,2d-7d,False,True,False,1.0,0.95,0.0
A01151,retail_stable,1383135.0310394142,>1y,False,True,False,1.0,0.95,0.0
A01152,corporate_non_operational,2637675.4423158895,8d-30d,False,True,False,1.0,0.5,0.0
A01153,loans,5503876.805621868,91d-1y,True,False,False,0.65,0.0,0.85
A01154,loans,8453316.79967221,overnight,True,False,False,0.65,0.0,0.85
A01155,retail_less_stable,4402083.431823513,2d-7d,False,True,False,1.0,0.9,0.0
A01156,retail_less_stable,3710951.062615673,8d-30d,False,True,False,1.0,0.9,0.0
A01157,retail_stable,3762005.111861512,8d-30d,False,True,False,1.0,0.95,0.0
A01158,wholesale_unsecured,424085.31314352795,2d-7d,False,True,False,1.0,0.0,0.0
A01159,retail_stable,1032535.6046646934,8d-30d,False,True,False,1.0,0.95,0.0
A01160,retail_less_stable,1167205.5520415904,2d-7d,False,True,False,1.0,0.9,0.0
A01161,committed_facilities,1116618.2297292778,31d-90d,False,False,True,1.0,0.0,0.0
A01162,loans,1665325.1894702262,overnight,True,False,False,0.65,0.0,0.85
A01163,loans,7403256.677150381,>1y,True,False,False,0.65,0.0,0.85
A01164,loans,1302781.1951607706,91d-1y,True,False,False,0.65,0.0,0.85
A01165,retail_less_stable,1582474.5123888203,8d-30d,False,True,False,1.0,0.9,0.0
A01166,treasury_hqla,5308654.403741732,2d-7d,True,False,False,0.05,0.0,0.05
A01167,corporate_bonds,1447902.5953860614,91d-1y,True,False,False,0.2,0.0,0.5
A01168,retail_less_stable,1205893.1898495583,8d-30d,False,True,False,1.0,0.9,0.0
A01169,corporate_non_operational,10840349.124759253,8d-30d,False,True,False,1.0,0.5,0.0
A01170,retail_stable,2839896.9828078737,overnight,False,True,False,1.0,0.95,0.0
A01171,retail_less_stable,4147849.8329447764,2d-7d,False,True,False,1.0,0.9,0.0
A01172,corporate_operational,624368.4598946113,8d-30d,False,True,False,1.0,0.5,0.0
A01173,retail_stable,3489110.2610843815,8d-30d,False,True,False,1.0,0.95,0.0
A01174,corporate_bonds,2954653.067207096,31d-90d,True,False,False,0.2,0.0,0.5
A01175,committed_facilities,2394731.8714224575,8d-30d,False,False,True,1.0,0.0,0.0
A01176,retail_less_stable,4819324.794113235,2d-7d,False,True,False,1.0,0.9,0.0
A01177,retail_less_stable,4961668.893959586,overnight,False,True,False,1.0,0.9,0.0
A01178,treasury_hqla,1044217.2977180013,91d-1y,True,False,False,0.05,0.0,0.05
A01179,treasury_hqla,584643.2312493798,>1y,True,False,False,0.05,0.0,0.05
A01180,loans,1683673.047018747,8d-30d,True,False,False,0.65,0.0,0.85
A01181,corporate_non_operational,2688075.5055704336,overnight,False,True,False,1.0,0.5,0.0
A01182,treasury_hqla,12498536.687855452,>1y,True,False,False,0.05,0.0,0.05
A01183,retail_stable,2113007.7498654476,2d-7d,False,True,False,1.0,0.95,0.0
A01184,retail_less_stable,9067134.357089045,2d-7d,False,True,False,1.0,0.9,0.0
A01185,corporate_non_operational,2930557.350144963,overnight,False,True,False,1.0,0.5,0.0
A01186,treasury_hqla,361751.9165921003,91d-1y,True,False,False,0.05,0.0,0.05
A01187,loans,9087041.829001483,2d-7d,True,False,False,0.65,0.0,0.85
A01188,retail_stable,1564055.551564564,2d-7d,False,True,False,1.0,0.95,0.0
A01189,loans,13427020.40751295,31d-90d,True,False,False,0.65,0.0,0.85
A01190,retail_less_stable,1465292.2529894821,31d-90d,False,True,False,1.0,0.9,0.0
A01191,retail_less_stable,921825.2817356692,2d-7d,False,True,False,1.0,0.9,0.0
A01192,retail_stable,1134140.4812340846,overnight,False,True,False,1.0,0.95,0.0
A01193,loans,2422910.8879595106,91d-1y,True,False,False,0.65,0.0,0.85
A01194,retail_stable,4484987.012863574,91d-1y,False,True,False,1.0,0.95,0.0
A01195,corporate_non_operational,1073486.0988511364,2d-7d,False,True,False,1.0,0.5,0.0
A01196,retail_stable,1645193.61046656,8d-30d,False,True,False,1.0,0.95,0.0
A01197,retail_less_stable,1271421.3959343624,2d-7d,False,True,False,1.0,0.9,0.0
A01198,corporate_bonds,6230692.621486993,91d-1y,True,False,False,0.2,0.0,0.5
A01199,corporate_non_operational,40686019.1407015,91d-1y,False,True,False,1.0,0.5,0.0
A01200,retail_less_stable,2496770.059944772,overnight,False,True,False,1.0,0.9,0.0
A01201,retail_stable,9956231.8461127,overnight,False,True,False,1.0,0.95,0.0
A01202,loans,7652732.477137609,91d-1y,True,False,False,0.65,0.0,0.85
A01203,retail_stable,6281712.137802518,overnight,False,True,False,1.0,0.95,0.0
A01204,loans,7566741.170997934,>1y,True,False,False,0.65,0.0,0.85
A01205,retail_stable,807041.306633176,8d-30d,False,True,False,1.0,0.95,0.0
A01206,corporate_non_operational,1045948.603561457,2d-7d,False,True,False,1.0,0.5,0.0
A01207,retail_stable,7745319.938443945,overnight,False,True,False,1.0,0.95,0.0
A01208,corporate_operational,1058974.7930696593,31d-90d,False,True,False,1.0,0.5,0.0
A01209,retail_stable,4749313.968538337,31d-90d,False,True,False,1.0,0.95,0.0
A01210,retail_less_stable,8357178.445591795,8d-30d,False,True,False,1.0,0.9,0.0
A01211,retail_stable,6195786.995541836,31d-90d,False,True,False,1.0,0.95,0.0
A01212,retail_stable,3707603.7446939023,31d-90d,False,True,False,1.0,0.95,0.0
A01213,retail_less_stable,6874752.220133202,overnight,False,True,False,1.0,0.9,0.0
A01214,retail_stable,4471145.57306572,8d-30d,False,True,False,1.0,0.95,0.0
A01215,treasury_hqla,798695.0639161143,8d-30d,True,False,False,0.05,0.0,0.05
A01216,retail_less_stable,1547491.895383613,overnight,False,True,False,1.0,0.9,0.0
A01217,treasury_hqla,1844347.520795229,2d-7d,True,False,False,0.05,0.0,0.05
A01218,retail_stable,6116251.922320984,overnight,False,True,False,1.0,0.95,0.0
A01219,corporate_operational,664864.014158555,91d-1y,False,True,False,1.0,0.5,0.0
A01220,committed_facilities,1240822.2899765635,8d-30d,False,False,True,1.0,0.0,0.0
A01221,treasury_hqla,1651591.8076933164,91d-1y,True,False,False,0.05,0.0,0.05
A01222,corporate_operational,2761007.826742085,91d-1y,False,True,False,1.0,0.5,0.0
A01223,corporate_operational,49347674.250375636,2d-7d,False,True,False,1.0,0.5,0.0
A01224,retail_less_stable,2947413.8702598456,8d-30d,False,True,False,1.0,0.9,0.0
A01225,corporate_non_operational,1442852.660757358,overnight,False,True,False,1.0,0.5,0.0
A01226,treasury_hqla,8269446.034256604,91d-1y,True,False,False,0.05,0.0,0.05
A01227,loans,731410.085626914,>1y,True,False,False,0.65,0.0,0.85
A01228,corporate_non_operational,2463585.822692368,overnight,False,True,False,1.0,0.5,0.0
A01229,retail_stable,2177204.8378194096,31d-90d,False,True,False,1.0,0.95,0.0
A01230,committed_facilities,6832211.095836943,31d-90d,False,False,True,1.0,0.0,0.0
A01231,loans,2573147.4566795854,31d-90d,True,False,False,0.65,0.0,0.85
A01232,retail_less_stable,8154481.907695741,overnight,False,True,False,1.0,0.9,0.0
A01233,retail_less_stable,21180723.852627605,8d-30d,False,True,False,1.0,0.9,0.0
A01234,retail_stable,685507.937275727,91d-1y,False,True,False,1.0,0.95,0.0
A01235,corporate_operational,2254495.962704565,91d-1y,False,True,False,1.0,0.5,0.0
A01236,retail_stable,7229733.254729164,overnight,False,True,False,1.0,0.95,0.0
A01237,committed_facilities,1109276.356428728,91d-1y,False,False,True,1.0,0.0,0.0
A01238,corporate_operational,4330318.215818437,91d-1y,False,True,False,1.0,0.5,0.0
A01239,retail_stable,852667.2623140796,overnight,False,True,False,1.0,0.95,0.0
A01240,wholesale_unsecured,5599193.134172377,2d-7d,False,True,False,1.0,0.0,0.0
A01241,corporate_operational,6987986.106850045,overnight,False,True,False,1.0,0.5,0.0
A01242,treasury_hqla,2745056.282593523,31d-90d,True,False,False,0.05,0.0,0.05
A01243,loans,1513977.568090095,overnight,True,False,False,0.65,0.0,0.85
A01244,corporate_operational,2775320.05850751,overnight,False,True,False,1.0,0.5,0.0
A01245,corporate_bonds,1678529.2471343037,2d-7d,True,False,False,0.2,0.0,0.5
A01246,wholesale_unsecured,3696011.5796009665,31d-90d,False,True,False,1.0,0.0,0.0
A01247,corporate_operational,3593386.3845810597,overnight,False,True,False,1.0,0.5,0.0
A01248,retail_less_stable,16505872.916969655,91d-1y,False,True,False,1.0,0.9,0.0
A01249,loans,2995854.581253779,overnight,True,False,False,0.65,0.0,0.85
A01250,committed_facilities,4987193.65169776,91d-1y,False,False,True,1.0,0.0,0.0
A01251,wholesale_unsecured,1244889.6731806376,8d-30d,False,True,False,1.0,0.0,0.0
A01252,wholesale_unsecured,18708971.51522354,31d-90d,False,True,False,1.0,0.0,0.0
A01253,committed_facilities,12012239.566371437,8d-30d,False,False,True,1.0,0.0,0.0
A01254,loans,5504352.061200857,91d-1y,True,False,False,0.65,0.0,0.85
A01255,corporate_non_operational,19116799.15867596,overnight,False,True,False,1.0,0.5,0.0
A01256,retail_stable,892541.7806472923,>1y,False,True,False,1.0,0.95,0.0
A01257,treasury_hqla,3375181.502774612,31d-90d,True,False,False,0.05,0.0,0.05
A01258,corporate_non_operational,3791299.442597336,>1y,False,True,False,1.0,0.5,0.0
A01259,retail_less_stable,1528930.7805069492,8d-30d,False,True,False,1.0,0.9,0.0
A01260,loans,1631223.4884020875,>1y,True,False,False,0.65,0.0,0.85
A01261,treasury_hqla,8911927.1318817,91d-1y,True,False,False,0.05,0.0,0.05
A01262,loans,5239088.652178227,31d-90d,True,False,False,0.65,0.0,0.85
A01263,corporate_bonds,1156121.570881563,31d-90d,True,False,False,0.2,0.0,0.5
A01264,corporate_operational,2238270.049849298,91d-1y,False,True,False,1.0,0.5,0.0
A01265,treasury_hqla,10558903.633870833,8d-30d,True,False,False,0.05,0.0,0.05
A01266,corporate_operational,15258449.673012719,overnight,False,True,False,1.0,0.5,0.0
A01267,retail_stable,6596891.4924762165,8d-30d,False,True,False,1.0,0.95,0.0
A01268,retail_stable,4389240.097747689,8d-30d,False,True,False,1.0,0.95,0.0
A01269,retail_stable,3219975.6980248005,2d-7d,False,True,False,1.0,0.95,0.0
A01270,retail_less_stable,3036171.482499109,2d-7d,False,True,False,1.0,0.9,0.0
A01271,corporate_operational,1248223.6101672142,>1y,False,True,False,1.0,0.5,0.0
A01272,wholesale_unsecured,6777335.927283503,91d-1y,False,True,False,1.0,0.0,0.0
A01273,corporate_operational,3720780.9262957247,overnight,False,True,False,1.0,0.5,0.0
A01274,treasury_hqla,1315907.7968271684,overnight,True,False,False,0.05,0.0,0.05
A01275,corporate_non_operational,2407230.5094172545,overnight,False,True,False,1.0,0.5,0.0
A01276,wholesale_unsecured,2543760.6067419886,91d-1y,False,True,False,1.0,0.0,0.0
A01277,wholesale_unsecured,2568851.0661770385,>1y,False,True,False,1.0,0.0,0.0
A01278,loans,7808810.188189579,31d-90d,True,False,False,0.65,0.0,0.85
A01279,corporate_operational,2023445.8289909784,8d-30d,False,True,False,1.0,0.5,0.0
A01280,equities,3458374.676038958,overnight,True,False,False,0.45,0.0,0.85
A01281,loans,5873366.310688071,31d-90d,True,False,False,0.65,0.0,0.85
A01282,loans,2099388.670063292,31d-90d,True,False,False,0.65,0.0,0.85
A01283,treasury_hqla,4540350.351253749,>1y,True,False,False,0.05,0.0,0.05
A01284,treasury_hqla,15931040.337524895,>1y,True,False,False,0.05,0.0,0.05
A01285,treasury_hqla,10590797.565802487,31d-90d,True,False,False,0.05,0.0,0.05
A01286,retail_less_stable,709091.2637675114,91d-1y,False,True,False,1.0,0.9,0.0
A01287,committed_facilities,19627210.97354915,8d-30d,False,False,True,1.0,0.0,0.0
A01288,loans,24907985.49556523,91d-1y,True,False,False,0.65,0.0,0.85
A01289,committed_facilities,12191301.191513017,>1y,False,False,True,1.0,0.0,0.0
A01290,retail_stable,2478238.5023755264,>1y,False,True,False,1.0,0.95,0.0
A01291,treasury_hqla,885488.2653219624,>1y,True,False,False,0.05,0.0,0.05
A01292,corporate_operational,5838519.1950939,8d-30d,False,True,False,1.0,0.5,0.0
A01293,retail_less_stable,1805988.7996143827,31d-90d,False,True,False,1.0,0.9,0.0
A01294,wholesale_unsecured,2430350.52971451,overnight,False,True,False,1.0,0.0,0.0
A01295,corporate_non_operational,3774298.488502592,overnight,False,True,False,1.0,0.5,0.0
A01296,retail_stable,243314.8195390922,overnight,False,True,False,1.0,0.95,0.0
A01297,equities,782937.7097045111,>1y,True,False,False,0.45,0.0,0.85
A01298,corporate_bonds,4331449.506833024,91d-1y,True,False,False,0.2,0.0,0.5
A01299,corporate_bonds,5621666.893243127,91d-1y,True,False,False,0.2,0.0,0.5
A01300,retail_stable,5639242.334256364,2d-7d,False,True,False,1.0,0.95,0.0
A01301,committed_facilities,259228.01036291668,31d-90d,False,False,True,1.0,0.0,0.0
A01302,retail_less_stable,8057511.787234153,8d-30d,False,True,False,1.0,0.9,0.0
A01303,wholesale_unsecured,4005387.9539390337,91d-1y,False,True,False,1.0,0.0,0.0
A01304,committed_facilities,2632434.4609855525,91d-1y,False,False,True,1.0,0.0,0.0
A01305,treasury_hqla,4199822.674290006,>1y,True,False,False,0.05,0.0,0.05
A01306,wholesale_unsecured,11263136.963060934,2d-7d,False,True,False,1.0,0.0,0.0
A01307,retail_less_stable,109337.20237113659,8d-30d,False,True,False,1.0,0.9,0.0
A01308,corporate_bonds,7951982.033111567,91d-1y,True,False,False,0.2,0.0,0.5
A01309,retail_stable,2791679.8366575325,overnight,False,True,False,1.0,0.95,0.0
A01310,retail_stable,547714.3192143632,overnight,False,True,False,1.0,0.95,0.0
A01311,corporate_bonds,5273094.890281282,>1y,True,False,False,0.2,0.0,0.5
A01312,loans,383427.24071011733,8d-30d,True,False,False,0.65,0.0,0.85
A01313,retail_stable,960730.3545399867,overnight,False,True,False,1.0,0.95,0.0
A01314,retail_stable,740265.6486620735,31d-90d,False,True,False,1.0,0.95,0.0
A01315,retail_less_stable,1345527.0075676742,>1y,False,True,False,1.0,0.9,0.0
A01316,retail_stable,5960618.924289225,8d-30d,False,True,False,1.0,0.95,0.0
A01317,committed_facilities,5134194.288395115,91d-1y,False,False,True,1.0,0.0,0.0
A01318,corporate_non_operational,2701891.3803150095,overnight,False,True,False,1.0,0.5,0.0
A01319,treasury_hqla,2470160.923551531,overnight,True,False,False,0.05,0.0,0.05
A01320,wholesale_unsecured,2981537.4517082847,91d-1y,False,True,False,1.0,0.0,0.0
A01321,corporate_operational,3431362.2806934873,8d-30d,False,True,False,1.0,0.5,0.0
A01322,corporate_non_operational,2560978.8581969836,overnight,False,True,False,1.0,0.5,0.0
A01323,committed_facilities,5571529.448501594,91d-1y,False,False,True,1.0,0.0,0.0
A01324,wholesale_unsecured,37095628.51307207,overnight,False,True,False,1.0,0.0,0.0
A01325,loans,452195.05857458746,>1y,True,False,False,0.65,0.0,0.85
A01326,loans,1976970.09345754,2d-7d,True,False,False,0.65,0.0,0.85
A01327,corporate_bonds,3241212.645857972,91d-1y,True,False,False,0.2,0.0,0.5
A01328,retail_less_stable,3021129.675837218,overnight,False,True,False,1.0,0.9,0.0
A01329,corporate_non_operational,4599911.564406009,8d-30d,False,True,False,1.0,0.5,0.0
A01330,retail_stable,4025563.764109206,2d-7d,False,True,False,1.0,0.95,0.0
A01331,retail_stable,16155987.385655366,overnight,False,True,False,1.0,0.95,0.0
A01332,treasury_hqla,1558368.3759625198,>1y,True,False,False,0.05,0.0,0.05
A01333,treasury_hqla,4358190.5006338265,91d-1y,True,False,False,0.05,0.0,0.05
A01334,retail_stable,3405436.8487346633,2d-7d,False,True,False,1.0,0.95,0.0
A01335,retail_stable,6474157.611711049,91d-1y,False,True,False,1.0,0.95,0.0
A01336,corporate_bonds,5789160.3695205785,8d-30d,True,False,False,0.2,0.0,0.5
A01337,loans,2393652.120150459,>1y,True,False,False,0.65,0.0,0.85
A01338,retail_stable,6643858.085017733,2d-7d,False,True,False,1.0,0.95,0.0
A01339,retail_less_stable,2222496.520167466,overnight,False,True,False,1.0,0.9,0.0
A01340,committed_facilities,2592385.2454675133,8d-30d,False,False,True,1.0,0.0,0.0
A01341,retail_stable,2466242.8077596305,8d-30d,False,True,False,1.0,0.95,0.0
A01342,retail_stable,1763800.7966059402,>1y,False,True,False,1.0,0.95,0.0
A01343,retail_stable,1453446.9866979178,overnight,False,True,False,1.0,0.95,0.0
A01344,retail_stable,1719496.5682370444,overnight,False,True,False,1.0,0.95,0.0
A01345,retail_stable,73427218.33208987,overnight,False,True,False,1.0,0.95,0.0
A01346,loans,34277385.177652955,overnight,True,False,False,0.65,0.0,0.85
A01347,equities,595311.9124958111,>1y,True,False,False,0.45,0.0,0.85
A01348,committed_facilities,14050746.391337983,overnight,False,False,True,1.0,0.0,0.0
A01349,wholesale_unsecured,3557014.2818674697,31d-90d,False,True,False,1.0,0.0,0.0
A01350,retail_stable,5578927.940582102,overnight,False,True,False,1.0,0.95,0.0
A01351,loans,372312.97356094205,91d-1y,True,False,False,0.65,0.0,0.85
A01352,retail_stable,1580022.1733582274,91d-1y,False,True,False,1.0,0.95,0.0
A01353,retail_stable,4012889.2108918675,>1y,False,True,False,1.0,0.95,0.0
A01354,loans,6083239.689439705,8d-30d,True,False,False,0.65,0.0,0.85
A01355,retail_less_stable,2554071.974668941,2d-7d,False,True,False,1.0,0.9,0.0
A01356,wholesale_unsecured,4175272.158912075,8d-30d,False,True,False,1.0,0.0,0.0
A01357,corporate_bonds,395655.1547339731,>1y,True,False,False,0.2,0.0,0.5
A01358,retail_less_stable,1128578.4463042787,overnight,False,True,False,1.0,0.9,0.0
A01359,loans,9313626.334705496,91d-1y,True,False,False,0.65,0.0,0.85
A01360,retail_less_stable,3497531.0365703185,overnight,False,True,False,1.0,0.9,0.0
A01361,loans,4136457.050572843,8d-30d,True,False,False,0.65,0.0,0.85
A01362,corporate_bonds,2464777.6904538455,2d-7d,True,False,False,0.2,0.0,0.5
A01363,corporate_bonds,1448391.670925636,>1y,True,False,False,0.2,0.0,0.5
A01364,corporate_operational,858390.2481305616,overnight,False,True,False,1.0,0.5,0.0
A01365,equities,3525191.317104574,31d-90d,True,False,False,0.45,0.0,0.85
A01366,treasury_hqla,3840503.1744113034,91d-1y,True,False,False,0.05,0.0,0.05
A01367,loans,3270734.781826441,31d-90d,True,False,False,0.65,0.0,0.85
A01368,loans,1543755.5833272252,31d-90d,True,False,False,0.65,0.0,0.85
A01369,loans,3283598.488351573,>1y,True,False,False,0.65,0.0,0.85
A01370,wholesale_unsecured,310908.7817970756,overnight,False,True,False,1.0,0.0,0.0
A01371,retail_stable,1538012.8800075762,8d-30d,False,True,False,1.0,0.95,0.0
A01372,wholesale_unsecured,3897600.792143801,>1y,False,True,False,1.0,0.0,0.0
A01373,treasury_hqla,874642.0733789571,overnight,True,False,False,0.05,0.0,0.05
A01374,wholesale_unsecured,5372159.333566799,8d-30d,False,True,False,1.0,0.0,0.0
A01375,retail_less_stable,2993490.069558555,overnight,False,True,False,1.0,0.9,0.0
A01376,equities,15862768.981866175,31d-90d,True,False,False,0.45,0.0,0.85
A01377,retail_less_stable,1564559.1463854993,overnight,False,True,False,1.0,0.9,0.0
A01378,treasury_hqla,699298.9289970201,2d-7d,True,False,False,0.05,0.0,0.05
A01379,retail_stable,2754840.3370023994,2d-7d,False,True,False,1.0,0.95,0.0
A01380,loans,3860417.453322834,31d-90d,True,False,False,0.65,0.0,0.85
A01381,retail_stable,1887694.5446596444,overnight,False,True,False,1.0,0.95,0.0
A01382,loans,578173.023240057,31d-90d,True,False,False,0.65,0.0,0.85
A01383,treasury_hqla,13442496.237670735,8d-30d,True,False,False,0.05,0.0,0.05
A01384,loans,6028031.195520078,8d-30d,True,False,False,0.65,0.0,0.85
A01385,retail_stable,4173434.7810166897,8d-30d,False,True,False,1.0,0.95,0.0
A01386,corporate_operational,3094222.4251659606,8d-30d,False,True,False,1.0,0.5,0.0
A01387,wholesale_unsecured,3965014.250421407,overnight,False,True,False,1.0,0.0,0.0
A01388,corporate_operational,811455.3083610602,>1y,False,True,False,1.0,0.5,0.0
A01389,retail_stable,3485201.3287911946,2d-7d,False,True,False,1.0,0.95,0.0
A01390,retail_less_stable,9882877.61525571,overnight,False,True,False,1.0,0.9,0.0
A01391,equities,25797167.52526715,8d-30d,True,False,False,0.45,0.0,0.85
A01392,retail_stable,1622402.5373502867,8d-30d,False,True,False,1.0,0.95,0.0
A01393,retail_less_stable,24989811.438377276,overnight,False,True,False,1.0,0.9,0.0
A01394,committed_facilities,26300921.856765114,31d-90d,False,False,True,1.0,0.0,0.0
A01395,retail_stable,6255673.972210324,31d-90d,False,True,False,1.0,0.95,0.0
A01396,committed_facilities,1396732.720103548,91d-1y,False,False,True,1.0,0.0,0.0
A01397,retail_less_stable,4213730.12622456,>1y,False,True,False,1.0,0.9,0.0
A01398,loans,2050281.6959819603,2d-7d,True,False,False,0.65,0.0,0.85
A01399,corporate_bonds,6793884.844085066,>1y,True,False,False,0.2,0.0,0.5
A01400,loans,8958899.037712447,91d-1y,True,False,False,0.65,0.0,0.85
A01401,loans,5512262.536077079,>1y,True,False,False,0.65,0.0,0.85
A01402,retail_stable,683050.6542006424,8d-30d,False,True,False,1.0,0.95,0.0
A01403,loans,473144.00182505,31d-90d,True,False,False,0.65,0.0,0.85
A01404,committed_facilities,2608040.414672998,2d-7d,False,False,True,1.0,0.0,0.0
A01405,retail_stable,492816.37965603534,>1y,False,True,False,1.0,0.95,0.0
A01406,corporate_non_operational,3519474.1883801613,overnight,False,True,False,1.0,0.5,0.0
A01407,loans,2876388.864646336,>1y,True,False,False,0.65,0.0,0.85
A01408,committed_facilities,26590115.26540667,>1y,False,False,True,1.0,0.0,0.0
A01409,equities,5801107.693780022,31d-90d,True,False,False,0.45,0.0,0.85
A01410,retail_less_stable,13997840.872974917,overnight,False,True,False,1.0,0.9,0.0
A01411,corporate_operational,314760.47077237914,2d-7d,False,True,False,1.0,0.5,0.0
A01412,loans,4980207.815682407,8d-30d,True,False,False,0.65,0.0,0.85
A01413,retail_less_stable,3265206.765609339,8d-30d,False,True,False,1.0,0.9,0.0
A01414,corporate_non_operational,2571812.421526709,2d-7d,False,True,False,1.0,0.5,0.0
A01415,loans,7850314.765609585,>1y,True,False,False,0.65,0.0,0.85
A01416,corporate_non_operational,2419926.6822391665,overnight,False,True,False,1.0,0.5,0.0
A01417,wholesale_unsecured,3048045.672494362,overnight,False,True,False,1.0,0.0,0.0
A01418,treasury_hqla,3150647.905271782,31d-90d,True,False,False,0.05,0.0,0.05
A01419,corporate_bonds,1398589.4872464056,>1y,True,False,False,0.2,0.0,0.5
A01420,treasury_hqla,6979796.969073615,31d-90d,True,False,False,0.05,0.0,0.05
A01421,loans,1867583.012455896,overnight,True,False,False,0.65,0.0,0.85
A01422,retail_less_stable,6851755.19848051,8d-30d,False,True,False,1.0,0.9,0.0
A01423,retail_less_stable,9319896.313012142,91d-1y,False,True,False,1.0,0.9,0.0
A01424,corporate_non_operational,9362729.69057719,31d-90d,False,True,False,1.0,0.5,0.0
A01425,retail_less_stable,3508335.1647885535,overnight,False,True,False,1.0,0.9,0.0
A01426,corporate_operational,10412014.313214544,overnight,False,True,False,1.0,0.5,0.0
A01427,retail_stable,8223647.963347138,8d-30d,False,True,False,1.0,0.95,0.0
A01428,loans,2162962.1379749887,2d-7d,True,False,False,0.65,0.0,0.85
A01429,loans,1363970.7423178335,overnight,True,False,False,0.65,0.0,0.85
A01430,retail_stable,2741824.35557779,31d-90d,False,True,False,1.0,0.95,0.0
A01431,retail_stable,2382627.256207121,overnight,False,True,False,1.0,0.95,0.0
A01432,corporate_operational,2405178.2107939115,overnight,False,True,False,1.0,0.5,0.0
A01433,corporate_operational,4960611.653646117,overnight,False,True,False,1.0,0.5,0.0
A01434,loans,8157323.878252629,>1y,True,False,False,0.65,0.0,0.85
A01435,corporate_operational,1928720.2887074533,31d-90d,False,True,False,1.0,0.5,0.0
A01436,retail_stable,1284485.35559108,91d-1y,False,True,False,1.0,0.95,0.0
A01437,corporate_non_operational,3567220.4106621486,8d-30d,False,True,False,1.0,0.5,0.0
A01438,corporate_operational,27674780.278558914,2d-7d,False,True,False,1.0,0.5,0.0
A01439,retail_stable,14516599.426277254,8d-30d,False,True,False,1.0,0.95,0.0
A01440,corporate_bonds,4022418.482100752,2d-7d,True,False,False,0.2,0.0,0.5
A01441,retail_less_stable,3203628.432247571,overnight,False,True,False,1.0,0.9,0.0
A01442,loans,3322401.8423734303,>1y,True,False,False,0.65,0.0,0.85
A01443,retail_stable,613675.0632913619,8d-30d,False,True,False,1.0,0.95,0.0
A01444,retail_less_stable,13480588.530484833,8d-30d,False,True,False,1.0,0.9,0.0
A01445,retail_less_stable,1619416.6331356296,overnight,False,True,False,1.0,0.9,0.0
A01446,treasury_hqla,7185299.934613054,>1y,True,False,False,0.05,0.0,0.05
A01447,loans,11101494.067264654,8d-30d,True,False,False,0.65,0.0,0.85
A01448,loans,3294977.9531677063,>1y,True,False,False,0.65,0.0,0.85
A01449,loans,1085693.800417631,31d-90d,True,False,False,0.65,0.0,0.85
A01450,retail_stable,4105210.3814679617,8d-30d,False,True,False,1.0,0.95,0.0
A01451,loans,1654766.4189852295,91d-1y,True,False,False,0.65,0.0,0.85
A01452,retail_stable,5972972.636433035,8d-30d,False,True,False,1.0,0.95,0.0
A01453,retail_less_stable,2531109.782797208,overnight,False,True,False,1.0,0.9,0.0
A01454,loans,484711.3238297071,91d-1y,True,False,False,0.65,0.0,0.85
A01455,retail_less_stable,2043032.0117101697,overnight,False,True,False,1.0,0.9,0.0
A01456,wholesale_unsecured,3457074.41839013,overnight,False,True,False,1.0,0.0,0.0
A01457,loans,1061884.443516755,8d-30d,True,False,False,0.65,0.0,0.85
A01458,retail_stable,5784828.090972873,31d-90d,False,True,False,1.0,0.95,0.0
A01459,retail_less_stable,1634097.9313003216,overnight,False,True,False,1.0,0.9,0.0
A01460,retail_stable,3109885.7596761226,8d-30d,False,True,False,1.0,0.95,0.0
A01461,loans,3138667.0355805987,8d-30d,True,False,False,0.65,0.0,0.85
A01462,loans,10904089.0250974,31d-90d,True,False,False,0.65,0.0,0.85
A01463,retail_stable,2184138.6906773434,8d-30d,False,True,False,1.0,0.95,0.0
A01464,loans,5105559.021175804,2d-7d,True,False,False,0.65,0.0,0.85
A01465,retail_less_stable,3418666.724674357,31d-90d,False,True,False,1.0,0.9,0.0
A01466,retail_stable,1090285.0175410104,2d-7d,False,True,False,1.0,0.95,0.0
A01467,retail_stable,2090558.877141507,overnight,False,True,False,1.0,0.95,0.0
A01468,corporate_operational,1634324.698928012,overnight,False,True,False,1.0,0.5,0.0
A01469,retail_stable,6559620.696354566,2d-7d,False,True,False,1.0,0.95,0.0
A01470,corporate_operational,2022479.5040272772,91d-1y,False,True,False,1.0,0.5,0.0
A01471,retail_less_stable,847116.3939587435,overnight,False,True,False,1.0,0.9,0.0
A01472,corporate_operational,6757599.387959981,2d-7d,False,True,False,1.0,0.5,0.0
A01473,retail_stable,3480587.329398076,2d-7d,False,True,False,1.0,0.95,0.0
A01474,corporate_non_operational,485225.35995868593,31d-90d,False,True,False,1.0,0.5,0.0
A01475,retail_less_stable,465979.1443282302,91d-1y,False,True,False,1.0,0.9,0.0
A01476,retail_less_stable,5357744.252333649,91d-1y,False,True,False,1.0,0.9,0.0
A01477,equities,6102809.595586485,31d-90d,True,False,False,0.45,0.0,0.85
A01478,treasury_hqla,1964415.1682636002,31d-90d,True,False,False,0.05,0.0,0.05
A01479,committed_facilities,5410941.143525251,8d-30d,False,False,True,1.0,0.0,0.0
A01480,loans,7713554.097473697,31d-90d,True,False,False,0.65,0.0,0.85
A01481,corporate_non_operational,1658504.3162179345,91d-1y,False,True,False,1.0,0.5,0.0
A01482,retail_less_stable,4817229.441991304,8d-30d,False,True,False,1.0,0.9,0.0
A01483,wholesale_unsecured,1068598.4990110518,91d-1y,False,True,False,1.0,0.0,0.0
A01484,corporate_non_operational,3962424.2295466308,31d-90d,False,True,False,1.0,0.5,0.0
A01485,corporate_non_operational,2595099.293188839,overnight,False,True,False,1.0,0.5,0.0
A01486,retail_less_stable,25747486.172441915,2d-7d,False,True,False,1.0,0.9,0.0
A01487,committed_facilities,7129536.027337498,overnight,False,False,True,1.0,0.0,0.0
A01488,loans,3979085.310299836,91d-1y,True,False,False,0.65,0.0,0.85
A01489,corporate_operational,15730644.24364581,91d-1y,False,True,False,1.0,0.5,0.0
A01490,retail_less_stable,12586904.18555253,overnight,False,True,False,1.0,0.9,0.0
A01491,loans,3442151.729727801,>1y,True,False,False,0.65,0.0,0.85
A01492,corporate_operational,20259996.675247606,91d-1y,False,True,False,1.0,0.5,0.0
A01493,equities,2164125.7534257527,91d-1y,True,False,False,0.45,0.0,0.85
A01494,corporate_non_operational,1749656.1280296193,overnight,False,True,False,1.0,0.5,0.0
A01495,loans,4058593.6502120914,8d-30d,True,False,False,0.65,0.0,0.85
A01496,retail_stable,341314.6187274058,31d-90d,False,True,False,1.0,0.95,0.0
A01497,committed_facilities,1630940.08793468,>1y,False,False,True,1.0,0.0,0.0
A01498,retail_less_stable,664784.1534771675,8d-30d,False,True,False,1.0,0.9,0.0
A01499,corporate_non_operational,4796037.821655523,overnight,False,True,False,1.0,0.5,0.0
A01500,loans,12518873.326666713,8d-30d,True,False,False,0.65,0.0,0.85
A01501,loans,6693815.401609758,31d-90d,True,False,False,0.65,0.0,0.85
A01502,retail_stable,3298078.1381553253,31d-90d,False,True,False,1.0,0.95,0.0
A01503,retail_stable,5374754.25524379,overnight,False,True,False,1.0,0.95,0.0
A01504,equities,14096478.037476778,91d-1y,True,False,False,0.45,0.0,0.85
A01505,committed_facilities,2319342.336935902,31d-90d,False,False,True,1.0,0.0,0.0
A01506,treasury_hqla,1553169.1192191606,31d-90d,True,False,False,0.05,0.0,0.05
A01507,retail_stable,7816154.192612596,8d-30d,False,True,False,1.0,0.95,0.0
A01508,retail_stable,4748800.246621491,8d-30d,False,True,False,1.0,0.95,0.0
A01509,committed_facilities,2471446.8503646026,91d-1y,False,False,True,1.0,0.0,0.0
A01510,corporate_non_operational,3283287.7219544165,31d-90d,False,True,False,1.0,0.5,0.0
A01511,loans,4799466.626831791,8d-30d,True,False,False,0.65,0.0,0.85
A01512,equities,4785907.701882546,91d-1y,True,False,False,0.45,0.0,0.85
A01513,equities,1173935.1375242833,>1y,True,False,False,0.45,0.0,0.85
A01514,corporate_non_operational,1980429.1932756747,overnight,False,True,False,1.0,0.5,0.0
A01515,corporate_bonds,8892598.756788682,overnight,True,False,False,0.2,0.0,0.5
A01516,wholesale_unsecured,489295.77055397583,8d-30d,False,True,False,1.0,0.0,0.0
A01517,loans,1154214.7391384377,>1y,True,False,False,0.65,0.0,0.85
A01518,loans,272034.0014154745,overnight,True,False,False,0.65,0.0,0.85
A01519,loans,4401885.845525968,2d-7d,True,False,False,0.65,0.0,0.85
A01520,corporate_non_operational,4865479.742420691,8d-30d,False,True,False,1.0,0.5,0.0
A01521,retail_stable,1785864.1278066342,overnight,False,True,False,1.0,0.95,0.0
A01522,corporate_operational,3210784.045792257,8d-30d,False,True,False,1.0,0.5,0.0
A01523,retail_less_stable,6100159.003066215,8d-30d,False,True,False,1.0,0.9,0.0
A01524,corporate_operational,3980124.247285919,8d-30d,False,True,False,1.0,0.5,0.0
A01525,wholesale_unsecured,6039603.720041832,91d-1y,False,True,False,1.0,0.0,0.0
A01526,loans,5174297.155641115,31d-90d,True,False,False,0.65,0.0,0.85
A01527,corporate_non_operational,9053475.123167507,8d-30d,False,True,False,1.0,0.5,0.0
A01528,committed_facilities,3658276.27558617,>1y,False,False,True,1.0,0.0,0.0
A01529,loans,1431236.9145539515,91d-1y,True,False,False,0.65,0.0,0.85
A01530,corporate_operational,4788073.055186475,overnight,False,True,False,1.0,0.5,0.0
A01531,corporate_non_operational,234762.781129673,8d-30d,False,True,False,1.0,0.5,0.0
A01532,loans,2111532.6552093816,>1y,True,False,False,0.65,0.0,0.85
A01533,loans,1792110.9742376804,91d-1y,True,False,False,0.65,0.0,0.85
A01534,treasury_hqla,5677310.234105276,31d-90d,True,False,False,0.05,0.0,0.05
A01535,committed_facilities,4680300.196874105,31d-90d,False,False,True,1.0,0.0,0.0
A01536,treasury_hqla,2554183.382932047,2d-7d,True,False,False,0.05,0.0,0.05
A01537,retail_less_stable,1121536.9487348918,31d-90d,False,True,False,1.0,0.9,0.0
A01538,retail_stable,2104998.2260093987,2d-7d,False,True,False,1.0,0.95,0.0
A01539,retail_stable,684144.8924011916,overnight,False,True,False,1.0,0.95,0.0
A01540,corporate_non_operational,3911503.849402357,8d-30d,False,True,False,1.0,0.5,0.0
A01541,corporate_operational,2268057.4475729847,2d-7d,False,True,False,1.0,0.5,0.0
A01542,corporate_bonds,3729371.411574215,91d-1y,True,False,False,0.2,0.0,0.5
A01543,equities,5463062.6431168765,31d-90d,True,False,False,0.45,0.0,0.85
A01544,treasury_hqla,2054163.2564972353,91d-1y,True,False,False,0.05,0.0,0.05
A01545,treasury_hqla,1065197.353248993,91d-1y,True,False,False,0.05,0.0,0.05
A01546,retail_stable,28227373.39083691,8d-30d,False,True,False,1.0,0.95,0.0
A01547,retail_stable,11115013.166547805,overnight,False,True,False,1.0,0.95,0.0
A01548,corporate_operational,4704936.181423817,overnight,False,True,False,1.0,0.5,0.0
A01549,loans,4037044.680564215,91d-1y,True,False,False,0.65,0.0,0.85
A01550,corporate_operational,41729323.96144734,8d-30d,False,True,False,1.0,0.5,0.0
A01551,corporate_bonds,2780896.85153181,>1y,True,False,False,0.2,0.0,0.5
A01552,retail_stable,2318632.8611828797,overnight,False,True,False,1.0,0.95,0.0
A01553,retail_less_stable,5219186.993065471,91d-1y,False,True,False,1.0,0.9,0.0
A01554,corporate_non_operational,2013633.2014398694,8d-30d,False,True,False,1.0,0.5,0.0
A01555,retail_less_stable,7384417.946421893,>1y,False,True,False,1.0,0.9,0.0
A01556,loans,2250649.497201596,31d-90d,True,False,False,0.65,0.0,0.85
A01557,loans,3418427.254852978,91d-1y,True,False,False,0.65,0.0,0.85
A01558,loans,2442736.6901632324,31d-90d,True,False,False,0.65,0.0,0.85
A01559,retail_stable,17841469.5233273,>1y,False,True,False,1.0,0.95,0.0
A01560,treasury_hqla,14673948.510345776,overnight,True,False,False,0.05,0.0,0.05
A01561,corporate_non_operational,1641136.774511081,8d-30d,False,True,False,1.0,0.5,0.0
A01562,loans,8097142.756354782,overnight,True,False,False,0.65,0.0,0.85
A01563,retail_stable,1151878.7923289111,2d-7d,False,True,False,1.0,0.95,0.0
A01564,wholesale_unsecured,436110.27652363287,31d-90d,False,True,False,1.0,0.0,0.0
A01565,retail_less_stable,8391851.583717361,8d-30d,False,True,False,1.0,0.9,0.0
A01566,retail_stable,854339.0444799372,>1y,False,True,False,1.0,0.95,0.0
A01567,committed_facilities,12096429.152978364,8d-30d,False,False,True,1.0,0.0,0.0
A01568,retail_less_stable,1052365.0357710954,overnight,False,True,False,1.0,0.9,0.0
A01569,treasury_hqla,11021849.810906967,91d-1y,True,False,False,0.05,0.0,0.05
A01570,treasury_hqla,2148442.6265694858,>1y,True,False,False,0.05,0.0,0.05
A01571,corporate_operational,5196731.363474636,overnight,False,True,False,1.0,0.5,0.0
A01572,committed_facilities,2566401.386556008,>1y,False,False,True,1.0,0.0,0.0
A01573,retail_stable,1455593.3236806002,overnight,False,True,False,1.0,0.95,0.0
A01574,loans,694935.7087748,8d-30d,True,False,False,0.65,0.0,0.85
A01575,wholesale_unsecured,3337790.9772070814,overnight,False,True,False,1.0,0.0,0.0
A01576,wholesale_unsecured,10544372.299381552,8d-30d,False,True,False,1.0,0.0,0.0
A01577,retail_stable,4502480.934455331,overnight,False,True,False,1.0,0.95,0.0
A01578,wholesale_unsecured,9901435.665937826,8d-30d,False,True,False,1.0,0.0,0.0
A01579,treasury_hqla,1887187.0731607205,overnight,True,False,False,0.05,0.0,0.05
A01580,retail_less_stable,9203311.52240457,8d-30d,False,True,False,1.0,0.9,0.0
A01581,corporate_operational,4130682.7544443524,31d-90d,False,True,False,1.0,0.5,0.0
A01582,retail_stable,1460406.2088234075,2d-7d,False,True,False,1.0,0.95,0.0
A01583,corporate_operational,472572.3603273452,91d-1y,False,True,False,1.0,0.5,0.0
A01584,retail_less_stable,387565.2892437342,overnight,False,True,False,1.0,0.9,0.0
A01585,treasury_hqla,6978974.699349608,91d-1y,True,False,False,0.05,0.0,0.05
A01586,corporate_operational,3102707.6638387847,91d-1y,False,True,False,1.0,0.5,0.0
A01587,committed_facilities,806862.3541251117,8d-30d,False,False,True,1.0,0.0,0.0
A01588,treasury_hqla,1619723.8642887098,91d-1y,True,False,False,0.05,0.0,0.05
A01589,loans,1669343.9577187935,>1y,True,False,False,0.65,0.0,0.85
A01590,corporate_non_operational,1697005.4145306917,>1y,False,True,False,1.0,0.5,0.0
A01591,committed_facilities,2805924.1112105777,31d-90d,False,False,True,1.0,0.0,0.0
A01592,corporate_operational,2197154.1147432104,31d-90d,False,True,False,1.0,0.5,0.0
A01593,corporate_bonds,2596399.618956345,31d-90d,True,False,False,0.2,0.0,0.5
A01594,corporate_non_operational,105833684.17844288,overnight,False,True,False,1.0,0.5,0.0
A01595,committed_facilities,866421.5297440977,8d-30d,False,False,True,1.0,0.0,0.0
A01596,retail_less_stable,7189889.340043059,overnight,False,True,False,1.0,0.9,0.0
A01597,treasury_hqla,5076208.258149352,>1y,True,False,False,0.05,0.0,0.05
A01598,loans,3402938.0717426576,2d-7d,True,False,False,0.65,0.0,0.85
A01599,corporate_non_operational,3890888.4818682144,overnight,False,True,False,1.0,0.5,0.0
A01600,loans,100526.73678535476,2d-7d,True,False,False,0.65,0.0,0.85
A01601,retail_stable,2294314.252695993,>1y,False,True,False,1.0,0.95,0.0
A01602,corporate_operational,2037544.4478796131,2d-7d,False,True,False,1.0,0.5,0.0
A01603,loans,10627614.235790009,overnight,True,False,False,0.65,0.0,0.85
A01604,corporate_bonds,600111.2367356715,>1y,True,False,False,0.2,0.0,0.5
A01605,corporate_non_operational,5586562.050748032,overnight,False,True,False,1.0,0.5,0.0
A01606,wholesale_unsecured,1074917.8722273658,91d-1y,False,True,False,1.0,0.0,0.0
A01607,corporate_non_operational,1906089.3242013978,overnight,False,True,False,1.0,0.5,0.0
A01608,retail_less_stable,4668821.698316242,overnight,False,True,False,1.0,0.9,0.0
A01609,equities,1209250.3881716353,31d-90d,True,False,False,0.45,0.0,0.85
A01610,retail_stable,17290386.606392995,overnight,False,True,False,1.0,0.95,0.0
A01611,treasury_hqla,11431156.40325587,>1y,True,False,False,0.05,0.0,0.05
A01612,corporate_non_operational,1714739.5219288524,overnight,False,True,False,1.0,0.5,0.0
A01613,wholesale_unsecured,8336143.400542406,8d-30d,False,True,False,1.0,0.0,0.0
A01614,retail_stable,8665852.850136507,>1y,False,True,False,1.0,0.95,0.0
A01615,loans,1504321.1355146186,>1y,True,False,False,0.65,0.0,0.85
A01616,loans,3192666.154917961,31d-90d,True,False,False,0.65,0.0,0.85
A01617,committed_facilities,2246762.8924640412,91d-1y,False,False,True,1.0,0.0,0.0
A01618,retail_stable,2718169.1911617527,overnight,False,True,False,1.0,0.95,0.0
A01619,treasury_hqla,5131875.353947718,overnight,True,False,False,0.05,0.0,0.05
A01620,treasury_hqla,4065465.334025478,>1y,True,False,False,0.05,0.0,0.05
A01621,corporate_bonds,21101077.530478504,>1y,True,False,False,0.2,0.0,0.5
A01622,retail_stable,4792034.868213581,2d-7d,False,True,False,1.0,0.95,0.0
A01623,loans,2342145.8029826074,91d-1y,True,False,False,0.65,0.0,0.85
A01624,retail_stable,1738447.6676024972,91d-1y,False,True,False,1.0,0.95,0.0
A01625,retail_less_stable,6802962.0378339905,8d-30d,False,True,False,1.0,0.9,0.0
A01626,corporate_bonds,19032554.51080441,>1y,True,False,False,0.2,0.0,0.5
A01627,treasury_hqla,2697459.0746458764,91d-1y,True,False,False,0.05,0.0,0.05
A01628,retail_less_stable,7120390.6692428645,8d-30d,False,True,False,1.0,0.9,0.0
A01629,corporate_non_operational,609929.8728270096,8d-30d,False,True,False,1.0,0.5,0.0
A01630,retail_stable,2452649.770576031,2d-7d,False,True,False,1.0,0.95,0.0
A01631,corporate_non_operational,1459563.322705078,31d-90d,False,True,False,1.0,0.5,0.0
A01632,treasury_hqla,5140404.336669854,>1y,True,False,False,0.05,0.0,0.05
A01633,corporate_operational,4607343.896437634,2d-7d,False,True,False,1.0,0.5,0.0
A01634,retail_stable,9114928.455149453,8d-30d,False,True,False,1.0,0.95,0.0
A01635,treasury_hqla,7514447.6187364645,>1y,True,False,False,0.05,0.0,0.05
A01636,loans,1160546.5486599505,91d-1y,True,False,False,0.65,0.0,0.85
A01637,retail_stable,10412644.266482728,overnight,False,True,False,1.0,0.95,0.0
A01638,treasury_hqla,10645890.203061828,31d-90d,True,False,False,0.05,0.0,0.05
A01639,wholesale_unsecured,3399905.7828400433,8d-30d,False,True,False,1.0,0.0,0.0
A01640,committed_facilities,20454734.190402508,2d-7d,False,False,True,1.0,0.0,0.0
A01641,retail_stable,978530.3066429831,91d-1y,False,True,False,1.0,0.95,0.0
A01642,equities,5982241.205570717,91d-1y,True,False,False,0.45,0.0,0.85
A01643,committed_facilities,6482945.722862169,31d-90d,False,False,True,1.0,0.0,0.0
A01644,equities,4519914.755416112,>1y,True,False,False,0.45,0.0,0.85
A01645,loans,845251.7434948805,2d-7d,True,False,False,0.65,0.0,0.85
A01646,retail_stable,5235763.108121062,91d-1y,False,True,False,1.0,0.95,0.0
A01647,loans,2220886.2169786734,91d-1y,True,False,False,0.65,0.0,0.85
A01648,loans,6026162.398217918,overnight,True,False,False,0.65,0.0,0.85
A01649,loans,767533.2072627358,31d-90d,True,False,False,0.65,0.0,0.85
A01650,corporate_non_operational,24712378.038694713,overnight,False,True,False,1.0,0.5,0.0
A01651,loans,47044297.41687103,31d-90d,True,False,False,0.65,0.0,0.85
A01652,corporate_operational,2441485.723118452,overnight,False,True,False,1.0,0.5,0.0
A01653,corporate_operational,2698653.02269473,8d-30d,False,True,False,1.0,0.5,0.0
A01654,retail_stable,2458994.3783377395,overnight,False,True,False,1.0,0.95,0.0
A01655,equities,12816654.145619605,2d-7d,True,False,False,0.45,0.0,0.85
A01656,corporate_operational,260461.23605786462,overnight,False,True,False,1.0,0.5,0.0
A01657,treasury_hqla,7977004.248996085,2d-7d,True,False,False,0.05,0.0,0.05
A01658,corporate_bonds,13420328.025084855,91d-1y,True,False,False,0.2,0.0,0.5
A01659,loans,3770788.609202856,8d-30d,True,False,False,0.65,0.0,0.85
A01660,retail_less_stable,1116344.5967755178,overnight,False,True,False,1.0,0.9,0.0
A01661,committed_facilities,3635963.6010477296,8d-30d,False,False,True,1.0,0.0,0.0
A01662,corporate_bonds,4739479.155416267,91d-1y,True,False,False,0.2,0.0,0.5
A01663,corporate_bonds,1470497.1508580875,2d-7d,True,False,False,0.2,0.0,0.5
A01664,retail_stable,2027635.2979470114,8d-30d,False,True,False,1.0,0.95,0.0
A01665,retail_less_stable,3313379.8314572177,8d-30d,False,True,False,1.0,0.9,0.0
A01666,loans,2962908.137542011,>1y,True,False,False,0.65,0.0,0.85
A01667,retail_stable,1243309.94082353,2d-7d,False,True,False,1.0,0.95,0.0
A01668,loans,1029367.5536320028,91d-1y,True,False,False,0.65,0.0,0.85
A01669,loans,2791549.520501546,2d-7d,True,False,False,0.65,0.0,0.85
A01670,retail_less_stable,590992.8153246924,>1y,False,True,False,1.0,0.9,0.0
A01671,committed_facilities,2296502.3363529597,31d-90d,False,False,True,1.0,0.0,0.0
A01672,retail_stable,9432852.001591986,overnight,False,True,False,1.0,0.95,0.0
A01673,retail_less_stable,6350164.0176505465,2d-7d,False,True,False,1.0,0.9,0.0
A01674,committed_facilities,968468.4964408015,>1y,False,False,True,1.0,0.0,0.0
A01675,retail_stable,2092046.512170502,8d-30d,False,True,False,1.0,0.95,0.0
A01676,loans,12451212.806683715,91d-1y,True,False,False,0.65,0.0,0.85
A01677,loans,9175895.779569276,>1y,True,False,False,0.65,0.0,0.85
A01678,retail_stable,2513616.140177127,31d-90d,False,True,False,1.0,0.95,0.0
A01679,treasury_hqla,4656691.453838157,91d-1y,True,False,False,0.05,0.0,0.05
A01680,corporate_bonds,5198899.60104985,91d-1y,True,False,False,0.2,0.0,0.5
A01681,retail_stable,2876442.2860674188,8d-30d,False,True,False,1.0,0.95,0.0
A01682,committed_facilities,7973751.382798942,31d-90d,False,False,True,1.0,0.0,0.0
A01683,loans,12719797.151736993,>1y,True,False,False,0.65,0.0,0.85
A01684,retail_stable,784059.9240334507,2d-7d,False,True,False,1.0,0.95,0.0
A01685,loans,46520531.99410863,31d-90d,True,False,False,0.65,0.0,0.85
A01686,retail_stable,6221990.381312418,31d-90d,False,True,False,1.0,0.95,0.0
A01687,retail_stable,4025011.5543120564,2d-7d,False,True,False,1.0,0.95,0.0
A01688,wholesale_unsecured,594466.4244491853,overnight,False,True,False,1.0,0.0,0.0
A01689,loans,2078355.3756009955,91d-1y,True,False,False,0.65,0.0,0.85
A01690,corporate_operational,1965700.3853334007,overnight,False,True,False,1.0,0.5,0.0
A01691,retail_stable,15283602.019523304,2d-7d,False,True,False,1.0,0.95,0.0
A01692,treasury_hqla,7468434.013664731,31d-90d,True,False,False,0.05,0.0,0.05
A01693,loans,2511037.1760380426,91d-1y,True,False,False,0.65,0.0,0.85
A01694,retail_less_stable,290453.9422842922,>1y,False,True,False,1.0,0.9,0.0
A01695,loans,13410350.998853885,>1y,True,False,False,0.65,0.0,0.85
A01696,retail_stable,2558585.1924318,8d-30d,False,True,False,1.0,0.95,0.0
A01697,treasury_hqla,4867229.814877431,8d-30d,True,False,False,0.05,0.0,0.05
A01698,loans,1049715.8943176633,>1y,True,False,False,0.65,0.0,0.85
A01699,retail_stable,1490338.0755612636,31d-90d,False,True,False,1.0,0.95,0.0
A01700,retail_less_stable,3512628.901235128,8d-30d,False,True,False,1.0,0.9,0.0
A01701,loans,5038221.809631979,>1y,True,False,False,0.65,0.0,0.85
A01702,treasury_hqla,19826406.604019325,31d-90d,True,False,False,0.05,0.0,0.05
A01703,retail_stable,3707384.869792245,overnight,False,True,False,1.0,0.95,0.0
A01704,corporate_operational,2648544.718971239,2d-7d,False,True,False,1.0,0.5,0.0
A01705,treasury_hqla,10579610.121421423,91d-1y,True,False,False,0.05,0.0,0.05
A01706,corporate_bonds,5332963.098815712,overnight,True,False,False,0.2,0.0,0.5
A01707,treasury_hqla,2678448.8548696116,31d-90d,True,False,False,0.05,0.0,0.05
A01708,retail_stable,1172820.4267352945,8d-30d,False,True,False,1.0,0.95,0.0
A01709,corporate_bonds,7456791.480579955,overnight,True,False,False,0.2,0.0,0.5
A01710,loans,3678793.290905222,>1y,True,False,False,0.65,0.0,0.85
A01711,corporate_bonds,1685337.9459879496,2d-7d,True,False,False,0.2,0.0,0.5
A01712,corporate_non_operational,3388594.771488216,8d-30d,False,True,False,1.0,0.5,0.0
A01713,treasury_hqla,4326949.711120869,>1y,True,False,False,0.05,0.0,0.05
A01714,retail_stable,1873005.4358049054,overnight,False,True,False,1.0,0.95,0.0
A01715,retail_less_stable,2718442.0877972753,31d-90d,False,True,False,1.0,0.9,0.0
A01716,retail_stable,3253692.644683468,overnight,False,True,False,1.0,0.95,0.0
A01717,wholesale_unsecured,6425450.772415912,>1y,False,True,False,1.0,0.0,0.0
A01718,retail_stable,4972603.1052592425,overnight,False,True,False,1.0,0.95,0.0
A01719,loans,1562908.4258352905,>1y,True,False,False,0.65,0.0,0.85
A01720,retail_less_stable,13437074.302471455,overnight,False,True,False,1.0,0.9,0.0
A01721,retail_less_stable,2427978.2982341633,overnight,False,True,False,1.0,0.9,0.0
A01722,retail_stable,2617907.9231851464,2d-7d,False,True,False,1.0,0.95,0.0
A01723,retail_less_stable,5202594.5387053685,2d-7d,False,True,False,1.0,0.9,0.0
A01724,retail_less_stable,10772185.130701985,91d-1y,False,True,False,1.0,0.9,0.0
A01725,retail_stable,635305.3343420929,31d-90d,False,True,False,1.0,0.95,0.0
A01726,treasury_hqla,5568799.886010779,91d-1y,True,False,False,0.05,0.0,0.05
A01727,retail_less_stable,8874801.631596254,2d-7d,False,True,False,1.0,0.9,0.0
A01728,corporate_operational,2086380.0286955552,2d-7d,False,True,False,1.0,0.5,0.0
A01729,loans,7512595.462937919,2d-7d,True,False,False,0.65,0.0,0.85
A01730,retail_stable,2458081.367075118,>1y,False,True,False,1.0,0.95,0.0
A01731,corporate_operational,3060613.7413514256,>1y,False,True,False,1.0,0.5,0.0
A01732,retail_stable,3224832.3297148636,31d-90d,False,True,False,1.0,0.95,0.0
A01733,retail_less_stable,2068560.7713934549,8d-30d,False,True,False,1.0,0.9,0.0
A01734,retail_stable,6843206.952908003,8d-30d,False,True,False,1.0,0.95,0.0
A01735,loans,9860386.405622654,>1y,True,False,False,0.65,0.0,0.85
A01736,treasury_hqla,588376.1675683107,>1y,True,False,False,0.05,0.0,0.05
A01737,corporate_operational,1059141.9665655426,overnight,False,True,False,1.0,0.5,0.0
A01738,retail_less_stable,10904466.125823628,31d-90d,False,True,False,1.0,0.9,0.0
A01739,wholesale_unsecured,8657370.65438818,31d-90d,False,True,False,1.0,0.0,0.0
A01740,retail_stable,536187.8738091044,2d-7d,False,True,False,1.0,0.95,0.0
A01741,equities,336986.2571803819,overnight,True,False,False,0.45,0.0,0.85
A01742,corporate_non_operational,7893495.338419156,91d-1y,False,True,False,1.0,0.5,0.0
A01743,committed_facilities,161558.17456566964,31d-90d,False,False,True,1.0,0.0,0.0
A01744,corporate_bonds,1455281.617823909,91d-1y,True,False,False,0.2,0.0,0.5
A01745,treasury_hqla,4956590.256700476,91d-1y,True,False,False,0.05,0.0,0.05
A01746,committed_facilities,2520146.899029995,8d-30d,False,False,True,1.0,0.0,0.0
A01747,corporate_operational,2144636.503035785,91d-1y,False,True,False,1.0,0.5,0.0
A01748,corporate_bonds,2391194.7866448364,2d-7d,True,False,False,0.2,0.0,0.5
A01749,corporate_non_operational,1338146.3378928395,>1y,False,True,False,1.0,0.5,0.0
A01750,retail_stable,282998.94310868025,31d-90d,False,True,False,1.0,0.95,0.0
A01751,corporate_bonds,2010915.409673771,2d-7d,True,False,False,0.2,0.0,0.5
A01752,retail_less_stable,2946746.4527390804,2d-7d,False,True,False,1.0,0.9,0.0
A01753,committed_facilities,15484252.138183806,31d-90d,False,False,True,1.0,0.0,0.0
A01754,retail_less_stable,5331079.245901946,2d-7d,False,True,False,1.0,0.9,0.0
A01755,retail_stable,1560157.2193333157,2d-7d,False,True,False,1.0,0.95,0.0
A01756,retail_stable,10920685.844592419,8d-30d,False,True,False,1.0,0.95,0.0
A01757,treasury_hqla,6047615.678796879,overnight,True,False,False,0.05,0.0,0.05
A01758,corporate_operational,2537142.760793498,overnight,False,True,False,1.0,0.5,0.0
A01759,equities,10682964.524763564,>1y,True,False,False,0.45,0.0,0.85
A01760,retail_stable,1257154.821213799,8d-30d,False,True,False,1.0,0.95,0.0
A01761,wholesale_unsecured,3532196.872159113,31d-90d,False,True,False,1.0,0.0,0.0
A01762,loans,1080556.7795160227,31d-90d,True,False,False,0.65,0.0,0.85
A01763,retail_less_stable,3782234.863497207,2d-7d,False,True,False,1.0,0.9,0.0
A01764,loans,4986511.154358021,91d-1y,True,False,False,0.65,0.0,0.85
A01765,retail_stable,4373122.728426359,8d-30d,False,True,False,1.0,0.95,0.0
A01766,retail_less_stable,1734434.9987364586,91d-1y,False,True,False,1.0,0.9,0.0
A01767,corporate_non_operational,2275304.3753547305,8d-30d,False,True,False,1.0,0.5,0.0
A01768,loans,22297636.147257388,91d-1y,True,False,False,0.65,0.0,0.85
A01769,retail_less_stable,10106526.32046486,overnight,False,True,False,1.0,0.9,0.0
A01770,loans,18880495.14761689,91d-1y,True,False,False,0.65,0.0,0.85
A01771,committed_facilities,57048846.76883195,8d-30d,False,False,True,1.0,0.0,0.0
A01772,retail_stable,12487375.913438097,overnight,False,True,False,1.0,0.95,0.0
A01773,retail_stable,551229.8843376903,31d-90d,False,True,False,1.0,0.95,0.0
A01774,wholesale_unsecured,2040872.5141668073,>1y,False,True,False,1.0,0.0,0.0
A01775,retail_less_stable,2069069.706327598,overnight,False,True,False,1.0,0.9,0.0
A01776,retail_stable,6690175.945380664,2d-7d,False,True,False,1.0,0.95,0.0
A01777,retail_less_stable,875134.8976968727,8d-30d,False,True,False,1.0,0.9,0.0
A01778,retail_stable,5836466.1654947,31d-90d,False,True,False,1.0,0.95,0.0
A01779,loans,4265552.932342957,31d-90d,True,False,False,0.65,0.0,0.85
A01780,retail_stable,11111586.04124681,91d-1y,False,True,False,1.0,0.95,0.0
A01781,equities,9197483.264230141,91d-1y,True,False,False,0.45,0.0,0.85
A01782,committed_facilities,1284656.4314093832,91d-1y,False,False,True,1.0,0.0,0.0
A01783,retail_stable,2392647.903917566,>1y,False,True,False,1.0,0.95,0.0
A01784,retail_stable,3192904.952032528,overnight,False,True,False,1.0,0.95,0.0
A01785,loans,450152.16794742853,>1y,True,False,False,0.65,0.0,0.85
A01786,retail_less_stable,5892452.001165389,>1y,False,True,False,1.0,0.9,0.0
A01787,wholesale_unsecured,2094564.039165588,overnight,False,True,False,1.0,0.0,0.0
A01788,treasury_hqla,948280.7219479829,91d-1y,True,False,False,0.05,0.0,0.05
A01789,retail_stable,2675112.7424372565,2d-7d,False,True,False,1.0,0.95,0.0
A01790,retail_stable,6355050.770769926,91d-1y,False,True,False,1.0,0.95,0.0
A01791,loans,3568978.7781644603,8d-30d,True,False,False,0.65,0.0,0.85
A01792,treasury_hqla,3965232.6145319357,8d-30d,True,False,False,0.05,0.0,0.05
A01793,loans,4326074.759514529,overnight,True,False,False,0.65,0.0,0.85
A01794,corporate_operational,470131.2116197036,>1y,False,True,False,1.0,0.5,0.0
A01795,loans,2073376.820560191,>1y,True,False,False,0.65,0.0,0.85
A01796,committed_facilities,2825083.92769506,91d-1y,False,False,True,1.0,0.0,0.0
A01797,loans,3646510.798183512,91d-1y,True,False,False,0.65,0.0,0.85
A01798,corporate_operational,2683995.519329836,overnight,False,True,False,1.0,0.5,0.0
A01799,retail_stable,2723558.7076159203,2d-7d,False,True,False,1.0,0.95,0.0
A01800,corporate_operational,1974667.7934923936,2d-7d,False,True,False,1.0,0.5,0.0
A01801,committed_facilities,10766578.172843596,91d-1y,False,False,True,1.0,0.0,0.0
A01802,retail_stable,713843.7756093126,overnight,False,True,False,1.0,0.95,0.0
A01803,loans,2301598.3624928812,>1y,True,False,False,0.65,0.0,0.85
A01804,retail_stable,854391.3416704581,8d-30d,False,True,False,1.0,0.95,0.0
A01805,corporate_bonds,1102836.3026562594,>1y,True,False,False,0.2,0.0,0.5
A01806,retail_stable,3099092.348588234,8d-30d,False,True,False,1.0,0.95,0.0
A01807,corporate_non_operational,7742155.052219755,8d-30d,False,True,False,1.0,0.5,0.0
A01808,retail_stable,138580.5912097375,2d-7d,False,True,False,1.0,0.95,0.0
A01809,retail_less_stable,3451872.2385478583,8d-30d,False,True,False,1.0,0.9,0.0
A01810,retail_stable,670056.0692433642,overnight,False,True,False,1.0,0.95,0.0
A01811,loans,970728.6567497987,91d-1y,True,False,False,0.65,0.0,0.85
A01812,loans,618929.5956095458,>1y,True,False,False,0.65,0.0,0.85
A01813,equities,403038.11725401087,91d-1y,True,False,False,0.45,0.0,0.85
A01814,corporate_non_operational,2708933.3141951193,91d-1y,False,True,False,1.0,0.5,0.0
A01815,loans,10665219.389512753,8d-30d,True,False,False,0.65,0.0,0.85
A01816,retail_stable,6780356.608662201,31d-90d,False,True,False,1.0,0.95,0.0
A01817,loans,1012075.3905673474,31d-90d,True,False,False,0.65,0.0,0.85
A01818,loans,3012532.4679352334,>1y,True,False,False,0.65,0.0,0.85
A01819,wholesale_unsecured,1688475.5579553018,overnight,False,True,False,1.0,0.0,0.0
A01820,retail_stable,1055653.5915510515,overnight,False,True,False,1.0,0.95,0.0
A01821,treasury_hqla,21297801.215758502,>1y,True,False,False,0.05,0.0,0.05
A01822,loans,16363689.284300582,2d-7d,True,False,False,0.65,0.0,0.85
A01823,loans,4407825.782698036,overnight,True,False,False,0.65,0.0,0.85
A01824,retail_less_stable,603857.2064520115,overnight,False,True,False,1.0,0.9,0.0
A01825,retail_less_stable,3783075.2712646937,8d-30d,False,True,False,1.0,0.9,0.0
A01826,retail_less_stable,6077520.804921998,2d-7d,False,True,False,1.0,0.9,0.0
A01827,treasury_hqla,752779.5503366865,>1y,True,False,False,0.05,0.0,0.05
A01828,retail_stable,1358598.8205611845,overnight,False,True,False,1.0,0.95,0.0
A01829,treasury_hqla,10832856.09296703,>1y,True,False,False,0.05,0.0,0.05
A01830,loans,4799796.270436425,overnight,True,False,False,0.65,0.0,0.85
A01831,retail_less_stable,729386.358413737,8d-30d,False,True,False,1.0,0.9,0.0
A01832,retail_stable,2099423.868447441,91d-1y,False,True,False,1.0,0.95,0.0
A01833,retail_less_stable,2368108.0868426473,overnight,False,True,False,1.0,0.9,0.0
A01834,retail_stable,1304338.8237710355,31d-90d,False,True,False,1.0,0.95,0.0
A01835,corporate_bonds,1768061.3077261124,91d-1y,True,False,False,0.2,0.0,0.5
A01836,equities,2720922.433807522,>1y,True,False,False,0.45,0.0,0.85
A01837,retail_stable,2304456.6409361647,overnight,False,True,False,1.0,0.95,0.0
A01838,loans,17624357.76449531,91d-1y,True,False,False,0.65,0.0,0.85
A01839,loans,2032841.5609099395,>1y,True,False,False,0.65,0.0,0.85
A01840,wholesale_unsecured,1280934.2559921853,31d-90d,False,True,False,1.0,0.0,0.0
A01841,retail_stable,1012537.8160575144,31d-90d,False,True,False,1.0,0.95,0.0
A01842,retail_stable,13706397.619854419,8d-30d,False,True,False,1.0,0.95,0.0
A01843,retail_stable,5325983.820591837,overnight,False,True,False,1.0,0.95,0.0
A01844,loans,6884847.633909576,91d-1y,True,False,False,0.65,0.0,0.85
A01845,treasury_hqla,5162431.804981795,>1y,True,False,False,0.05,0.0,0.05
A01846,retail_less_stable,3036936.041407426,overnight,False,True,False,1.0,0.9,0.0
A01847,wholesale_unsecured,5114148.386777995,8d-30d,False,True,False,1.0,0.0,0.0
A01848,loans,1849921.1295772062,31d-90d,True,False,False,0.65,0.0,0.85
A01849,treasury_hqla,1666099.82801406,>1y,True,False,False,0.05,0.0,0.05
A01850,corporate_non_operational,3231190.507141701,overnight,False,True,False,1.0,0.5,0.0
A01851,corporate_non_operational,433584.25994839834,8d-30d,False,True,False,1.0,0.5,0.0
A01852,retail_stable,767941.3860150812,overnight,False,True,False,1.0,0.95,0.0
A01853,retail_stable,17987947.512218725,2d-7d,False,True,False,1.0,0.95,0.0
A01854,retail_stable,1815592.6345531438,91d-1y,False,True,False,1.0,0.95,0.0
A01855,equities,5432578.306118664,91d-1y,True,False,False,0.45,0.0,0.85
A01856,loans,7683544.167654789,91d-1y,True,False,False,0.65,0.0,0.85
A01857,corporate_non_operational,39267527.19678009,overnight,False,True,False,1.0,0.5,0.0
A01858,retail_stable,7773653.558120696,overnight,False,True,False,1.0,0.95,0.0
A01859,treasury_hqla,376271.53783288464,overnight,True,False,False,0.05,0.0,0.05
A01860,committed_facilities,405507.3699720131,8d-30d,False,False,True,1.0,0.0,0.0
A01861,retail_stable,52204330.28371752,2d-7d,False,True,False,1.0,0.95,0.0
A01862,retail_less_stable,2585265.2688905206,overnight,False,True,False,1.0,0.9,0.0
A01863,corporate_operational,3116648.7280233074,91d-1y,False,True,False,1.0,0.5,0.0
A01864,corporate_bonds,1957155.1374880772,31d-90d,True,False,False,0.2,0.0,0.5
A01865,treasury_hqla,3587098.6431152136,8d-30d,True,False,False,0.05,0.0,0.05
A01866,treasury_hqla,5257850.939006046,8d-30d,True,False,False,0.05,0.0,0.05
A01867,corporate_non_operational,2654713.1646487108,8d-30d,False,True,False,1.0,0.5,0.0
A01868,retail_stable,2738625.6295495527,overnight,False,True,False,1.0,0.95,0.0
A01869,committed_facilities,7038807.107563213,>1y,False,False,True,1.0,0.0,0.0
A01870,retail_stable,3739768.9169131974,overnight,False,True,False,1.0,0.95,0.0
A01871,retail_stable,898651.5572310593,overnight,False,True,False,1.0,0.95,0.0
A01872,retail_stable,11387681.0526626,2d-7d,False,True,False,1.0,0.95,0.0
A01873,corporate_bonds,690787.7321175225,>1y,True,False,False,0.2,0.0,0.5
A01874,treasury_hqla,2270856.2931444836,overnight,True,False,False,0.05,0.0,0.05
A01875,loans,2458084.5960680274,8d-30d,True,False,False,0.65,0.0,0.85
A01876,treasury_hqla,6574500.395766601,8d-30d,True,False,False,0.05,0.0,0.05
A01877,corporate_bonds,4413332.689751469,8d-30d,True,False,False,0.2,0.0,0.5
A01878,treasury_hqla,15406005.05907665,>1y,True,False,False,0.05,0.0,0.05
A01879,retail_stable,14673081.266287852,2d-7d,False,True,False,1.0,0.95,0.0
A01880,committed_facilities,6299815.651760424,91d-1y,False,False,True,1.0,0.0,0.0
A01881,loans,36755838.60561472,31d-90d,True,False,False,0.65,0.0,0.85
A01882,retail_less_stable,1867923.4856667402,31d-90d,False,True,False,1.0,0.9,0.0
A01883,retail_less_stable,16014923.193830987,31d-90d,False,True,False,1.0,0.9,0.0
A01884,corporate_non_operational,2947576.3907636693,91d-1y,False,True,False,1.0,0.5,0.0
A01885,retail_less_stable,2296235.4367065597,8d-30d,False,True,False,1.0,0.9,0.0
A01886,corporate_bonds,16431846.474263279,>1y,True,False,False,0.2,0.0,0.5
A01887,committed_facilities,6550015.295454877,91d-1y,False,False,True,1.0,0.0,0.0
A01888,retail_less_stable,1931298.004328245,2d-7d,False,True,False,1.0,0.9,0.0
A01889,retail_less_stable,1733433.7462131933,8d-30d,False,True,False,1.0,0.9,0.0
A01890,retail_stable,648463.9330491668,8d-30d,False,True,False,1.0,0.95,0.0
A01891,corporate_operational,1234661.5308909342,8d-30d,False,True,False,1.0,0.5,0.0
A01892,loans,1758287.040032071,31d-90d,True,False,False,0.65,0.0,0.85
A01893,corporate_non_operational,4300180.13108866,>1y,False,True,False,1.0,0.5,0.0
A01894,loans,458999.0086465617,31d-90d,True,False,False,0.65,0.0,0.85
A01895,wholesale_unsecured,980308.3582752713,overnight,False,True,False,1.0,0.0,0.0
A01896,retail_stable,1934401.5347215533,2d-7d,False,True,False,1.0,0.95,0.0
A01897,treasury_hqla,16600822.090696322,2d-7d,True,False,False,0.05,0.0,0.05
A01898,corporate_operational,3279410.53144088,91d-1y,False,True,False,1.0,0.5,0.0
A01899,corporate_non_operational,477114.6496082176,overnight,False,True,False,1.0,0.5,0.0
A01900,retail_stable,1520001.0942222236,overnight,False,True,False,1.0,0.95,0.0
A01901,loans,3600485.0465892376,>1y,True,False,False,0.65,0.0,0.85
A01902,retail_less_stable,3045551.783243183,8d-30d,False,True,False,1.0,0.9,0.0
A01903,corporate_operational,6124509.183296649,overnight,False,True,False,1.0,0.5,0.0
A01904,corporate_bonds,559741.4494437394,overnight,True,False,False,0.2,0.0,0.5
A01905,retail_stable,1351618.8246282567,overnight,False,True,False,1.0,0.95,0.0
A01906,corporate_bonds,17565721.30237464,91d-1y,True,False,False,0.2,0.0,0.5
A01907,corporate_non_operational,14945877.883972567,overnight,False,True,False,1.0,0.5,0.0
A01908,corporate_non_operational,28495186.472449876,8d-30d,False,True,False,1.0,0.5,0.0
A01909,wholesale_unsecured,4199063.905871387,overnight,False,True,False,1.0,0.0,0.0
A01910,retail_stable,580512.0394664763,overnight,False,True,False,1.0,0.95,0.0
A01911,committed_facilities,1076140.7096383297,91d-1y,False,False,True,1.0,0.0,0.0
A01912,retail_less_stable,11525977.681029912,overnight,False,True,False,1.0,0.9,0.0
A01913,treasury_hqla,3542123.121589055,91d-1y,True,False,False,0.05,0.0,0.05
A01914,corporate_non_operational,1520837.3038984425,2d-7d,False,True,False,1.0,0.5,0.0
A01915,loans,4541431.036766506,91d-1y,True,False,False,0.65,0.0,0.85
A01916,corporate_non_operational,4468319.293183823,overnight,False,True,False,1.0,0.5,0.0
A01917,loans,1236491.5227892553,91d-1y,True,False,False,0.65,0.0,0.85
A01918,retail_stable,8165861.910198261,8d-30d,False,True,False,1.0,0.95,0.0
A01919,corporate_non_operational,1663909.6876803036,>1y,False,True,False,1.0,0.5,0.0
A01920,corporate_bonds,344449.7384379206,>1y,True,False,False,0.2,0.0,0.5
A01921,retail_less_stable,3462910.0854702084,31d-90d,False,True,False,1.0,0.9,0.0
A01922,retail_stable,4781911.231772461,overnight,False,True,False,1.0,0.95,0.0
A01923,retail_stable,6892973.586864992,8d-30d,False,True,False,1.0,0.95,0.0
A01924,loans,2100824.013480126,91d-1y,True,False,False,0.65,0.0,0.85
A01925,wholesale_unsecured,1995493.1177895984,2d-7d,False,True,False,1.0,0.0,0.0
A01926,committed_facilities,3081469.9365884056,91d-1y,False,False,True,1.0,0.0,0.0
A01927,loans,4974447.931570775,31d-90d,True,False,False,0.65,0.0,0.85
A01928,loans,2700538.7297504656,91d-1y,True,False,False,0.65,0.0,0.85
A01929,wholesale_unsecured,2260449.0998742734,overnight,False,True,False,1.0,0.0,0.0
A01930,corporate_operational,8155563.346510919,8d-30d,False,True,False,1.0,0.5,0.0
A01931,retail_less_stable,1175664.77718735,overnight,False,True,False,1.0,0.9,0.0
A01932,corporate_non_operational,347828.79670317867,overnight,False,True,False,1.0,0.5,0.0
A01933,retail_stable,31167961.32171566,>1y,False,True,False,1.0,0.95,0.0
A01934,retail_stable,2680343.4461034546,overnight,False,True,False,1.0,0.95,0.0
A01935,corporate_operational,12633699.087950256,8d-30d,False,True,False,1.0,0.5,0.0
A01936,retail_stable,447461.2960498651,31d-90d,False,True,False,1.0,0.95,0.0
A01937,corporate_operational,6933831.00673098,2d-7d,False,True,False,1.0,0.5,0.0
A01938,retail_stable,4754016.250519306,31d-90d,False,True,False,1.0,0.95,0.0
A01939,committed_facilities,6343411.114773216,91d-1y,False,False,True,1.0,0.0,0.0
A01940,retail_less_stable,2906190.527894132,91d-1y,False,True,False,1.0,0.9,0.0
A01941,corporate_operational,24940876.53694361,2d-7d,False,True,False,1.0,0.5,0.0
A01942,retail_less_stable,600888.8357669519,91d-1y,False,True,False,1.0,0.9,0.0
A01943,retail_less_stable,2863477.9278351767,8d-30d,False,True,False,1.0,0.9,0.0
A01944,retail_less_stable,9334066.352098359,91d-1y,False,True,False,1.0,0.9,0.0
A01945,loans,656327.2605424271,91d-1y,True,False,False,0.65,0.0,0.85
A01946,equities,2565428.469148259,8d-30d,True,False,False,0.45,0.0,0.85
A01947,loans,2812548.8422810994,91d-1y,True,False,False,0.65,0.0,0.85
A01948,wholesale_unsecured,2859077.214127709,overnight,False,True,False,1.0,0.0,0.0
A01949,retail_stable,571002.1812870561,8d-30d,False,True,False,1.0,0.95,0.0
A01950,loans,26736986.164455224,>1y,True,False,False,0.65,0.0,0.85
A01951,corporate_bonds,22152452.456916776,91d-1y,True,False,False,0.2,0.0,0.5
A01952,retail_stable,7469819.642710271,2d-7d,False,True,False,1.0,0.95,0.0
A01953,loans,7912261.282034624,91d-1y,True,False,False,0.65,0.0,0.85
A01954,corporate_non_operational,6464648.292195227,2d-7d,False,True,False,1.0,0.5,0.0
A01955,corporate_bonds,3673378.801439418,>1y,True,False,False,0.2,0.0,0.5
A01956,corporate_non_operational,3243755.333612405,overnight,False,True,False,1.0,0.5,0.0
A01957,corporate_non_operational,21181316.906982034,8d-30d,False,True,False,1.0,0.5,0.0
A01958,corporate_non_operational,1108838.6422988076,overnight,False,True,False,1.0,0.5,0.0
A01959,retail_less_stable,5020091.64669294,8d-30d,False,True,False,1.0,0.9,0.0
A01960,retail_less_stable,2912113.571344424,2d-7d,False,True,False,1.0,0.9,0.0
A01961,retail_stable,2366391.122541353,overnight,False,True,False,1.0,0.95,0.0
A01962,retail_stable,3775107.803716776,91d-1y,False,True,False,1.0,0.95,0.0
A01963,treasury_hqla,5335429.430466259,overnight,True,False,False,0.05,0.0,0.05
A01964,retail_less_stable,3209019.4595618974,2d-7d,False,True,False,1.0,0.9,0.0
A01965,loans,3576209.9163434375,91d-1y,True,False,False,0.65,0.0,0.85
A01966,retail_stable,3662698.6430361895,overnight,False,True,False,1.0,0.95,0.0
A01967,retail_less_stable,774729.8558409158,overnight,False,True,False,1.0,0.9,0.0
A01968,committed_facilities,1160273.578648937,91d-1y,False,False,True,1.0,0.0,0.0
A01969,corporate_non_operational,1517379.408121149,31d-90d,False,True,False,1.0,0.5,0.0
A01970,corporate_operational,3167063.6896099746,overnight,False,True,False,1.0,0.5,0.0
A01971,retail_less_stable,13833342.532995174,2d-7d,False,True,False,1.0,0.9,0.0
A01972,wholesale_unsecured,2112838.337381271,overnight,False,True,False,1.0,0.0,0.0
A01973,wholesale_unsecured,2313145.794915248,overnight,False,True,False,1.0,0.0,0.0
A01974,retail_stable,1081462.3829415448,91d-1y,False,True,False,1.0,0.95,0.0
A01975,corporate_non_operational,3251163.7311725505,overnight,False,True,False,1.0,0.5,0.0
A01976,retail_less_stable,4218818.660820025,overnight,False,True,False,1.0,0.9,0.0
A01977,retail_stable,2970498.072662316,2d-7d,False,True,False,1.0,0.95,0.0
A01978,corporate_operational,1535333.229090076,31d-90d,False,True,False,1.0,0.5,0.0
A01979,treasury_hqla,1490232.9987906637,31d-90d,True,False,False,0.05,0.0,0.05
A01980,loans,7956722.059650404,8d-30d,True,False,False,0.65,0.0,0.85
A01981,loans,3940918.857814115,91d-1y,True,False,False,0.65,0.0,0.85
A01982,loans,4420323.281499046,91d-1y,True,False,False,0.65,0.0,0.85
A01983,loans,2325291.8978333897,>1y,True,False,False,0.65,0.0,0.85
A01984,loans,4492664.753140452,2d-7d,True,False,False,0.65,0.0,0.85
A01985,retail_stable,1992239.2424310707,91d-1y,False,True,False,1.0,0.95,0.0
A01986,corporate_bonds,684707.4974507104,91d-1y,True,False,False,0.2,0.0,0.5
A01987,loans,1730030.4140595603,overnight,True,False,False,0.65,0.0,0.85
A01988,corporate_non_operational,618935.6275220999,91d-1y,False,True,False,1.0,0.5,0.0
A01989,loans,7407335.865492769,8d-30d,True,False,False,0.65,0.0,0.85
A01990,wholesale_unsecured,6488397.65470991,2d-7d,False,True,False,1.0,0.0,0.0
A01991,loans,2669359.100678038,31d-90d,True,False,False,0.65,0.0,0.85
A01992,retail_less_stable,5712406.167512023,2d-7d,False,True,False,1.0,0.9,0.0
A01993,loans,2582087.6593494043,>1y,True,False,False,0.65,0.0,0.85
A01994,retail_stable,2195968.1104591046,overnight,False,True,False,1.0,0.95,0.0
A01995,wholesale_unsecured,1425106.5537547495,31d-90d,False,True,False,1.0,0.0,0.0
A01996,corporate_non_operational,1040808.3320201216,91d-1y,False,True,False,1.0,0.5,0.0
A01997,equities,2280574.7130303304,>1y,True,False,False,0.45,0.0,0.85
A01998,retail_stable,2614863.4346912205,overnight,False,True,False,1.0,0.95,0.0
A01999,retail_less_stable,8166782.218458375,overnight,False,True,False,1.0,0.9,0.0
A02000,loans,7041455.060763085,>1y,True,False,False,0.65,0.0,0.85
A02001,corporate_non_operational,15392543.93260667,overnight,False,True,False,1.0,0.5,0.0
A02002,corporate_bonds,1934774.904030345,2d-7d,True,False,False,0.2,0.0,0.5
A02003,retail_stable,24139040.3911336,overnight,False,True,False,1.0,0.95,0.0
A02004,treasury_hqla,1762307.0062446655,91d-1y,True,False,False,0.05,0.0,0.05
A02005,loans,8867691.542788472,>1y,True,False,False,0.65,0.0,0.85
A02006,loans,10281608.647061858,31d-90d,True,False,False,0.65,0.0,0.85
A02007,corporate_non_operational,756467.5677015922,91d-1y,False,True,False,1.0,0.5,0.0
A02008,wholesale_unsecured,9778890.070163375,91d-1y,False,True,False,1.0,0.0,0.0
A02009,loans,2508878.9072785005,8d-30d,True,False,False,0.65,0.0,0.85
A02010,treasury_hqla,32820751.342614464,>1y,True,False,False,0.05,0.0,0.05
A02011,treasury_hqla,1091858.8974985762,91d-1y,True,False,False,0.05,0.0,0.05
A02012,loans,738130.0285682211,8d-30d,True,False,False,0.65,0.0,0.85
A02013,wholesale_unsecured,4151653.495538535,overnight,False,True,False,1.0,0.0,0.0
A02014,corporate_operational,1051265.972217891,8d-30d,False,True,False,1.0,0.5,0.0
A02015,corporate_bonds,1048984.2815118963,31d-90d,True,False,False,0.2,0.0,0.5
A02016,corporate_bonds,5201407.025981737,31d-90d,True,False,False,0.2,0.0,0.5
A02017,loans,1084697.6317683395,91d-1y,True,False,False,0.65,0.0,0.85
A02018,loans,1301436.7867540922,91d-1y,True,False,False,0.65,0.0,0.85
A02019,loans,2015993.917924495,>1y,True,False,False,0.65,0.0,0.85
A02020,corporate_non_operational,3499540.8756592004,8d-30d,False,True,False,1.0,0.5,0.0
A02021,corporate_non_operational,1159151.4095432446,overnight,False,True,False,1.0,0.5,0.0
A02022,corporate_operational,10788218.78261378,91d-1y,False,True,False,1.0,0.5,0.0
A02023,committed_facilities,13742151.330158904,2d-7d,False,False,True,1.0,0.0,0.0
A02024,treasury_hqla,10060667.650209343,>1y,True,False,False,0.05,0.0,0.05
A02025,corporate_operational,2442432.7380493893,overnight,False,True,False,1.0,0.5,0.0
A02026,treasury_hqla,8668050.567971194,>1y,True,False,False,0.05,0.0,0.05
A02027,corporate_operational,2263296.535308833,>1y,False,True,False,1.0,0.5,0.0
A02028,retail_less_stable,5270406.385485817,overnight,False,True,False,1.0,0.9,0.0
A02029,wholesale_unsecured,723395.656092332,91d-1y,False,True,False,1.0,0.0,0.0
A02030,loans,23126354.110831972,overnight,True,False,False,0.65,0.0,0.85
A02031,equities,8300220.031896859,91d-1y,True,False,False,0.45,0.0,0.85
A02032,retail_stable,15730335.623501502,31d-90d,False,True,False,1.0,0.95,0.0
A02033,committed_facilities,3209507.894285519,2d-7d,False,False,True,1.0,0.0,0.0
A02034,wholesale_unsecured,1045497.1057501971,overnight,False,True,False,1.0,0.0,0.0
A02035,retail_less_stable,5149027.22096899,2d-7d,False,True,False,1.0,0.9,0.0
A02036,corporate_non_operational,12916700.791437441,91d-1y,False,True,False,1.0,0.5,0.0
A02037,loans,4310982.940738429,>1y,True,False,False,0.65,0.0,0.85
A02038,retail_stable,689633.799026732,8d-30d,False,True,False,1.0,0.95,0.0
A02039,treasury_hqla,33153119.37374624,91d-1y,True,False,False,0.05,0.0,0.05
A02040,loans,1171428.305037416,>1y,True,False,False,0.65,0.0,0.85
A02041,corporate_non_operational,11865297.114831392,2d-7d,False,True,False,1.0,0.5,0.0
A02042,loans,7048441.882003069,>1y,True,False,False,0.65,0.0,0.85
A02043,corporate_bonds,2766389.312329774,31d-90d,True,False,False,0.2,0.0,0.5
A02044,corporate_operational,844818.024923558,8d-30d,False,True,False,1.0,0.5,0.0
A02045,corporate_non_operational,944176.2938465385,2d-7d,False,True,False,1.0,0.5,0.0
A02046,loans,1369195.2398524268,>1y,True,False,False,0.65,0.0,0.85
A02047,retail_less_stable,522095.66322797973,overnight,False,True,False,1.0,0.9,0.0
A02048,retail_stable,10614549.495813176,91d-1y,False,True,False,1.0,0.95,0.0
A02049,loans,7265515.413515905,91d-1y,True,False,False,0.65,0.0,0.85
A02050,wholesale_unsecured,1328106.7588055069,8d-30d,False,True,False,1.0,0.0,0.0
A02051,loans,3128433.676212346,91d-1y,True,False,False,0.65,0.0,0.85
A02052,loans,1257110.8826032032,31d-90d,True,False,False,0.65,0.0,0.85
A02053,corporate_non_operational,466034.9948652552,8d-30d,False,True,False,1.0,0.5,0.0
A02054,loans,3306421.128233349,8d-30d,True,False,False,0.65,0.0,0.85
A02055,corporate_bonds,29935931.860424504,>1y,True,False,False,0.2,0.0,0.5
A02056,wholesale_unsecured,11919623.319500221,2d-7d,False,True,False,1.0,0.0,0.0
A02057,loans,4482896.341864618,31d-90d,True,False,False,0.65,0.0,0.85
A02058,corporate_bonds,546772.7940400583,31d-90d,True,False,False,0.2,0.0,0.5
A02059,retail_less_stable,2015040.5131111825,overnight,False,True,False,1.0,0.9,0.0
A02060,loans,2032991.68220139,>1y,True,False,False,0.65,0.0,0.85
A02061,loans,706904.7496017192,91d-1y,True,False,False,0.65,0.0,0.85
A02062,corporate_operational,15708652.403609632,overnight,False,True,False,1.0,0.5,0.0
A02063,retail_less_stable,3197628.789686868,2d-7d,False,True,False,1.0,0.9,0.0
A02064,corporate_operational,3130646.3621241176,2d-7d,False,True,False,1.0,0.5,0.0
A02065,loans,369522.4289160091,31d-90d,True,False,False,0.65,0.0,0.85
A02066,retail_less_stable,36555191.14881505,overnight,False,True,False,1.0,0.9,0.0
A02067,retail_stable,3657484.099597545,8d-30d,False,True,False,1.0,0.95,0.0
A02068,retail_less_stable,4867136.088671544,2d-7d,False,True,False,1.0,0.9,0.0
A02069,loans,5466278.2430562945,91d-1y,True,False,False,0.65,0.0,0.85
A02070,loans,962388.8138588838,>1y,True,False,False,0.65,0.0,0.85
A02071,retail_less_stable,2538454.0034290547,overnight,False,True,False,1.0,0.9,0.0
A02072,retail_stable,2107438.539802483,>1y,False,True,False,1.0,0.95,0.0
A02073,loans,841513.0353555083,31d-90d,True,False,False,0.65,0.0,0.85
A02074,corporate_operational,15200720.324195458,2d-7d,False,True,False,1.0,0.5,0.0
A02075,retail_less_stable,8317890.955225229,overnight,False,True,False,1.0,0.9,0.0
A02076,loans,2468250.4396227836,31d-90d,True,False,False,0.65,0.0,0.85
A02077,wholesale_unsecured,9141540.993106678,8d-30d,False,True,False,1.0,0.0,0.0
A02078,retail_less_stable,27055741.907629117,overnight,False,True,False,1.0,0.9,0.0
A02079,corporate_non_operational,4462582.3194555435,overnight,False,True,False,1.0,0.5,0.0
A02080,loans,861640.2307975228,91d-1y,True,False,False,0.65,0.0,0.85
A02081,corporate_operational,2714093.091400819,8d-30d,False,True,False,1.0,0.5,0.0
A02082,corporate_non_operational,4221950.864197456,31d-90d,False,True,False,1.0,0.5,0.0
A02083,retail_less_stable,464191.39837432164,8d-30d,False,True,False,1.0,0.9,0.0
A02084,retail_stable,323378.1603501404,91d-1y,False,True,False,1.0,0.95,0.0
A02085,corporate_operational,4205072.161180944,91d-1y,False,True,False,1.0,0.5,0.0
A02086,loans,4206689.88163544,2d-7d,True,False,False,0.65,0.0,0.85
A02087,corporate_non_operational,2418234.7543835277,overnight,False,True,False,1.0,0.5,0.0
A02088,corporate_operational,18843315.151366398,2d-7d,False,True,False,1.0,0.5,0.0
A02089,retail_less_stable,2408484.257917172,overnight,False,True,False,1.0,0.9,0.0
A02090,loans,645843.710716413,2d-7d,True,False,False,0.65,0.0,0.85
A02091,wholesale_unsecured,3604425.5494452054,91d-1y,False,True,False,1.0,0.0,0.0
A02092,loans,602419.6853876307,91d-1y,True,False,False,0.65,0.0,0.85
A02093,retail_stable,17674092.825667713,31d-90d,False,True,False,1.0,0.95,0.0
A02094,corporate_non_operational,5036819.07366679,overnight,False,True,False,1.0,0.5,0.0
A02095,loans,2372876.102613933,>1y,True,False,False,0.65,0.0,0.85
A02096,retail_stable,10826790.624487042,overnight,False,True,False,1.0,0.95,0.0
A02097,corporate_non_operational,1733859.288800552,>1y,False,True,False,1.0,0.5,0.0
A02098,loans,954810.2698755009,8d-30d,True,False,False,0.65,0.0,0.85
A02099,retail_stable,2021596.6223375767,overnight,False,True,False,1.0,0.95,0.0
A02100,loans,4037590.0895007234,>1y,True,False,False,0.65,0.0,0.85
A02101,wholesale_unsecured,3399316.506961773,2d-7d,False,True,False,1.0,0.0,0.0
A02102,retail_less_stable,2344476.7968173907,overnight,False,True,False,1.0,0.9,0.0
A02103,corporate_bonds,677065.1235810637,overnight,True,False,False,0.2,0.0,0.5
A02104,retail_stable,11010448.02772113,31d-90d,False,True,False,1.0,0.95,0.0
A02105,corporate_non_operational,840815.9006659583,overnight,False,True,False,1.0,0.5,0.0
A02106,corporate_operational,16148042.173132459,31d-90d,False,True,False,1.0,0.5,0.0
A02107,treasury_hqla,3720600.327326572,91d-1y,True,False,False,0.05,0.0,0.05
A02108,corporate_non_operational,1737836.7670227624,overnight,False,True,False,1.0,0.5,0.0
A02109,retail_stable,3048034.198798347,31d-90d,False,True,False,1.0,0.95,0.0
A02110,loans,737675.0139964012,91d-1y,True,False,False,0.65,0.0,0.85
A02111,committed_facilities,1166674.231279733,91d-1y,False,False,True,1.0,0.0,0.0
A02112,retail_stable,2626702.7348368014,>1y,False,True,False,1.0,0.95,0.0
A02113,corporate_operational,1019708.1670515446,8d-30d,False,True,False,1.0,0.5,0.0
A02114,retail_stable,3772273.278935422,31d-90d,False,True,False,1.0,0.95,0.0
A02115,equities,2674425.5508771255,>1y,True,False,False,0.45,0.0,0.85
A02116,loans,1877914.420923951,31d-90d,True,False,False,0.65,0.0,0.85
A02117,loans,1841352.569295811,91d-1y,True,False,False,0.65,0.0,0.85
A02118,retail_stable,16264070.916349506,overnight,False,True,False,1.0,0.95,0.0
A02119,committed_facilities,46123866.039029896,31d-90d,False,False,True,1.0,0.0,0.0
A02120,loans,5155606.9682320235,overnight,True,False,False,0.65,0.0,0.85
A02121,retail_stable,1914566.648086143,overnight,False,True,False,1.0,0.95,0.0
A02122,wholesale_unsecured,10623175.275984537,8d-30d,False,True,False,1.0,0.0,0.0
A02123,retail_stable,2946970.544720862,overnight,False,True,False,1.0,0.95,0.0
A02124,corporate_non_operational,8775832.93397914,8d-30d,False,True,False,1.0,0.5,0.0
A02125,retail_less_stable,730478.9254253737,2d-7d,False,True,False,1.0,0.9,0.0
A02126,loans,1107129.130739201,>1y,True,False,False,0.65,0.0,0.85
A02127,loans,13201992.477554712,>1y,True,False,False,0.65,0.0,0.85
A02128,loans,10720815.498518359,>1y,True,False,False,0.65,0.0,0.85
A02129,retail_less_stable,2063528.503292274,2d-7d,False,True,False,1.0,0.9,0.0
A02130,retail_stable,1207285.0980201457,2d-7d,False,True,False,1.0,0.95,0.0
A02131,wholesale_unsecured,2615463.2641129317,overnight,False,True,False,1.0,0.0,0.0
A02132,loans,1291463.7029822099,31d-90d,True,False,False,0.65,0.0,0.85
A02133,retail_less_stable,30186846.792279027,31d-90d,False,True,False,1.0,0.9,0.0
A02134,loans,1334657.4113434348,>1y,True,False,False,0.65,0.0,0.85
A02135,corporate_non_operational,6103343.136226838,8d-30d,False,True,False,1.0,0.5,0.0
A02136,corporate_operational,8548516.510112612,31d-90d,False,True,False,1.0,0.5,0.0
A02137,retail_less_stable,1023451.0490304597,overnight,False,True,False,1.0,0.9,0.0
A02138,corporate_non_operational,3171477.8756463877,91d-1y,False,True,False,1.0,0.5,0.0
A02139,treasury_hqla,1116765.7659806204,8d-30d,True,False,False,0.05,0.0,0.05
A02140,corporate_non_operational,744961.6053213887,overnight,False,True,False,1.0,0.5,0.0
A02141,retail_less_stable,7599884.681008468,91d-1y,False,True,False,1.0,0.9,0.0
A02142,retail_stable,338968.27833921177,8d-30d,False,True,False,1.0,0.95,0.0
A02143,wholesale_unsecured,3779335.7698843624,overnight,False,True,False,1.0,0.0,0.0
A02144,retail_stable,8962015.315158976,8d-30d,False,True,False,1.0,0.95,0.0
A02145,loans,6770550.835043443,31d-90d,True,False,False,0.65,0.0,0.85
A02146,retail_less_stable,3040443.2007565033,8d-30d,False,True,False,1.0,0.9,0.0
A02147,retail_stable,4034871.021283798,2d-7d,False,True,False,1.0,0.95,0.0
A02148,treasury_hqla,5100092.0412431015,overnight,True,False,False,0.05,0.0,0.05
A02149,corporate_non_operational,4610457.68716572,overnight,False,True,False,1.0,0.5,0.0
A02150,loans,4924105.76054617,8d-30d,True,False,False,0.65,0.0,0.85
A02151,retail_stable,4178969.6425171373,2d-7d,False,True,False,1.0,0.95,0.0
A02152,retail_stable,3691986.8987048515,8d-30d,False,True,False,1.0,0.95,0.0
A02153,loans,22046002.344199013,>1y,True,False,False,0.65,0.0,0.85
A02154,retail_stable,1254461.8861616664,overnight,False,True,False,1.0,0.95,0.0
A02155,corporate_bonds,1366890.237554853,>1y,True,False,False,0.2,0.0,0.5
A02156,treasury_hqla,2309859.622117133,91d-1y,True,False,False,0.05,0.0,0.05
A02157,corporate_operational,14632240.283226559,31d-90d,False,True,False,1.0,0.5,0.0
A02158,retail_stable,13242855.622078959,2d-7d,False,True,False,1.0,0.95,0.0
A02159,corporate_operational,2182536.151966526,overnight,False,True,False,1.0,0.5,0.0
A02160,treasury_hqla,3281968.2154569267,31d-90d,True,False,False,0.05,0.0,0.05
A02161,corporate_operational,895647.1789896215,overnight,False,True,False,1.0,0.5,0.0
A02162,corporate_operational,21163638.593414478,91d-1y,False,True,False,1.0,0.5,0.0
A02163,retail_less_stable,1677728.9244215304,31d-90d,False,True,False,1.0,0.9,0.0
A02164,retail_stable,11230702.392115481,overnight,False,True,False,1.0,0.95,0.0
A02165,corporate_bonds,670132.8278067401,>1y,True,False,False,0.2,0.0,0.5
A02166,retail_less_stable,5832036.273944745,31d-90d,False,True,False,1.0,0.9,0.0
A02167,retail_less_stable,316008.49154976546,overnight,False,True,False,1.0,0.9,0.0
A02168,retail_less_stable,2156718.2513731597,31d-90d,False,True,False,1.0,0.9,0.0
A02169,retail_less_stable,1470353.9161544412,91d-1y,False,True,False,1.0,0.9,0.0
A02170,corporate_operational,523063.90331172233,overnight,False,True,False,1.0,0.5,0.0
A02171,committed_facilities,11676003.505340334,91d-1y,False,False,True,1.0,0.0,0.0
A02172,retail_stable,8408318.974881995,overnight,False,True,False,1.0,0.95,0.0
A02173,retail_stable,12516465.25126078,overnight,False,True,False,1.0,0.95,0.0
A02174,retail_less_stable,1152920.0380352214,2d-7d,False,True,False,1.0,0.9,0.0
A02175,retail_stable,7141331.135206311,31d-90d,False,True,False,1.0,0.95,0.0
A02176,wholesale_unsecured,4029778.4999064845,>1y,False,True,False,1.0,0.0,0.0
A02177,retail_stable,1149312.175669165,overnight,False,True,False,1.0,0.95,0.0
A02178,loans,13088094.685257364,91d-1y,True,False,False,0.65,0.0,0.85
A02179,corporate_operational,1115912.600303031,2d-7d,False,True,False,1.0,0.5,0.0
A02180,loans,1447114.4911961178,>1y,True,False,False,0.65,0.0,0.85
A02181,corporate_non_operational,17046843.333249237,overnight,False,True,False,1.0,0.5,0.0
A02182,retail_stable,3194612.28518435,>1y,False,True,False,1.0,0.95,0.0
A02183,committed_facilities,3864735.544022051,8d-30d,False,False,True,1.0,0.0,0.0
A02184,retail_less_stable,6666741.5624311045,8d-30d,False,True,False,1.0,0.9,0.0
A02185,retail_stable,1219797.758596754,overnight,False,True,False,1.0,0.95,0.0
A02186,committed_facilities,8296797.044901807,2d-7d,False,False,True,1.0,0.0,0.0
A02187,retail_stable,5093235.442885742,91d-1y,False,True,False,1.0,0.95,0.0
A02188,committed_facilities,13359362.460273096,8d-30d,False,False,True,1.0,0.0,0.0
A02189,committed_facilities,2603739.7869202397,91d-1y,False,False,True,1.0,0.0,0.0
A02190,treasury_hqla,3481065.0483207665,2d-7d,True,False,False,0.05,0.0,0.05
A02191,corporate_operational,3928257.015471186,91d-1y,False,True,False,1.0,0.5,0.0
A02192,corporate_non_operational,3819036.60369129,overnight,False,True,False,1.0,0.5,0.0
A02193,loans,25612357.121332154,31d-90d,True,False,False,0.65,0.0,0.85
A02194,retail_stable,20730794.19946085,overnight,False,True,False,1.0,0.95,0.0
A02195,retail_stable,13133815.932626592,overnight,False,True,False,1.0,0.95,0.0
A02196,loans,21643913.017043285,>1y,True,False,False,0.65,0.0,0.85
A02197,retail_stable,4353095.429478279,overnight,False,True,False,1.0,0.95,0.0
A02198,retail_less_stable,3357724.1407969776,overnight,False,True,False,1.0,0.9,0.0
A02199,committed_facilities,12850741.234325385,overnight,False,False,True,1.0,0.0,0.0
A02200,retail_less_stable,1498176.1759937112,>1y,False,True,False,1.0,0.9,0.0
A02201,treasury_hqla,7944332.948625354,31d-90d,True,False,False,0.05,0.0,0.05
A02202,loans,9965332.872929368,>1y,True,False,False,0.65,0.0,0.85
A02203,loans,562343.333500974,31d-90d,True,False,False,0.65,0.0,0.85
A02204,loans,7154933.859609733,2d-7d,True,False,False,0.65,0.0,0.85
A02205,retail_stable,6445830.97724585,31d-90d,False,True,False,1.0,0.95,0.0
A02206,retail_stable,2177663.6566647775,8d-30d,False,True,False,1.0,0.95,0.0
A02207,corporate_operational,1872551.5798974792,8d-30d,False,True,False,1.0,0.5,0.0
A02208,loans,419909.2278929247,8d-30d,True,False,False,0.65,0.0,0.85
A02209,retail_stable,2018730.7897262194,overnight,False,True,False,1.0,0.95,0.0
A02210,loans,1651720.7458655525,>1y,True,False,False,0.65,0.0,0.85
A02211,loans,1633722.0786195672,>1y,True,False,False,0.65,0.0,0.85
A02212,retail_stable,428451.6836111844,2d-7d,False,True,False,1.0,0.95,0.0
A02213,retail_stable,1227455.4503985068,8d-30d,False,True,False,1.0,0.95,0.0
A02214,loans,3077099.3372261147,overnight,True,False,False,0.65,0.0,0.85
A02215,retail_stable,1526152.455598625,2d-7d,False,True,False,1.0,0.95,0.0
A02216,retail_less_stable,2610334.387639455,31d-90d,False,True,False,1.0,0.9,0.0
A02217,loans,10669476.365866385,31d-90d,True,False,False,0.65,0.0,0.85
A02218,loans,9140970.558690315,>1y,True,False,False,0.65,0.0,0.85
A02219,retail_stable,2336192.818949917,overnight,False,True,False,1.0,0.95,0.0
A02220,wholesale_unsecured,703712.5527737004,2d-7d,False,True,False,1.0,0.0,0.0
A02221,treasury_hqla,2144304.137932036,>1y,True,False,False,0.05,0.0,0.05
A02222,loans,5221117.809277702,2d-7d,True,False,False,0.65,0.0,0.85
A02223,retail_stable,1000610.0068408325,91d-1y,False,True,False,1.0,0.95,0.0
A02224,retail_stable,3273320.2020759466,91d-1y,False,True,False,1.0,0.95,0.0
A02225,corporate_bonds,1808413.5388226234,8d-30d,True,False,False,0.2,0.0,0.5
A02226,retail_less_stable,20346174.563019738,overnight,False,True,False,1.0,0.9,0.0
A02227,corporate_operational,23376514.69027582,8d-30d,False,True,False,1.0,0.5,0.0
A02228,corporate_operational,3390306.5326019656,91d-1y,False,True,False,1.0,0.5,0.0
A02229,corporate_bonds,3704297.4705430483,31d-90d,True,False,False,0.2,0.0,0.5
A02230,treasury_hqla,493959.6434048305,91d-1y,True,False,False,0.05,0.0,0.05
A02231,loans,2884403.8174852952,91d-1y,True,False,False,0.65,0.0,0.85
A02232,corporate_non_operational,2807928.8050672812,8d-30d,False,True,False,1.0,0.5,0.0
A02233,retail_stable,3121867.4946134747,91d-1y,False,True,False,1.0,0.95,0.0
A02234,retail_less_stable,6037319.3817601735,31d-90d,False,True,False,1.0,0.9,0.0
A02235,corporate_operational,2997716.3643483836,overnight,False,True,False,1.0,0.5,0.0
A02236,corporate_non_operational,23241024.29138098,overnight,False,True,False,1.0,0.5,0.0
A02237,loans,4590119.395489003,2d-7d,True,False,False,0.65,0.0,0.85
A02238,retail_stable,1958214.0081156956,2d-7d,False,True,False,1.0,0.95,0.0
A02239,retail_stable,6707562.827355901,overnight,False,True,False,1.0,0.95,0.0
A02240,corporate_operational,3221780.499793424,overnight,False,True,False,1.0,0.5,0.0
A02241,loans,7030771.323804065,>1y,True,False,False,0.65,0.0,0.85
A02242,retail_stable,141154.69432408863,8d-30d,False,True,False,1.0,0.95,0.0
A02243,corporate_operational,1696481.8830923368,2d-7d,False,True,False,1.0,0.5,0.0
A02244,retail_stable,4513162.703899433,2d-7d,False,True,False,1.0,0.95,0.0
A02245,wholesale_unsecured,927934.9989709565,2d-7d,False,True,False,1.0,0.0,0.0
A02246,retail_stable,3256648.421075306,2d-7d,False,True,False,1.0,0.95,0.0
A02247,retail_stable,2246838.554802339,91d-1y,False,True,False,1.0,0.95,0.0
A02248,committed_facilities,11126935.992701838,>1y,False,False,True,1.0,0.0,0.0
A02249,corporate_non_operational,1262645.06913938,overnight,False,True,False,1.0,0.5,0.0
A02250,wholesale_unsecured,660372.5996376273,8d-30d,False,True,False,1.0,0.0,0.0
A02251,loans,811184.9921063037,8d-30d,True,False,False,0.65,0.0,0.85
A02252,retail_stable,31097996.219097096,8d-30d,False,True,False,1.0,0.95,0.0
A02253,corporate_operational,4639573.995583885,overnight,False,True,False,1.0,0.5,0.0
A02254,treasury_hqla,1939333.8991843015,31d-90d,True,False,False,0.05,0.0,0.05
A02255,retail_stable,2982523.815397769,overnight,False,True,False,1.0,0.95,0.0
A02256,retail_stable,4341406.416961196,overnight,False,True,False,1.0,0.95,0.0
A02257,retail_less_stable,7579082.564965134,>1y,False,True,False,1.0,0.9,0.0
A02258,treasury_hqla,4297701.902332711,31d-90d,True,False,False,0.05,0.0,0.05
A02259,wholesale_unsecured,1827602.4527962245,91d-1y,False,True,False,1.0,0.0,0.0
A02260,retail_stable,10408256.741520537,91d-1y,False,True,False,1.0,0.95,0.0
A02261,retail_stable,5724090.04068768,31d-90d,False,True,False,1.0,0.95,0.0
A02262,loans,4524611.110102371,8d-30d,True,False,False,0.65,0.0,0.85
A02263,corporate_bonds,26074967.3075854,overnight,True,False,False,0.2,0.0,0.5
A02264,equities,4527484.40843194,91d-1y,True,False,False,0.45,0.0,0.85
A02265,loans,1247830.0696603402,2d-7d,True,False,False,0.65,0.0,0.85
A02266,treasury_hqla,2284672.640821175,91d-1y,True,False,False,0.05,0.0,0.05
A02267,corporate_operational,5620389.546984733,overnight,False,True,False,1.0,0.5,0.0
A02268,treasury_hqla,7816809.848785445,>1y,True,False,False,0.05,0.0,0.05
A02269,loans,1268046.7284729525,>1y,True,False,False,0.65,0.0,0.85
A02270,treasury_hqla,1514491.9071603648,91d-1y,True,False,False,0.05,0.0,0.05
A02271,retail_stable,3829568.867505672,overnight,False,True,False,1.0,0.95,0.0
A02272,loans,12850133.948936205,overnight,True,False,False,0.65,0.0,0.85
A02273,corporate_operational,4605855.353044184,2d-7d,False,True,False,1.0,0.5,0.0
A02274,wholesale_unsecured,4879523.460688186,8d-30d,False,True,False,1.0,0.0,0.0
A02275,corporate_non_operational,3648980.052757487,2d-7d,False,True,False,1.0,0.5,0.0
A02276,retail_less_stable,912441.8671965111,overnight,False,True,False,1.0,0.9,0.0
A02277,retail_less_stable,3304871.8330102228,2d-7d,False,True,False,1.0,0.9,0.0
A02278,corporate_bonds,9991892.263300594,>1y,True,False,False,0.2,0.0,0.5
A02279,loans,84992698.52697113,31d-90d,True,False,False,0.65,0.0,0.85
A02280,treasury_hqla,5861059.879489111,>1y,True,False,False,0.05,0.0,0.05
A02281,loans,568343.3490739517,31d-90d,True,False,False,0.65,0.0,0.85
A02282,retail_less_stable,1118360.655842819,31d-90d,False,True,False,1.0,0.9,0.0
A02283,retail_less_stable,420877.08138143213,8d-30d,False,True,False,1.0,0.9,0.0
A02284,equities,908239.5757022391,overnight,True,False,False,0.45,0.0,0.85
A02285,corporate_non_operational,26163180.02330011,8d-30d,False,True,False,1.0,0.5,0.0
A02286,corporate_operational,1491347.894641803,overnight,False,True,False,1.0,0.5,0.0
A02287,loans,2737123.0109433746,>1y,True,False,False,0.65,0.0,0.85
A02288,corporate_operational,2268832.6904636836,8d-30d,False,True,False,1.0,0.5,0.0
A02289,wholesale_unsecured,2555889.447719506,overnight,False,True,False,1.0,0.0,0.0
A02290,treasury_hqla,794471.6287877355,>1y,True,False,False,0.05,0.0,0.05
A02291,equities,462257.90428435,>1y,True,False,False,0.45,0.0,0.85
A02292,retail_less_stable,3312138.562332619,8d-30d,False,True,False,1.0,0.9,0.0
A02293,loans,7610211.038472645,91d-1y,True,False,False,0.65,0.0,0.85
A02294,retail_stable,4064669.8129521254,8d-30d,False,True,False,1.0,0.95,0.0
A02295,corporate_operational,2615407.9891053406,8d-30d,False,True,False,1.0,0.5,0.0
A02296,corporate_bonds,784449.0785771597,8d-30d,True,False,False,0.2,0.0,0.5
A02297,corporate_bonds,717814.0094787603,91d-1y,True,False,False,0.2,0.0,0.5
A02298,retail_less_stable,46494718.18035543,overnight,False,True,False,1.0,0.9,0.0
A02299,retail_stable,809950.4961659671,2d-7d,False,True,False,1.0,0.95,0.0
A02300,retail_stable,3904648.038101743,>1y,False,True,False,1.0,0.95,0.0
A02301,retail_less_stable,604948.0896988373,overnight,False,True,False,1.0,0.9,0.0
A02302,retail_less_stable,1168417.1294658873,2d-7d,False,True,False,1.0,0.9,0.0
A02303,corporate_operational,4489956.5492861625,overnight,False,True,False,1.0,0.5,0.0
A02304,committed_facilities,3343987.1296344036,>1y,False,False,True,1.0,0.0,0.0
A02305,treasury_hqla,694198.437847168,>1y,True,False,False,0.05,0.0,0.05
A02306,corporate_operational,2626792.1334419996,2d-7d,False,True,False,1.0,0.5,0.0
A02307,retail_stable,6335289.861452264,overnight,False,True,False,1.0,0.95,0.0
A02308,loans,1000047.9004210305,31d-90d,True,False,False,0.65,0.0,0.85
A02309,retail_less_stable,1102337.9596295648,2d-7d,False,True,False,1.0,0.9,0.0
A02310,corporate_operational,1265559.3998884854,2d-7d,False,True,False,1.0,0.5,0.0
A02311,retail_stable,26708659.002255358,overnight,False,True,False,1.0,0.95,0.0
A02312,loans,7175336.214820351,overnight,True,False,False,0.65,0.0,0.85
A02313,loans,4102836.361915257,91d-1y,True,False,False,0.65,0.0,0.85
A02314,corporate_non_operational,8014232.443850619,8d-30d,False,True,False,1.0,0.5,0.0
A02315,committed_facilities,911136.0756248444,8d-30d,False,False,True,1.0,0.0,0.0
A02316,loans,4156876.003548285,>1y,True,False,False,0.65,0.0,0.85
A02317,corporate_operational,3789840.672156782,2d-7d,False,True,False,1.0,0.5,0.0
A02318,retail_stable,1917346.8819826297,overnight,False,True,False,1.0,0.95,0.0
A02319,retail_stable,1942248.4373132782,overnight,False,True,False,1.0,0.95,0.0
A02320,corporate_bonds,3403958.418128713,91d-1y,True,False,False,0.2,0.0,0.5
A02321,treasury_hqla,23949586.17201468,>1y,True,False,False,0.05,0.0,0.05
A02322,retail_stable,1984089.814858417,8d-30d,False,True,False,1.0,0.95,0.0
A02323,committed_facilities,26764353.610659953,31d-90d,False,False,True,1.0,0.0,0.0
A02324,retail_stable,1289739.3747880824,overnight,False,True,False,1.0,0.95,0.0
A02325,committed_facilities,14704009.318737421,>1y,False,False,True,1.0,0.0,0.0
A02326,retail_stable,3204821.542950513,overnight,False,True,False,1.0,0.95,0.0
A02327,corporate_operational,1070843.0328950314,overnight,False,True,False,1.0,0.5,0.0
A02328,equities,2614864.9969118414,2d-7d,True,False,False,0.45,0.0,0.85
A02329,loans,12365966.265989916,2d-7d,True,False,False,0.65,0.0,0.85
A02330,corporate_non_operational,1229422.4662984277,8d-30d,False,True,False,1.0,0.5,0.0
A02331,corporate_operational,3721779.9383794507,overnight,False,True,False,1.0,0.5,0.0
A02332,corporate_operational,3650965.297035412,31d-90d,False,True,False,1.0,0.5,0.0
A02333,equities,8730911.551222134,8d-30d,True,False,False,0.45,0.0,0.85
A02334,corporate_bonds,17300630.067207117,overnight,True,False,False,0.2,0.0,0.5
A02335,corporate_operational,1764274.8748761676,2d-7d,False,True,False,1.0,0.5,0.0
A02336,retail_less_stable,3758101.2940754825,overnight,False,True,False,1.0,0.9,0.0
A02337,corporate_non_operational,2313467.1181390453,>1y,False,True,False,1.0,0.5,0.0
A02338,retail_stable,525577.764967893,8d-30d,False,True,False,1.0,0.95,0.0
A02339,retail_stable,2895128.6355636185,91d-1y,False,True,False,1.0,0.95,0.0
A02340,retail_stable,9323441.375738472,overnight,False,True,False,1.0,0.95,0.0
A02341,loans,943883.124283575,>1y,True,False,False,0.65,0.0,0.85
A02342,retail_stable,36356175.65736334,>1y,False,True,False,1.0,0.95,0.0
A02343,wholesale_unsecured,8968447.433543867,8d-30d,False,True,False,1.0,0.0,0.0
A02344,retail_stable,5188271.38122189,overnight,False,True,False,1.0,0.95,0.0
A02345,treasury_hqla,4999033.212963919,8d-30d,True,False,False,0.05,0.0,0.05
A02346,retail_less_stable,4901172.630634515,overnight,False,True,False,1.0,0.9,0.0
A02347,loans,896942.686628918,2d-7d,True,False,False,0.65,0.0,0.85
A02348,loans,1500761.3268524755,91d-1y,True,False,False,0.65,0.0,0.85
A02349,retail_less_stable,3007772.510619776,31d-90d,False,True,False,1.0,0.9,0.0
A02350,corporate_operational,230494.32734386472,overnight,False,True,False,1.0,0.5,0.0
A02351,retail_stable,8875331.418227991,overnight,False,True,False,1.0,0.95,0.0
A02352,retail_less_stable,13730182.028388958,8d-30d,False,True,False,1.0,0.9,0.0
A02353,retail_less_stable,1125330.0026673079,2d-7d,False,True,False,1.0,0.9,0.0
A02354,committed_facilities,280027.79664603854,>1y,False,False,True,1.0,0.0,0.0
A02355,equities,8922222.034364764,>1y,True,False,False,0.45,0.0,0.85
A02356,retail_stable,7785128.164140183,8d-30d,False,True,False,1.0,0.95,0.0
A02357,retail_stable,3998436.232535081,8d-30d,False,True,False,1.0,0.95,0.0
A02358,corporate_bonds,6333479.579473663,8d-30d,True,False,False,0.2,0.0,0.5
A02359,treasury_hqla,4013007.9855161947,91d-1y,True,False,False,0.05,0.0,0.05
A02360,committed_facilities,2591107.4164590705,91d-1y,False,False,True,1.0,0.0,0.0
A02361,retail_stable,6071448.337908917,8d-30d,False,True,False,1.0,0.95,0.0
A02362,retail_less_stable,941934.9943797025,2d-7d,False,True,False,1.0,0.9,0.0
A02363,corporate_bonds,540112.4555706877,8d-30d,True,False,False,0.2,0.0,0.5
A02364,retail_stable,559783.5061564259,overnight,False,True,False,1.0,0.95,0.0
A02365,corporate_operational,3076445.2016595555,8d-30d,False,True,False,1.0,0.5,0.0
A02366,corporate_non_operational,8123148.944194853,2d-7d,False,True,False,1.0,0.5,0.0
A02367,retail_stable,6921265.069882571,overnight,False,True,False,1.0,0.95,0.0
A02368,corporate_operational,9732373.283781951,2d-7d,False,True,False,1.0,0.5,0.0
A02369,retail_less_stable,3059908.629040881,overnight,False,True,False,1.0,0.9,0.0
A02370,corporate_bonds,1942858.3465852763,91d-1y,True,False,False,0.2,0.0,0.5
A02371,loans,2503836.504951418,>1y,True,False,False,0.65,0.0,0.85
A02372,treasury_hqla,3520957.424125518,>1y,True,False,False,0.05,0.0,0.05
A02373,retail_less_stable,517556.93314675346,overnight,False,True,False,1.0,0.9,0.0
A02374,wholesale_unsecured,4248198.633424494,31d-90d,False,True,False,1.0,0.0,0.0
A02375,loans,1453999.2617437162,91d-1y,True,False,False,0.65,0.0,0.85
A02376,loans,9217496.521490155,>1y,True,False,False,0.65,0.0,0.85
A02377,retail_less_stable,2112302.710118468,2d-7d,False,True,False,1.0,0.9,0.0
A02378,retail_less_stable,10073250.83138676,overnight,False,True,False,1.0,0.9,0.0
A02379,wholesale_unsecured,11506071.723782714,2d-7d,False,True,False,1.0,0.0,0.0
A02380,committed_facilities,1950627.3647907116,>1y,False,False,True,1.0,0.0,0.0
A02381,retail_less_stable,4840199.912019426,>1y,False,True,False,1.0,0.9,0.0
A02382,treasury_hqla,1030507.3824514954,91d-1y,True,False,False,0.05,0.0,0.05
A02383,corporate_non_operational,15771212.10690927,overnight,False,True,False,1.0,0.5,0.0
A02384,corporate_non_operational,5390612.772964933,2d-7d,False,True,False,1.0,0.5,0.0
A02385,retail_stable,1335728.0012638406,2d-7d,False,True,False,1.0,0.95,0.0
A02386,corporate_non_operational,1541791.7557822007,2d-7d,False,True,False,1.0,0.5,0.0
A02387,corporate_operational,30564293.76826257,8d-30d,False,True,False,1.0,0.5,0.0
A02388,retail_less_stable,945287.7098564468,overnight,False,True,False,1.0,0.9,0.0
A02389,retail_less_stable,1109523.4731758852,2d-7d,False,True,False,1.0,0.9,0.0
A02390,corporate_non_operational,4583205.632121562,overnight,False,True,False,1.0,0.5,0.0
A02391,corporate_bonds,941619.8669898651,>1y,True,False,False,0.2,0.0,0.5
A02392,corporate_bonds,1347830.2950811135,>1y,True,False,False,0.2,0.0,0.5
A02393,loans,1352963.3964412874,91d-1y,True,False,False,0.65,0.0,0.85
A02394,treasury_hqla,1158216.1194604211,overnight,True,False,False,0.05,0.0,0.05
A02395,retail_stable,1397251.9236345724,overnight,False,True,False,1.0,0.95,0.0
A02396,retail_stable,11416980.371450076,91d-1y,False,True,False,1.0,0.95,0.0
A02397,loans,9239788.89439699,8d-30d,True,False,False,0.65,0.0,0.85
A02398,loans,2024781.709003924,91d-1y,True,False,False,0.65,0.0,0.85
A02399,corporate_non_operational,786531.5475292951,2d-7d,False,True,False,1.0,0.5,0.0
A02400,retail_stable,2606891.483592855,overnight,False,True,False,1.0,0.95,0.0
A02401,loans,1246685.819350033,31d-90d,True,False,False,0.65,0.0,0.85
A02402,loans,3193064.9698347636,91d-1y,True,False,False,0.65,0.0,0.85
A02403,loans,1046790.3470205805,91d-1y,True,False,False,0.65,0.0,0.85
A02404,wholesale_unsecured,1601520.034265906,2d-7d,False,True,False,1.0,0.0,0.0
A02405,wholesale_unsecured,2226723.834664976,overnight,False,True,False,1.0,0.0,0.0
A02406,equities,961995.9857925139,31d-90d,True,False,False,0.45,0.0,0.85
A02407,loans,4340876.375255499,91d-1y,True,False,False,0.65,0.0,0.85
A02408,corporate_non_operational,549720.8179982288,overnight,False,True,False,1.0,0.5,0.0
A02409,retail_stable,9427906.510389324,overnight,False,True,False,1.0,0.95,0.0
A02410,retail_stable,16764798.877067465,overnight,False,True,False,1.0,0.95,0.0
A02411,corporate_operational,1978850.5057937072,8d-30d,False,True,False,1.0,0.5,0.0
A02412,corporate_operational,7987574.810828077,2d-7d,False,True,False,1.0,0.5,0.0
A02413,retail_stable,1757612.5495449156,31d-90d,False,True,False,1.0,0.95,0.0
A02414,treasury_hqla,1876886.5118997006,8d-30d,True,False,False,0.05,0.0,0.05
A02415,corporate_non_operational,2368119.07329648,8d-30d,False,True,False,1.0,0.5,0.0
A02416,retail_stable,988490.707715031,>1y,False,True,False,1.0,0.95,0.0
A02417,committed_facilities,576866.7795624055,2d-7d,False,False,True,1.0,0.0,0.0
A02418,treasury_hqla,2825027.2118300684,91d-1y,True,False,False,0.05,0.0,0.05
A02419,corporate_bonds,2558339.4290454756,91d-1y,True,False,False,0.2,0.0,0.5
A02420,retail_stable,4953890.407211314,overnight,False,True,False,1.0,0.95,0.0
A02421,retail_stable,6058671.799077745,8d-30d,False,True,False,1.0,0.95,0.0
A02422,retail_stable,6105381.893142398,overnight,False,True,False,1.0,0.95,0.0
A02423,retail_stable,852191.7460153588,overnight,False,True,False,1.0,0.95,0.0
A02424,retail_stable,24140912.784615006,8d-30d,False,True,False,1.0,0.95,0.0
A02425,loans,2799812.3212088156,31d-90d,True,False,False,0.65,0.0,0.85
A02426,corporate_non_operational,837639.4076957833,8d-30d,False,True,False,1.0,0.5,0.0
A02427,loans,1802147.8675423115,91d-1y,True,False,False,0.65,0.0,0.85
A02428,committed_facilities,3727441.4402951375,91d-1y,False,False,True,1.0,0.0,0.0
A02429,loans,4983705.654635379,31d-90d,True,False,False,0.65,0.0,0.85
A02430,loans,1916485.6423541473,overnight,True,False,False,0.65,0.0,0.85
A02431,retail_stable,4332845.981352683,8d-30d,False,True,False,1.0,0.95,0.0
A02432,corporate_operational,7705890.285274118,91d-1y,False,True,False,1.0,0.5,0.0
A02433,retail_stable,620436.2195890362,overnight,False,True,False,1.0,0.95,0.0
A02434,retail_stable,4807039.495425951,31d-90d,False,True,False,1.0,0.95,0.0
A02435,equities,727388.9548890609,>1y,True,False,False,0.45,0.0,0.85
A02436,retail_less_stable,3221124.010037548,8d-30d,False,True,False,1.0,0.9,0.0
A02437,treasury_hqla,357339.3585793254,8d-30d,True,False,False,0.05,0.0,0.05
A02438,corporate_non_operational,782763.7333259579,overnight,False,True,False,1.0,0.5,0.0
A02439,treasury_hqla,4769350.884666259,31d-90d,True,False,False,0.05,0.0,0.05
A02440,corporate_bonds,8443579.074709784,31d-90d,True,False,False,0.2,0.0,0.5
A02441,loans,1221192.1541026863,31d-90d,True,False,False,0.65,0.0,0.85
A02442,retail_stable,5137195.477361985,overnight,False,True,False,1.0,0.95,0.0
A02443,corporate_non_operational,18381944.1207301,2d-7d,False,True,False,1.0,0.5,0.0
A02444,loans,694078.249306153,91d-1y,True,False,False,0.65,0.0,0.85
A02445,wholesale_unsecured,2143193.6312697204,31d-90d,False,True,False,1.0,0.0,0.0
A02446,retail_stable,8302472.933401401,31d-90d,False,True,False,1.0,0.95,0.0
A02447,corporate_bonds,3305856.777983946,>1y,True,False,False,0.2,0.0,0.5
A02448,corporate_bonds,6663063.296624696,overnight,True,False,False,0.2,0.0,0.5
A02449,retail_stable,346180.69679958466,overnight,False,True,False,1.0,0.95,0.0
A02450,loans,2185658.29219007,>1y,True,False,False,0.65,0.0,0.85
A02451,corporate_bonds,1362759.4784871368,>1y,True,False,False,0.2,0.0,0.5
A02452,retail_stable,1159059.8326188142,overnight,False,True,False,1.0,0.95,0.0
A02453,corporate_non_operational,9965296.869730493,>1y,False,True,False,1.0,0.5,0.0
A02454,loans,6082239.2146378765,2d-7d,True,False,False,0.65,0.0,0.85
A02455,wholesale_unsecured,1066477.3964200336,overnight,False,True,False,1.0,0.0,0.0
A02456,loans,18972949.017005995,>1y,True,False,False,0.65,0.0,0.85
A02457,corporate_bonds,11090445.403955042,2d-7d,True,False,False,0.2,0.0,0.5
A02458,corporate_operational,4981971.402496713,overnight,False,True,False,1.0,0.5,0.0
A02459,loans,42690427.94299507,>1y,True,False,False,0.65,0.0,0.85
A02460,committed_facilities,26208635.794517033,2d-7d,False,False,True,1.0,0.0,0.0
A02461,retail_less_stable,1646357.7843666794,8d-30d,False,True,False,1.0,0.9,0.0
A02462,corporate_non_operational,1046801.3508038427,8d-30d,False,True,False,1.0,0.5,0.0
A02463,committed_facilities,5071706.724593794,91d-1y,False,False,True,1.0,0.0,0.0
A02464,loans,6622561.464097308,2d-7d,True,False,False,0.65,0.0,0.85
A02465,retail_stable,363184.83985687484,8d-30d,False,True,False,1.0,0.95,0.0
A02466,corporate_non_operational,1114485.5420635613,overnight,False,True,False,1.0,0.5,0.0
A02467,treasury_hqla,18421291.83575478,2d-7d,True,False,False,0.05,0.0,0.05
A02468,retail_less_stable,2058015.8688631768,31d-90d,False,True,False,1.0,0.9,0.0
A02469,treasury_hqla,31522333.42779689,31d-90d,True,False,False,0.05,0.0,0.05
A02470,treasury_hqla,2664017.3010289813,91d-1y,True,False,False,0.05,0.0,0.05
A02471,corporate_bonds,2082344.933704381,8d-30d,True,False,False,0.2,0.0,0.5
A02472,corporate_operational,1536224.6472206265,overnight,False,True,False,1.0,0.5,0.0
A02473,corporate_bonds,1558010.9797552566,31d-90d,True,False,False,0.2,0.0,0.5
A02474,loans,11144490.763692038,>1y,True,False,False,0.65,0.0,0.85
A02475,loans,455863.72322494775,>1y,True,False,False,0.65,0.0,0.85
A02476,treasury_hqla,3365381.7204071777,91d-1y,True,False,False,0.05,0.0,0.05
A02477,loans,616766.4185067281,>1y,True,False,False,0.65,0.0,0.85
A02478,retail_stable,2566971.501102557,31d-90d,False,True,False,1.0,0.95,0.0
A02479,loans,39249796.727033325,31d-90d,True,False,False,0.65,0.0,0.85
A02480,retail_stable,3043646.429694206,overnight,False,True,False,1.0,0.95,0.0
A02481,loans,4093000.1787962727,8d-30d,True,False,False,0.65,0.0,0.85
A02482,retail_stable,1724726.2881630189,overnight,False,True,False,1.0,0.95,0.0
A02483,retail_stable,6371069.540294299,overnight,False,True,False,1.0,0.95,0.0
A02484,corporate_operational,4752892.354831368,2d-7d,False,True,False,1.0,0.5,0.0
A02485,retail_less_stable,2838472.3651154563,overnight,False,True,False,1.0,0.9,0.0
A02486,retail_less_stable,7423208.779197094,2d-7d,False,True,False,1.0,0.9,0.0
A02487,corporate_operational,12412002.404772619,31d-90d,False,True,False,1.0,0.5,0.0
A02488,committed_facilities,4575765.8192408,8d-30d,False,False,True,1.0,0.0,0.0
A02489,corporate_bonds,6125392.333623265,91d-1y,True,False,False,0.2,0.0,0.5
A02490,wholesale_unsecured,2452991.221135733,2d-7d,False,True,False,1.0,0.0,0.0
A02491,wholesale_unsecured,5826400.560759213,2d-7d,False,True,False,1.0,0.0,0.0
A02492,wholesale_unsecured,6888775.953800808,overnight,False,True,False,1.0,0.0,0.0
A02493,corporate_non_operational,3387232.905042234,overnight,False,True,False,1.0,0.5,0.0
A02494,committed_facilities,830776.2071029963,91d-1y,False,False,True,1.0,0.0,0.0
A02495,loans,1193009.4780493197,31d-90d,True,False,False,0.65,0.0,0.85
A02496,loans,3049553.9400341446,91d-1y,True,False,False,0.65,0.0,0.85
A02497,retail_stable,2026087.1136032091,91d-1y,False,True,False,1.0,0.95,0.0
A02498,loans,4553373.153500747,overnight,True,False,False,0.65,0.0,0.85
A02499,retail_less_stable,7437557.421691425,2d-7d,False,True,False,1.0,0.9,0.0
A02500,equities,1922426.9147698153,>1y,True,False,False,0.45,0.0,0.85
A02501,wholesale_unsecured,2301041.9407116105,31d-90d,False,True,False,1.0,0.0,0.0
A02502,wholesale_unsecured,632270.6278586953,2d-7d,False,True,False,1.0,0.0,0.0
A02503,treasury_hqla,2360215.442366644,91d-1y,True,False,False,0.05,0.0,0.05
A02504,corporate_operational,11051764.411958775,overnight,False,True,False,1.0,0.5,0.0
A02505,loans,3685418.7430280284,8d-30d,True,False,False,0.65,0.0,0.85
A02506,retail_less_stable,1741183.5632669858,overnight,False,True,False,1.0,0.9,0.0
A02507,retail_stable,2107005.5607924755,8d-30d,False,True,False,1.0,0.95,0.0
A02508,loans,1947534.419747596,31d-90d,True,False,False,0.65,0.0,0.85
A02509,corporate_operational,3332215.1235155715,2d-7d,False,True,False,1.0,0.5,0.0
A02510,retail_less_stable,7906612.52968376,91d-1y,False,True,False,1.0,0.9,0.0
A02511,equities,25745255.23847699,91d-1y,True,False,False,0.45,0.0,0.85
A02512,retail_less_stable,2245529.280879014,overnight,False,True,False,1.0,0.9,0.0
A02513,retail_less_stable,7690714.518507718,overnight,False,True,False,1.0,0.9,0.0
A02514,retail_stable,3745342.9790319693,overnight,False,True,False,1.0,0.95,0.0
A02515,treasury_hqla,2073755.1237605214,2d-7d,True,False,False,0.05,0.0,0.05
A02516,retail_stable,2062467.9422300234,2d-7d,False,True,False,1.0,0.95,0.0
A02517,loans,5090012.10027117,91d-1y,True,False,False,0.65,0.0,0.85
A02518,corporate_non_operational,5697638.867939803,91d-1y,False,True,False,1.0,0.5,0.0
A02519,treasury_hqla,5822584.497899165,>1y,True,False,False,0.05,0.0,0.05
A02520,retail_less_stable,8445598.821380723,>1y,False,True,False,1.0,0.9,0.0
A02521,retail_stable,133339.33224210466,91d-1y,False,True,False,1.0,0.95,0.0
A02522,loans,15146258.489806313,31d-90d,True,False,False,0.65,0.0,0.85
A02523,committed_facilities,5862255.873426339,2d-7d,False,False,True,1.0,0.0,0.0
A02524,retail_stable,962481.3642030017,31d-90d,False,True,False,1.0,0.95,0.0
A02525,retail_less_stable,2730237.641381635,overnight,False,True,False,1.0,0.9,0.0
A02526,loans,7699791.367456213,overnight,True,False,False,0.65,0.0,0.85
A02527,retail_less_stable,443379.1325635425,2d-7d,False,True,False,1.0,0.9,0.0
A02528,corporate_operational,2404330.369564594,8d-30d,False,True,False,1.0,0.5,0.0
A02529,equities,15644373.437636808,31d-90d,True,False,False,0.45,0.0,0.85
A02530,retail_stable,7246983.5938554965,overnight,False,True,False,1.0,0.95,0.0
A02531,retail_stable,5929395.15535931,overnight,False,True,False,1.0,0.95,0.0
A02532,loans,1052771.0581581427,>1y,True,False,False,0.65,0.0,0.85
A02533,corporate_non_operational,2393173.1710662334,overnight,False,True,False,1.0,0.5,0.0
A02534,retail_stable,7068706.968877223,8d-30d,False,True,False,1.0,0.95,0.0
A02535,loans,3667034.675789482,>1y,True,False,False,0.65,0.0,0.85
A02536,loans,2422445.195503371,8d-30d,True,False,False,0.65,0.0,0.85
A02537,loans,496380.3458531479,8d-30d,True,False,False,0.65,0.0,0.85
A02538,corporate_operational,5326750.49890903,overnight,False,True,False,1.0,0.5,0.0
A02539,retail_less_stable,13793446.22660458,8d-30d,False,True,False,1.0,0.9,0.0
A02540,loans,412501.69076258026,>1y,True,False,False,0.65,0.0,0.85
A02541,corporate_non_operational,9233840.069943665,8d-30d,False,True,False,1.0,0.5,0.0
A02542,loans,455509.36688636977,overnight,True,False,False,0.65,0.0,0.85
A02543,loans,419776.5236436061,91d-1y,True,False,False,0.65,0.0,0.85
A02544,corporate_bonds,342489.2921902897,2d-7d,True,False,False,0.2,0.0,0.5
A02545,corporate_non_operational,5868024.974176646,overnight,False,True,False,1.0,0.5,0.0
A02546,committed_facilities,526743.0722078554,31d-90d,False,False,True,1.0,0.0,0.0
A02547,loans,3960555.72881794,8d-30d,True,False,False,0.65,0.0,0.85
A02548,loans,2342784.212137622,31d-90d,True,False,False,0.65,0.0,0.85
A02549,retail_less_stable,60620246.55883706,overnight,False,True,False,1.0,0.9,0.0
A02550,retail_less_stable,1347083.930291337,overnight,False,True,False,1.0,0.9,0.0
A02551,loans,2056222.2542932609,91d-1y,True,False,False,0.65,0.0,0.85
A02552,loans,1097606.3988624243,8d-30d,True,False,False,0.65,0.0,0.85
A02553,retail_stable,1303656.3736302466,31d-90d,False,True,False,1.0,0.95,0.0
A02554,wholesale_unsecured,2216951.4900549767,overnight,False,True,False,1.0,0.0,0.0
A02555,treasury_hqla,3272846.1167721236,31d-90d,True,False,False,0.05,0.0,0.05
A02556,retail_stable,6406496.211400629,overnight,False,True,False,1.0,0.95,0.0
A02557,wholesale_unsecured,7743851.312712418,overnight,False,True,False,1.0,0.0,0.0
A02558,equities,1194369.6804999965,>1y,True,False,False,0.45,0.0,0.85
A02559,retail_stable,3122756.5161963017,overnight,False,True,False,1.0,0.95,0.0
A02560,loans,4459701.88923607,31d-90d,True,False,False,0.65,0.0,0.85
A02561,loans,577385.7335289553,2d-7d,True,False,False,0.65,0.0,0.85
A02562,corporate_non_operational,4459548.578795681,8d-30d,False,True,False,1.0,0.5,0.0
A02563,retail_stable,1666584.7164972555,>1y,False,True,False,1.0,0.95,0.0
A02564,retail_less_stable,9460530.506381992,8d-30d,False,True,False,1.0,0.9,0.0
A02565,corporate_operational,3129800.5788644333,overnight,False,True,False,1.0,0.5,0.0
A02566,corporate_operational,10169629.004347587,overnight,False,True,False,1.0,0.5,0.0
A02567,corporate_bonds,8342315.459831502,91d-1y,True,False,False,0.2,0.0,0.5
A02568,retail_less_stable,2388244.6778670717,8d-30d,False,True,False,1.0,0.9,0.0
A02569,treasury_hqla,1535352.4173844177,31d-90d,True,False,False,0.05,0.0,0.05
A02570,retail_stable,4431632.119571518,8d-30d,False,True,False,1.0,0.95,0.0
A02571,corporate_operational,775237.2396637481,2d-7d,False,True,False,1.0,0.5,0.0
A02572,corporate_operational,3224552.316704752,2d-7d,False,True,False,1.0,0.5,0.0
A02573,corporate_non_operational,1980541.732103256,31d-90d,False,True,False,1.0,0.5,0.0
A02574,loans,7243354.631190029,>1y,True,False,False,0.65,0.0,0.85
A02575,retail_less_stable,2715150.7500379975,>1y,False,True,False,1.0,0.9,0.0
A02576,retail_stable,2094404.0013275496,overnight,False,True,False,1.0,0.95,0.0
A02577,corporate_operational,3161510.1356948866,8d-30d,False,True,False,1.0,0.5,0.0
A02578,corporate_non_operational,12630769.267496236,2d-7d,False,True,False,1.0,0.5,0.0
A02579,loans,8301790.378763216,31d-90d,True,False,False,0.65,0.0,0.85
A02580,corporate_non_operational,2471198.343404921,overnight,False,True,False,1.0,0.5,0.0
A02581,retail_less_stable,748508.5388719455,8d-30d,False,True,False,1.0,0.9,0.0
A02582,retail_stable,1992241.52253534,overnight,False,True,False,1.0,0.95,0.0
A02583,corporate_bonds,6758564.834895974,31d-90d,True,False,False,0.2,0.0,0.5
A02584,loans,1116146.7441658322,>1y,True,False,False,0.65,0.0,0.85
A02585,corporate_operational,973554.5653067166,8d-30d,False,True,False,1.0,0.5,0.0
A02586,corporate_operational,2122525.619255242,2d-7d,False,True,False,1.0,0.5,0.0
A02587,retail_less_stable,8433809.980223496,overnight,False,True,False,1.0,0.9,0.0
A02588,retail_less_stable,369638.52947739366,91d-1y,False,True,False,1.0,0.9,0.0
A02589,treasury_hqla,9113930.329984868,overnight,True,False,False,0.05,0.0,0.05
A02590,retail_stable,1344559.261588979,2d-7d,False,True,False,1.0,0.95,0.0
A02591,loans,22606620.569250084,8d-30d,True,False,False,0.65,0.0,0.85
A02592,corporate_non_operational,1421201.3704034518,8d-30d,False,True,False,1.0,0.5,0.0
A02593,wholesale_unsecured,1012898.5697088601,overnight,False,True,False,1.0,0.0,0.0
A02594,retail_stable,4711563.037157589,overnight,False,True,False,1.0,0.95,0.0
A02595,corporate_bonds,2499398.667107134,2d-7d,True,False,False,0.2,0.0,0.5
A02596,loans,612284.7137023506,>1y,True,False,False,0.65,0.0,0.85
A02597,committed_facilities,13286677.089914635,91d-1y,False,False,True,1.0,0.0,0.0
A02598,committed_facilities,3572618.7537106024,>1y,False,False,True,1.0,0.0,0.0
A02599,retail_less_stable,3000008.2266883254,overnight,False,True,False,1.0,0.9,0.0
A02600,corporate_bonds,2557924.578642031,>1y,True,False,False,0.2,0.0,0.5
A02601,retail_less_stable,4933273.339671314,overnight,False,True,False,1.0,0.9,0.0
A02602,retail_stable,6004173.727842294,91d-1y,False,True,False,1.0,0.95,0.0
A02603,loans,4703604.959746559,91d-1y,True,False,False,0.65,0.0,0.85
A02604,treasury_hqla,2524508.4118251633,8d-30d,True,False,False,0.05,0.0,0.05
A02605,wholesale_unsecured,6535509.40892987,overnight,False,True,False,1.0,0.0,0.0
A02606,corporate_operational,1242370.1286723595,8d-30d,False,True,False,1.0,0.5,0.0
A02607,corporate_bonds,218184.40236016538,>1y,True,False,False,0.2,0.0,0.5
A02608,retail_less_stable,4216956.541509535,2d-7d,False,True,False,1.0,0.9,0.0
A02609,retail_less_stable,1482138.1327427216,overnight,False,True,False,1.0,0.9,0.0
A02610,corporate_operational,9584337.895932667,91d-1y,False,True,False,1.0,0.5,0.0
A02611,corporate_non_operational,1670665.3134384567,8d-30d,False,True,False,1.0,0.5,0.0
A02612,loans,14497175.996761113,>1y,True,False,False,0.65,0.0,0.85
A02613,corporate_non_operational,1382073.854351961,8d-30d,False,True,False,1.0,0.5,0.0
A02614,retail_less_stable,9531016.629994709,31d-90d,False,True,False,1.0,0.9,0.0
A02615,retail_less_stable,5733885.275338762,31d-90d,False,True,False,1.0,0.9,0.0
A02616,loans,1283791.1456434887,91d-1y,True,False,False,0.65,0.0,0.85
A02617,loans,1161319.0043788846,>1y,True,False,False,0.65,0.0,0.85
A02618,corporate_non_operational,9865896.486528816,overnight,False,True,False,1.0,0.5,0.0
A02619,loans,6034300.776511595,>1y,True,False,False,0.65,0.0,0.85
A02620,corporate_operational,1693575.7420996435,2d-7d,False,True,False,1.0,0.5,0.0
A02621,corporate_bonds,2149983.213911227,91d-1y,True,False,False,0.2,0.0,0.5
A02622,wholesale_unsecured,5179154.192681558,>1y,False,True,False,1.0,0.0,0.0
A02623,corporate_operational,10320891.400320517,8d-30d,False,True,False,1.0,0.5,0.0
A02624,retail_stable,7154315.37301036,2d-7d,False,True,False,1.0,0.95,0.0
A02625,loans,1141574.8747623714,31d-90d,True,False,False,0.65,0.0,0.85
A02626,corporate_non_operational,1330236.1893147498,2d-7d,False,True,False,1.0,0.5,0.0
A02627,retail_stable,6454232.407812084,overnight,False,True,False,1.0,0.95,0.0
A02628,corporate_non_operational,5768716.866919262,31d-90d,False,True,False,1.0,0.5,0.0
A02629,retail_stable,993287.5307389117,8d-30d,False,True,False,1.0,0.95,0.0
A02630,corporate_bonds,3670976.3309633816,2d-7d,True,False,False,0.2,0.0,0.5
A02631,retail_stable,3197098.609534239,2d-7d,False,True,False,1.0,0.95,0.0
A02632,retail_stable,12491193.23272654,31d-90d,False,True,False,1.0,0.95,0.0
A02633,wholesale_unsecured,1717587.8145675482,31d-90d,False,True,False,1.0,0.0,0.0
A02634,wholesale_unsecured,544473.924652806,overnight,False,True,False,1.0,0.0,0.0
A02635,corporate_bonds,1683425.7627464435,>1y,True,False,False,0.2,0.0,0.5
A02636,corporate_operational,8721635.453114718,8d-30d,False,True,False,1.0,0.5,0.0
A02637,retail_less_stable,10427086.392552346,2d-7d,False,True,False,1.0,0.9,0.0
A02638,loans,5234072.747492779,31d-90d,True,False,False,0.65,0.0,0.85
A02639,retail_stable,254298.45566364273,8d-30d,False,True,False,1.0,0.95,0.0
A02640,retail_stable,948051.1482010889,overnight,False,True,False,1.0,0.95,0.0
A02641,corporate_operational,3492611.1874212255,overnight,False,True,False,1.0,0.5,0.0
A02642,corporate_non_operational,3549215.86178805,>1y,False,True,False,1.0,0.5,0.0
A02643,retail_stable,1171715.6293752303,2d-7d,False,True,False,1.0,0.95,0.0
A02644,treasury_hqla,1038636.1053951917,2d-7d,True,False,False,0.05,0.0,0.05
A02645,retail_stable,4673131.024683361,>1y,False,True,False,1.0,0.95,0.0
A02646,corporate_operational,1961996.4969498683,>1y,False,True,False,1.0,0.5,0.0
A02647,corporate_operational,900678.6437842855,91d-1y,False,True,False,1.0,0.5,0.0
A02648,equities,1850087.505729899,2d-7d,True,False,False,0.45,0.0,0.85
A02649,corporate_non_operational,3812550.530531751,overnight,False,True,False,1.0,0.5,0.0
A02650,corporate_non_operational,4992344.269243948,overnight,False,True,False,1.0,0.5,0.0
A02651,wholesale_unsecured,26177911.522449296,overnight,False,True,False,1.0,0.0,0.0
A02652,treasury_hqla,4300212.375584787,>1y,True,False,False,0.05,0.0,0.05
A02653,loans,1656982.6930532008,31d-90d,True,False,False,0.65,0.0,0.85
A02654,loans,1879267.4014516498,8d-30d,True,False,False,0.65,0.0,0.85
A02655,retail_less_stable,932250.0348285028,>1y,False,True,False,1.0,0.9,0.0
A02656,wholesale_unsecured,437399.38371083396,8d-30d,False,True,False,1.0,0.0,0.0
A02657,retail_stable,32321207.27461137,8d-30d,False,True,False,1.0,0.95,0.0
A02658,retail_stable,1066431.6515552208,31d-90d,False,True,False,1.0,0.95,0.0
A02659,retail_less_stable,1114066.3341524478,31d-90d,False,True,False,1.0,0.9,0.0
A02660,retail_stable,1962318.3410879835,2d-7d,False,True,False,1.0,0.95,0.0
A02661,loans,9393754.726607177,8d-30d,True,False,False,0.65,0.0,0.85
A02662,retail_stable,798536.5647690027,overnight,False,True,False,1.0,0.95,0.0
A02663,retail_stable,21315990.388314556,2d-7d,False,True,False,1.0,0.95,0.0
A02664,wholesale_unsecured,4523079.015877423,8d-30d,False,True,False,1.0,0.0,0.0
A02665,wholesale_unsecured,6277222.495523205,overnight,False,True,False,1.0,0.0,0.0
A02666,corporate_operational,1819496.0845578683,31d-90d,False,True,False,1.0,0.5,0.0
A02667,retail_stable,4823224.8083286695,8d-30d,False,True,False,1.0,0.95,0.0
A02668,treasury_hqla,13718917.48584091,8d-30d,True,False,False,0.05,0.0,0.05
A02669,corporate_non_operational,1566847.6389474107,8d-30d,False,True,False,1.0,0.5,0.0
A02670,loans,4358567.151906561,>1y,True,False,False,0.65,0.0,0.85
A02671,corporate_non_operational,1135621.9845887986,2d-7d,False,True,False,1.0,0.5,0.0
A02672,loans,1389183.5019330306,91d-1y,True,False,False,0.65,0.0,0.85
A02673,corporate_non_operational,1051391.0569305425,31d-90d,False,True,False,1.0,0.5,0.0
A02674,committed_facilities,12702519.733874036,8d-30d,False,False,True,1.0,0.0,0.0
A02675,retail_stable,168419.09990519262,8d-30d,False,True,False,1.0,0.95,0.0
A02676,committed_facilities,1527069.7991094843,91d-1y,False,False,True,1.0,0.0,0.0
A02677,retail_stable,5644055.523999559,31d-90d,False,True,False,1.0,0.95,0.0
A02678,loans,16706282.627749627,8d-30d,True,False,False,0.65,0.0,0.85
A02679,corporate_operational,774044.246721064,8d-30d,False,True,False,1.0,0.5,0.0
A02680,corporate_operational,3507853.440556095,overnight,False,True,False,1.0,0.5,0.0
A02681,retail_less_stable,14979929.81575099,overnight,False,True,False,1.0,0.9,0.0
A02682,treasury_hqla,2000299.0288275783,>1y,True,False,False,0.05,0.0,0.05
A02683,corporate_non_operational,1741189.285455771,overnight,False,True,False,1.0,0.5,0.0
A02684,corporate_bonds,2006220.9505528302,8d-30d,True,False,False,0.2,0.0,0.5
A02685,retail_stable,7974188.27988197,>1y,False,True,False,1.0,0.95,0.0
A02686,corporate_non_operational,2381115.419144076,2d-7d,False,True,False,1.0,0.5,0.0
A02687,retail_stable,2855017.719474014,8d-30d,False,True,False,1.0,0.95,0.0
A02688,retail_stable,9726775.771596111,8d-30d,False,True,False,1.0,0.95,0.0
A02689,corporate_bonds,2601456.1559538767,8d-30d,True,False,False,0.2,0.0,0.5
A02690,treasury_hqla,11956313.086084254,91d-1y,True,False,False,0.05,0.0,0.05
A02691,retail_stable,2442140.02433758,overnight,False,True,False,1.0,0.95,0.0
A02692,retail_stable,10774573.253110109,8d-30d,False,True,False,1.0,0.95,0.0
A02693,equities,2673392.8919413183,31d-90d,True,False,False,0.45,0.0,0.85
A02694,committed_facilities,9073217.014011556,91d-1y,False,False,True,1.0,0.0,0.0
A02695,retail_stable,19062581.13954744,2d-7d,False,True,False,1.0,0.95,0.0
A02696,retail_less_stable,2952051.8687098795,overnight,False,True,False,1.0,0.9,0.0
A02697,retail_less_stable,3514176.1641385076,>1y,False,True,False,1.0,0.9,0.0
A02698,corporate_operational,797564.0387478872,31d-90d,False,True,False,1.0,0.5,0.0
A02699,loans,3477648.0729090376,91d-1y,True,False,False,0.65,0.0,0.85
A02700,corporate_operational,787093.9235265737,overnight,False,True,False,1.0,0.5,0.0
A02701,equities,16092101.5992692,8d-30d,True,False,False,0.45,0.0,0.85
A02702,corporate_operational,5592323.721545468,8d-30d,False,True,False,1.0,0.5,0.0
A02703,retail_stable,8443116.988859257,overnight,False,True,False,1.0,0.95,0.0
A02704,retail_less_stable,3938224.47057379,31d-90d,False,True,False,1.0,0.9,0.0
A02705,retail_less_stable,398739.1797137214,8d-30d,False,True,False,1.0,0.9,0.0
A02706,loans,4677919.210298747,91d-1y,True,False,False,0.65,0.0,0.85
A02707,loans,2899172.5826349324,2d-7d,True,False,False,0.65,0.0,0.85
A02708,retail_stable,15919417.843206355,overnight,False,True,False,1.0,0.95,0.0
A02709,corporate_non_operational,1976314.129257023,overnight,False,True,False,1.0,0.5,0.0
A02710,retail_stable,915758.032428535,31d-90d,False,True,False,1.0,0.95,0.0
A02711,retail_stable,15929454.292438332,>1y,False,True,False,1.0,0.95,0.0
A02712,retail_stable,6989719.711547628,2d-7d,False,True,False,1.0,0.95,0.0
A02713,corporate_non_operational,2151601.716513597,>1y,False,True,False,1.0,0.5,0.0
A02714,corporate_non_operational,3727559.7159378445,overnight,False,True,False,1.0,0.5,0.0
A02715,corporate_operational,2923300.903239594,2d-7d,False,True,False,1.0,0.5,0.0
A02716,treasury_hqla,1876047.3808220616,>1y,True,False,False,0.05,0.0,0.05
A02717,retail_stable,3808780.716569904,2d-7d,False,True,False,1.0,0.95,0.0
A02718,equities,4114076.1849757964,8d-30d,True,False,False,0.45,0.0,0.85
A02719,retail_stable,11121733.922575751,2d-7d,False,True,False,1.0,0.95,0.0
A02720,retail_stable,1306014.7554368335,2d-7d,False,True,False,1.0,0.95,0.0
A02721,committed_facilities,4533400.59558371,31d-90d,False,False,True,1.0,0.0,0.0
A02722,corporate_bonds,2533883.542548191,8d-30d,True,False,False,0.2,0.0,0.5
A02723,loans,3754057.9466191763,91d-1y,True,False,False,0.65,0.0,0.85
A02724,corporate_bonds,8319016.466226875,overnight,True,False,False,0.2,0.0,0.5
A02725,retail_stable,11865991.827779848,8d-30d,False,True,False,1.0,0.95,0.0
A02726,loans,3171070.0313948463,>1y,True,False,False,0.65,0.0,0.85
A02727,corporate_bonds,2236872.216944208,91d-1y,True,False,False,0.2,0.0,0.5
A02728,retail_stable,3876819.955133833,91d-1y,False,True,False,1.0,0.95,0.0
A02729,corporate_bonds,434357.7816146653,91d-1y,True,False,False,0.2,0.0,0.5
A02730,corporate_non_operational,1245530.7471760064,8d-30d,False,True,False,1.0,0.5,0.0
A02731,loans,1402375.3370249984,8d-30d,True,False,False,0.65,0.0,0.85
A02732,corporate_operational,589358.117069095,2d-7d,False,True,False,1.0,0.5,0.0
A02733,retail_stable,1967471.774130953,8d-30d,False,True,False,1.0,0.95,0.0
A02734,loans,4003950.8746922426,91d-1y,True,False,False,0.65,0.0,0.85
A02735,wholesale_unsecured,40452986.98222696,8d-30d,False,True,False,1.0,0.0,0.0
A02736,committed_facilities,1053393.311742396,91d-1y,False,False,True,1.0,0.0,0.0
A02737,loans,2809963.567976895,8d-30d,True,False,False,0.65,0.0,0.85
A02738,corporate_non_operational,4083585.8056487194,>1y,False,True,False,1.0,0.5,0.0
A02739,wholesale_unsecured,17772214.300030787,overnight,False,True,False,1.0,0.0,0.0
A02740,corporate_operational,2166443.5939419596,overnight,False,True,False,1.0,0.5,0.0
A02741,corporate_bonds,8570852.500203302,overnight,True,False,False,0.2,0.0,0.5
A02742,wholesale_unsecured,22430668.592878286,91d-1y,False,True,False,1.0,0.0,0.0
A02743,corporate_bonds,1682554.5300079403,2d-7d,True,False,False,0.2,0.0,0.5
A02744,corporate_non_operational,8726089.496624788,2d-7d,False,True,False,1.0,0.5,0.0
A02745,retail_less_stable,6923104.293102428,8d-30d,False,True,False,1.0,0.9,0.0
A02746,committed_facilities,7829109.273450684,overnight,False,False,True,1.0,0.0,0.0
A02747,loans,8807835.79393545,>1y,True,False,False,0.65,0.0,0.85
A02748,treasury_hqla,15316697.824789427,>1y,True,False,False,0.05,0.0,0.05
A02749,corporate_bonds,1895082.355274365,8d-30d,True,False,False,0.2,0.0,0.5
A02750,loans,979634.2930498505,2d-7d,True,False,False,0.65,0.0,0.85
A02751,retail_stable,9690855.102068903,overnight,False,True,False,1.0,0.95,0.0
A02752,retail_less_stable,10830575.559125153,overnight,False,True,False,1.0,0.9,0.0
A02753,corporate_bonds,8124516.23176749,31d-90d,True,False,False,0.2,0.0,0.5
A02754,corporate_operational,1945420.844190767,31d-90d,False,True,False,1.0,0.5,0.0
A02755,loans,2332514.968442097,91d-1y,True,False,False,0.65,0.0,0.85
A02756,treasury_hqla,9571628.20327505,2d-7d,True,False,False,0.05,0.0,0.05
A02757,retail_less_stable,1993899.8316434096,2d-7d,False,True,False,1.0,0.9,0.0
A02758,committed_facilities,1931636.6604959522,2d-7d,False,False,True,1.0,0.0,0.0
A02759,retail_stable,798508.7400929169,31d-90d,False,True,False,1.0,0.95,0.0
A02760,treasury_hqla,16735701.207815692,>1y,True,False,False,0.05,0.0,0.05
A02761,corporate_operational,13764247.708085665,overnight,False,True,False,1.0,0.5,0.0
A02762,corporate_operational,3078312.32643215,overnight,False,True,False,1.0,0.5,0.0
A02763,treasury_hqla,4942309.135798056,>1y,True,False,False,0.05,0.0,0.05
A02764,loans,3478057.3100393475,overnight,True,False,False,0.65,0.0,0.85
A02765,loans,3176121.615581976,8d-30d,True,False,False,0.65,0.0,0.85
A02766,retail_less_stable,10866825.848391801,2d-7d,False,True,False,1.0,0.9,0.0
A02767,wholesale_unsecured,958161.5052788612,overnight,False,True,False,1.0,0.0,0.0
A02768,loans,4378067.527240013,31d-90d,True,False,False,0.65,0.0,0.85
A02769,corporate_non_operational,6707361.860877243,91d-1y,False,True,False,1.0,0.5,0.0
A02770,retail_less_stable,2236497.3629348236,overnight,False,True,False,1.0,0.9,0.0
A02771,retail_stable,1886675.9941873804,8d-30d,False,True,False,1.0,0.95,0.0
A02772,retail_stable,336109.20933225076,8d-30d,False,True,False,1.0,0.95,0.0
A02773,loans,9265724.14510744,91d-1y,True,False,False,0.65,0.0,0.85
A02774,retail_less_stable,1888979.8862578443,31d-90d,False,True,False,1.0,0.9,0.0
A02775,loans,3734465.826574054,>1y,True,False,False,0.65,0.0,0.85
A02776,retail_less_stable,762947.542021075,31d-90d,False,True,False,1.0,0.9,0.0
A02777,retail_stable,4274166.650804032,overnight,False,True,False,1.0,0.95,0.0
A02778,loans,2997199.8649993557,>1y,True,False,False,0.65,0.0,0.85
A02779,retail_stable,1585534.370570738,2d-7d,False,True,False,1.0,0.95,0.0
A02780,retail_stable,975809.6383425269,overnight,False,True,False,1.0,0.95,0.0
A02781,corporate_operational,1974087.9679706409,2d-7d,False,True,False,1.0,0.5,0.0
A02782,loans,2392132.0446381955,91d-1y,True,False,False,0.65,0.0,0.85
A02783,retail_stable,3070289.7883472084,31d-90d,False,True,False,1.0,0.95,0.0
A02784,corporate_bonds,3195851.2490752516,31d-90d,True,False,False,0.2,0.0,0.5
A02785,treasury_hqla,3648094.133883776,91d-1y,True,False,False,0.05,0.0,0.05
A02786,loans,1006330.0272989096,91d-1y,True,False,False,0.65,0.0,0.85
A02787,retail_stable,2530338.506936567,>1y,False,True,False,1.0,0.95,0.0
A02788,retail_less_stable,1327456.2853464207,91d-1y,False,True,False,1.0,0.9,0.0
A02789,corporate_operational,534545.701051195,91d-1y,False,True,False,1.0,0.5,0.0
A02790,equities,1237255.922702203,91d-1y,True,False,False,0.45,0.0,0.85
A02791,retail_less_stable,25391276.93167575,91d-1y,False,True,False,1.0,0.9,0.0
A02792,loans,20686716.720851403,91d-1y,True,False,False,0.65,0.0,0.85
A02793,corporate_operational,26353220.96654083,overnight,False,True,False,1.0,0.5,0.0
A02794,corporate_non_operational,648429.838134345,31d-90d,False,True,False,1.0,0.5,0.0
A02795,retail_less_stable,19372508.888756603,2d-7d,False,True,False,1.0,0.9,0.0
A02796,retail_stable,2582402.140443464,2d-7d,False,True,False,1.0,0.95,0.0
A02797,treasury_hqla,1249843.026627243,91d-1y,True,False,False,0.05,0.0,0.05
A02798,wholesale_unsecured,7918393.372086918,8d-30d,False,True,False,1.0,0.0,0.0
A02799,committed_facilities,2365341.192419412,31d-90d,False,False,True,1.0,0.0,0.0
A02800,committed_facilities,2367503.8939419743,>1y,False,False,True,1.0,0.0,0.0
A02801,loans,3911753.266556964,overnight,True,False,False,0.65,0.0,0.85
A02802,retail_stable,5388823.947161366,overnight,False,True,False,1.0,0.95,0.0
A02803,corporate_bonds,2439966.441791865,>1y,True,False,False,0.2,0.0,0.5
A02804,treasury_hqla,1452009.8573717938,>1y,True,False,False,0.05,0.0,0.05
A02805,wholesale_unsecured,2345699.744606396,overnight,False,True,False,1.0,0.0,0.0
A02806,corporate_operational,2382792.439097156,>1y,False,True,False,1.0,0.5,0.0
A02807,corporate_operational,12100892.728891468,>1y,False,True,False,1.0,0.5,0.0
A02808,retail_stable,1504742.7484226355,overnight,False,True,False,1.0,0.95,0.0
A02809,committed_facilities,12587541.50511886,>1y,False,False,True,1.0,0.0,0.0
A02810,retail_stable,6215060.106513006,31d-90d,False,True,False,1.0,0.95,0.0
A02811,retail_less_stable,8039566.935050847,8d-30d,False,True,False,1.0,0.9,0.0
A02812,loans,5893478.37392019,overnight,True,False,False,0.65,0.0,0.85
A02813,treasury_hqla,498249.6948495665,91d-1y,True,False,False,0.05,0.0,0.05
A02814,treasury_hqla,4426194.595368867,91d-1y,True,False,False,0.05,0.0,0.05
A02815,loans,167474.83665455988,91d-1y,True,False,False,0.65,0.0,0.85
A02816,retail_less_stable,5447102.976925051,overnight,False,True,False,1.0,0.9,0.0
A02817,corporate_non_operational,2555028.132078242,2d-7d,False,True,False,1.0,0.5,0.0
A02818,retail_less_stable,3248427.8420305615,2d-7d,False,True,False,1.0,0.9,0.0
A02819,retail_stable,3511828.398737818,overnight,False,True,False,1.0,0.95,0.0
A02820,retail_stable,3126531.5015333276,8d-30d,False,True,False,1.0,0.95,0.0
A02821,treasury_hqla,7874278.580748387,91d-1y,True,False,False,0.05,0.0,0.05
A02822,retail_stable,1477115.8539090187,>1y,False,True,False,1.0,0.95,0.0
A02823,corporate_non_operational,585909.1088813534,8d-30d,False,True,False,1.0,0.5,0.0
A02824,retail_stable,1627464.2610270758,2d-7d,False,True,False,1.0,0.95,0.0
A02825,corporate_non_operational,1276712.1667567529,overnight,False,True,False,1.0,0.5,0.0
A02826,loans,1925746.0673081623,91d-1y,True,False,False,0.65,0.0,0.85
A02827,loans,21160733.452468462,91d-1y,True,False,False,0.65,0.0,0.85
A02828,retail_stable,2248497.241171066,>1y,False,True,False,1.0,0.95,0.0
A02829,loans,4985309.877210341,31d-90d,True,False,False,0.65,0.0,0.85
A02830,committed_facilities,2163979.9193744897,31d-90d,False,False,True,1.0,0.0,0.0
A02831,loans,14788783.857725559,8d-30d,True,False,False,0.65,0.0,0.85
A02832,committed_facilities,5313176.875728472,31d-90d,False,False,True,1.0,0.0,0.0
A02833,corporate_bonds,5517741.371919692,>1y,True,False,False,0.2,0.0,0.5
A02834,loans,13139902.523994595,31d-90d,True,False,False,0.65,0.0,0.85
A02835,corporate_non_operational,5013675.417530441,overnight,False,True,False,1.0,0.5,0.0
A02836,wholesale_unsecured,3231100.96766361,overnight,False,True,False,1.0,0.0,0.0
A02837,retail_less_stable,2145304.8316369597,overnight,False,True,False,1.0,0.9,0.0
A02838,corporate_operational,4100363.7432063366,2d-7d,False,True,False,1.0,0.5,0.0
A02839,retail_stable,1573130.4138090147,2d-7d,False,True,False,1.0,0.95,0.0
A02840,corporate_non_operational,5159442.496322014,overnight,False,True,False,1.0,0.5,0.0
A02841,corporate_operational,806725.5152712943,31d-90d,False,True,False,1.0,0.5,0.0
A02842,retail_stable,7582844.4059798345,8d-30d,False,True,False,1.0,0.95,0.0
A02843,retail_stable,966185.4860848003,overnight,False,True,False,1.0,0.95,0.0
A02844,wholesale_unsecured,3964096.7589711114,overnight,False,True,False,1.0,0.0,0.0
A02845,retail_less_stable,1433433.3499632867,2d-7d,False,True,False,1.0,0.9,0.0
A02846,retail_stable,3361183.1353463503,overnight,False,True,False,1.0,0.95,0.0
A02847,corporate_non_operational,2221562.4867563476,overnight,False,True,False,1.0,0.5,0.0
A02848,loans,3225120.198393687,8d-30d,True,False,False,0.65,0.0,0.85
A02849,equities,3231000.278291486,>1y,True,False,False,0.45,0.0,0.85
A02850,treasury_hqla,906040.7281194975,91d-1y,True,False,False,0.05,0.0,0.05
A02851,equities,2864583.231216233,31d-90d,True,False,False,0.45,0.0,0.85
A02852,retail_stable,4657225.249789291,31d-90d,False,True,False,1.0,0.95,0.0
A02853,corporate_operational,2277821.5268590925,8d-30d,False,True,False,1.0,0.5,0.0
A02854,committed_facilities,451382.37410481094,8d-30d,False,False,True,1.0,0.0,0.0
A02855,loans,9548882.999621553,2d-7d,True,False,False,0.65,0.0,0.85
A02856,retail_stable,2425785.8960059104,overnight,False,True,False,1.0,0.95,0.0
A02857,corporate_non_operational,2038842.3591894219,overnight,False,True,False,1.0,0.5,0.0
A02858,corporate_non_operational,20765030.773028377,overnight,False,True,False,1.0,0.5,0.0
A02859,committed_facilities,15706578.260326039,8d-30d,False,False,True,1.0,0.0,0.0
A02860,retail_stable,7621774.6619966775,8d-30d,False,True,False,1.0,0.95,0.0
A02861,retail_stable,667287.1434005687,31d-90d,False,True,False,1.0,0.95,0.0
A02862,treasury_hqla,3913868.852106776,>1y,True,False,False,0.05,0.0,0.05
A02863,loans,20644168.90534906,>1y,True,False,False,0.65,0.0,0.85
A02864,corporate_operational,5389725.9638832435,overnight,False,True,False,1.0,0.5,0.0
A02865,loans,2910625.110935157,>1y,True,False,False,0.65,0.0,0.85
A02866,corporate_operational,22637695.894225504,8d-30d,False,True,False,1.0,0.5,0.0
A02867,treasury_hqla,5601388.698085846,31d-90d,True,False,False,0.05,0.0,0.05
A02868,retail_less_stable,157528.06128242647,8d-30d,False,True,False,1.0,0.9,0.0
A02869,retail_stable,4248256.531953914,8d-30d,False,True,False,1.0,0.95,0.0
A02870,retail_stable,5138609.844508084,31d-90d,False,True,False,1.0,0.95,0.0
A02871,retail_less_stable,8153929.546843758,8d-30d,False,True,False,1.0,0.9,0.0
A02872,equities,999397.4312383048,91d-1y,True,False,False,0.45,0.0,0.85
A02873,retail_less_stable,7928970.019634311,overnight,False,True,False,1.0,0.9,0.0
A02874,retail_stable,1851159.1140430425,overnight,False,True,False,1.0,0.95,0.0
A02875,retail_stable,784879.0390348708,overnight,False,True,False,1.0,0.95,0.0
A02876,committed_facilities,2697617.700540576,2d-7d,False,False,True,1.0,0.0,0.0
A02877,retail_less_stable,3945467.1644128067,2d-7d,False,True,False,1.0,0.9,0.0
A02878,committed_facilities,20514463.11833095,31d-90d,False,False,True,1.0,0.0,0.0
A02879,loans,1034507.5471863431,8d-30d,True,False,False,0.65,0.0,0.85
A02880,loans,304519.41323049803,31d-90d,True,False,False,0.65,0.0,0.85
A02881,retail_less_stable,5684923.896233095,8d-30d,False,True,False,1.0,0.9,0.0
A02882,treasury_hqla,3157021.6635256903,>1y,True,False,False,0.05,0.0,0.05
A02883,retail_less_stable,12342964.403224047,>1y,False,True,False,1.0,0.9,0.0
A02884,corporate_non_operational,2493760.003102611,31d-90d,False,True,False,1.0,0.5,0.0
A02885,corporate_operational,1487968.833640362,overnight,False,True,False,1.0,0.5,0.0
A02886,corporate_bonds,4821763.596233425,31d-90d,True,False,False,0.2,0.0,0.5
A02887,corporate_non_operational,5345151.30875337,overnight,False,True,False,1.0,0.5,0.0
A02888,retail_stable,4199591.091609705,overnight,False,True,False,1.0,0.95,0.0
A02889,retail_less_stable,829416.771148724,overnight,False,True,False,1.0,0.9,0.0
A02890,retail_stable,801996.132314411,2d-7d,False,True,False,1.0,0.95,0.0
A02891,wholesale_unsecured,1007011.8633823723,overnight,False,True,False,1.0,0.0,0.0
A02892,retail_less_stable,4929888.891291372,>1y,False,True,False,1.0,0.9,0.0
A02893,treasury_hqla,858278.7658434612,91d-1y,True,False,False,0.05,0.0,0.05
A02894,retail_stable,5632209.291838255,overnight,False,True,False,1.0,0.95,0.0
A02895,committed_facilities,858655.4064898036,31d-90d,False,False,True,1.0,0.0,0.0
A02896,loans,484349.0110433838,31d-90d,True,False,False,0.65,0.0,0.85
A02897,retail_stable,5248030.0572686605,overnight,False,True,False,1.0,0.95,0.0
A02898,retail_stable,7802545.386454816,overnight,False,True,False,1.0,0.95,0.0
A02899,retail_less_stable,1161301.0223287137,8d-30d,False,True,False,1.0,0.9,0.0
A02900,loans,11580975.816067249,31d-90d,True,False,False,0.65,0.0,0.85
A02901,retail_less_stable,7815938.38385465,2d-7d,False,True,False,1.0,0.9,0.0
A02902,loans,5003734.280763314,2d-7d,True,False,False,0.65,0.0,0.85
A02903,retail_stable,22938440.57101119,8d-30d,False,True,False,1.0,0.95,0.0
A02904,corporate_non_operational,1770170.8045959375,8d-30d,False,True,False,1.0,0.5,0.0
A02905,corporate_operational,2716395.084905652,91d-1y,False,True,False,1.0,0.5,0.0
A02906,retail_stable,2750008.1723444327,overnight,False,True,False,1.0,0.95,0.0
A02907,committed_facilities,8697991.572573619,2d-7d,False,False,True,1.0,0.0,0.0
A02908,retail_stable,6398140.149351871,overnight,False,True,False,1.0,0.95,0.0
A02909,retail_stable,1673933.9423235198,2d-7d,False,True,False,1.0,0.95,0.0
A02910,treasury_hqla,1817946.0329495855,91d-1y,True,False,False,0.05,0.0,0.05
A02911,corporate_operational,4068637.3595623993,8d-30d,False,True,False,1.0,0.5,0.0
A02912,corporate_non_operational,864663.2254409499,overnight,False,True,False,1.0,0.5,0.0
A02913,retail_stable,936476.6708270954,8d-30d,False,True,False,1.0,0.95,0.0
A02914,corporate_operational,4148225.144842793,overnight,False,True,False,1.0,0.5,0.0
A02915,loans,16128199.22449954,8d-30d,True,False,False,0.65,0.0,0.85
A02916,loans,2170492.461149272,91d-1y,True,False,False,0.65,0.0,0.85
A02917,equities,981960.7134890612,8d-30d,True,False,False,0.45,0.0,0.85
A02918,corporate_operational,2093877.6726628256,31d-90d,False,True,False,1.0,0.5,0.0
A02919,retail_less_stable,3784080.7578082206,>1y,False,True,False,1.0,0.9,0.0
A02920,loans,6657310.619918854,8d-30d,True,False,False,0.65,0.0,0.85
A02921,retail_stable,4453370.030378772,31d-90d,False,True,False,1.0,0.95,0.0
A02922,retail_less_stable,8752553.77695948,2d-7d,False,True,False,1.0,0.9,0.0
A02923,corporate_bonds,2901724.2096105665,>1y,True,False,False,0.2,0.0,0.5
A02924,corporate_non_operational,5739159.174760271,8d-30d,False,True,False,1.0,0.5,0.0
A02925,loans,3572694.6436389885,>1y,True,False,False,0.65,0.0,0.85
A02926,retail_less_stable,1040698.23411602,8d-30d,False,True,False,1.0,0.9,0.0
A02927,corporate_non_operational,2388752.49500396,8d-30d,False,True,False,1.0,0.5,0.0
A02928,wholesale_unsecured,3996215.6437754654,overnight,False,True,False,1.0,0.0,0.0
A02929,retail_less_stable,29681953.980223592,8d-30d,False,True,False,1.0,0.9,0.0
A02930,treasury_hqla,2238961.877693717,>1y,True,False,False,0.05,0.0,0.05
A02931,retail_stable,8856914.466049891,31d-90d,False,True,False,1.0,0.95,0.0
A02932,retail_stable,30247704.673235673,8d-30d,False,True,False,1.0,0.95,0.0
A02933,retail_stable,4061240.332765728,8d-30d,False,True,False,1.0,0.95,0.0
A02934,retail_less_stable,3761775.641047016,2d-7d,False,True,False,1.0,0.9,0.0
A02935,wholesale_unsecured,1955303.074097116,91d-1y,False,True,False,1.0,0.0,0.0
A02936,corporate_operational,4561037.810477575,>1y,False,True,False,1.0,0.5,0.0
A02937,retail_stable,8615797.763369514,8d-30d,False,True,False,1.0,0.95,0.0
A02938,retail_stable,177454.16793541564,91d-1y,False,True,False,1.0,0.95,0.0
A02939,corporate_non_operational,4698653.480010826,8d-30d,False,True,False,1.0,0.5,0.0
A02940,loans,4539358.7487093555,31d-90d,True,False,False,0.65,0.0,0.85
A02941,committed_facilities,2742900.4521131124,>1y,False,False,True,1.0,0.0,0.0
A02942,retail_less_stable,7620352.906675648,31d-90d,False,True,False,1.0,0.9,0.0
A02943,retail_less_stable,598759.868422101,31d-90d,False,True,False,1.0,0.9,0.0
A02944,corporate_operational,7318578.0680290405,8d-30d,False,True,False,1.0,0.5,0.0
A02945,corporate_bonds,967745.9339599833,91d-1y,True,False,False,0.2,0.0,0.5
A02946,loans,3974145.772035849,overnight,True,False,False,0.65,0.0,0.85
A02947,loans,1915425.0998012195,31d-90d,True,False,False,0.65,0.0,0.85
A02948,retail_stable,3889419.7977582663,overnight,False,True,False,1.0,0.95,0.0
A02949,retail_stable,2727145.7194654746,>1y,False,True,False,1.0,0.95,0.0
A02950,retail_less_stable,2268464.4868874494,overnight,False,True,False,1.0,0.9,0.0
A02951,committed_facilities,2172557.8363668784,91d-1y,False,False,True,1.0,0.0,0.0
A02952,corporate_non_operational,1586368.755999247,overnight,False,True,False,1.0,0.5,0.0
A02953,corporate_operational,775080.911418796,8d-30d,False,True,False,1.0,0.5,0.0
A02954,corporate_non_operational,2631156.2741538156,overnight,False,True,False,1.0,0.5,0.0
A02955,committed_facilities,8719149.636957617,91d-1y,False,False,True,1.0,0.0,0.0
A02956,equities,3979728.736183475,overnight,True,False,False,0.45,0.0,0.85
A02957,loans,1793139.7606866842,8d-30d,True,False,False,0.65,0.0,0.85
A02958,retail_stable,2778184.5682706544,overnight,False,True,False,1.0,0.95,0.0
A02959,loans,1164649.1626895426,>1y,True,False,False,0.65,0.0,0.85
A02960,retail_less_stable,1541736.4831549688,overnight,False,True,False,1.0,0.9,0.0
A02961,loans,1021691.7327884737,>1y,True,False,False,0.65,0.0,0.85
A02962,loans,1442778.760590005,91d-1y,True,False,False,0.65,0.0,0.85
A02963,corporate_non_operational,284262.5783100096,overnight,False,True,False,1.0,0.5,0.0
A02964,retail_less_stable,1155502.6336684392,8d-30d,False,True,False,1.0,0.9,0.0
A02965,corporate_bonds,918610.0247157037,8d-30d,True,False,False,0.2,0.0,0.5
A02966,treasury_hqla,2646228.1137619745,91d-1y,True,False,False,0.05,0.0,0.05
A02967,corporate_non_operational,1305572.7039610485,2d-7d,False,True,False,1.0,0.5,0.0
A02968,retail_stable,2424314.1477129096,8d-30d,False,True,False,1.0,0.95,0.0
A02969,wholesale_unsecured,14343294.277802492,>1y,False,True,False,1.0,0.0,0.0
A02970,treasury_hqla,10553912.064332424,91d-1y,True,False,False,0.05,0.0,0.05
A02971,wholesale_unsecured,2732503.5638753213,overnight,False,True,False,1.0,0.0,0.0
A02972,retail_stable,4252745.175557541,8d-30d,False,True,False,1.0,0.95,0.0
A02973,loans,3440361.4622120974,8d-30d,True,False,False,0.65,0.0,0.85
A02974,retail_stable,6740773.88034145,>1y,False,True,False,1.0,0.95,0.0
A02975,retail_stable,4057753.0110221505,31d-90d,False,True,False,1.0,0.95,0.0
A02976,retail_less_stable,2150927.9321382027,8d-30d,False,True,False,1.0,0.9,0.0
A02977,loans,1197953.0210653767,>1y,True,False,False,0.65,0.0,0.85
A02978,corporate_bonds,1638557.0483824802,91d-1y,True,False,False,0.2,0.0,0.5
A02979,retail_less_stable,6558631.8836471485,overnight,False,True,False,1.0,0.9,0.0
A02980,corporate_operational,15105724.88071913,2d-7d,False,True,False,1.0,0.5,0.0
A02981,retail_stable,2297064.497012047,2d-7d,False,True,False,1.0,0.95,0.0
A02982,retail_less_stable,3937498.3795441417,overnight,False,True,False,1.0,0.9,0.0
A02983,retail_less_stable,5910167.849566856,overnight,False,True,False,1.0,0.9,0.0
A02984,corporate_bonds,8405223.022994513,31d-90d,True,False,False,0.2,0.0,0.5
A02985,corporate_operational,5466386.611128286,overnight,False,True,False,1.0,0.5,0.0
A02986,corporate_operational,2128207.556673755,8d-30d,False,True,False,1.0,0.5,0.0
A02987,retail_less_stable,3739561.9067996675,91d-1y,False,True,False,1.0,0.9,0.0
A02988,corporate_bonds,6565258.164135623,8d-30d,True,False,False,0.2,0.0,0.5
A02989,equities,823588.0634655899,>1y,True,False,False,0.45,0.0,0.85
A02990,loans,1603525.3971161875,>1y,True,False,False,0.65,0.0,0.85
A02991,corporate_non_operational,4645777.539993182,31d-90d,False,True,False,1.0,0.5,0.0
A02992,corporate_operational,347022.8862580522,2d-7d,False,True,False,1.0,0.5,0.0
A02993,loans,33459323.555486463,31d-90d,True,False,False,0.65,0.0,0.85
A02994,treasury_hqla,1561458.7178102208,31d-90d,True,False,False,0.05,0.0,0.05
A02995,retail_stable,787012.6345538006,31d-90d,False,True,False,1.0,0.95,0.0
A02996,corporate_operational,295538.43487778516,8d-30d,False,True,False,1.0,0.5,0.0
A02997,wholesale_unsecured,1192731.7817367234,2d-7d,False,True,False,1.0,0.0,0.0
A02998,treasury_hqla,1112428.3877335812,2d-7d,True,False,False,0.05,0.0,0.05
A02999,committed_facilities,1537937.3688593346,8d-30d,False,False,True,1.0,0.0,0.0
A03000,retail_stable,2452054.0789425555,overnight,False,True,False,1.0,0.95,0.0
A03001,retail_stable,903507.0563053493,>1y,False,True,False,1.0,0.95,0.0
A03002,loans,45087777.261111364,31d-90d,True,False,False,0.65,0.0,0.85
A03003,loans,772188.8183433911,8d-30d,True,False,False,0.65,0.0,0.85
A03004,retail_stable,3865954.1254241103,31d-90d,False,True,False,1.0,0.95,0.0
A03005,corporate_non_operational,4149777.222505498,overnight,False,True,False,1.0,0.5,0.0
A03006,corporate_non_operational,2257354.8975818492,2d-7d,False,True,False,1.0,0.5,0.0
A03007,corporate_non_operational,10700540.749731123,2d-7d,False,True,False,1.0,0.5,0.0
A03008,treasury_hqla,1226268.9983838825,2d-7d,True,False,False,0.05,0.0,0.05
A03009,wholesale_unsecured,1559188.9578810076,overnight,False,True,False,1.0,0.0,0.0
A03010,retail_stable,13706492.411240095,overnight,False,True,False,1.0,0.95,0.0
A03011,loans,7884997.711982415,91d-1y,True,False,False,0.65,0.0,0.85
A03012,loans,558645.6964668436,31d-90d,True,False,False,0.65,0.0,0.85
A03013,treasury_hqla,1503410.5330604538,31d-90d,True,False,False,0.05,0.0,0.05
A03014,committed_facilities,3079401.494700611,2d-7d,False,False,True,1.0,0.0,0.0
A03015,loans,6056740.283448257,2d-7d,True,False,False,0.65,0.0,0.85
A03016,retail_less_stable,4380692.054541209,overnight,False,True,False,1.0,0.9,0.0
A03017,corporate_non_operational,10119177.921782993,overnight,False,True,False,1.0,0.5,0.0
A03018,retail_less_stable,1184322.022263345,>1y,False,True,False,1.0,0.9,0.0
A03019,loans,45235243.99593734,2d-7d,True,False,False,0.65,0.0,0.85
A03020,retail_stable,3792348.4671434625,overnight,False,True,False,1.0,0.95,0.0
A03021,retail_stable,1969602.2186220167,8d-30d,False,True,False,1.0,0.95,0.0
A03022,treasury_hqla,3142757.0886574388,>1y,True,False,False,0.05,0.0,0.05
A03023,corporate_bonds,6606856.758119676,91d-1y,True,False,False,0.2,0.0,0.5
A03024,wholesale_unsecured,367048.17421425047,overnight,False,True,False,1.0,0.0,0.0
A03025,retail_stable,612347.5006714549,2d-7d,False,True,False,1.0,0.95,0.0
A03026,corporate_bonds,1107233.8680171105,91d-1y,True,False,False,0.2,0.0,0.5
A03027,loans,5271488.749205055,31d-90d,True,False,False,0.65,0.0,0.85
A03028,retail_stable,361733.4564559377,overnight,False,True,False,1.0,0.95,0.0
A03029,loans,5201856.1709055705,8d-30d,True,False,False,0.65,0.0,0.85
A03030,loans,1832715.777490578,8d-30d,True,False,False,0.65,0.0,0.85
A03031,corporate_non_operational,5381851.27689668,overnight,False,True,False,1.0,0.5,0.0
A03032,retail_stable,3407329.642673893,8d-30d,False,True,False,1.0,0.95,0.0
A03033,treasury_hqla,13789946.898227913,31d-90d,True,False,False,0.05,0.0,0.05
A03034,equities,7875099.714127918,overnight,True,False,False,0.45,0.0,0.85
A03035,treasury_hqla,3243491.1632268326,91d-1y,True,False,False,0.05,0.0,0.05
A03036,treasury_hqla,493600.3760043812,31d-90d,True,False,False,0.05,0.0,0.05
A03037,loans,1637801.7816208135,2d-7d,True,False,False,0.65,0.0,0.85
A03038,committed_facilities,20057624.499818847,8d-30d,False,False,True,1.0,0.0,0.0
A03039,retail_less_stable,1042757.9057654026,91d-1y,False,True,False,1.0,0.9,0.0
A03040,corporate_operational,934054.8668066144,overnight,False,True,False,1.0,0.5,0.0
A03041,committed_facilities,4097648.7052360047,8d-30d,False,False,True,1.0,0.0,0.0
A03042,retail_less_stable,1916343.2316473534,31d-90d,False,True,False,1.0,0.9,0.0
A03043,corporate_non_operational,5801959.223527372,2d-7d,False,True,False,1.0,0.5,0.0
A03044,retail_stable,7127492.869409308,overnight,False,True,False,1.0,0.95,0.0
A03045,retail_less_stable,4072235.5382811297,91d-1y,False,True,False,1.0,0.9,0.0
A03046,treasury_hqla,1681781.6924198335,91d-1y,True,False,False,0.05,0.0,0.05
A03047,retail_less_stable,3083933.8112666034,overnight,False,True,False,1.0,0.9,0.0
A03048,corporate_bonds,4815679.603990364,91d-1y,True,False,False,0.2,0.0,0.5
A03049,retail_stable,11612119.131106062,31d-90d,False,True,False,1.0,0.95,0.0
A03050,retail_stable,1075771.3485448477,8d-30d,False,True,False,1.0,0.95,0.0
A03051,treasury_hqla,468339.98803379165,2d-7d,True,False,False,0.05,0.0,0.05
A03052,equities,7719936.930907386,91d-1y,True,False,False,0.45,0.0,0.85
A03053,loans,3039721.699158433,31d-90d,True,False,False,0.65,0.0,0.85
A03054,treasury_hqla,2694715.610244484,31d-90d,True,False,False,0.05,0.0,0.05
A03055,wholesale_unsecured,5529185.07907171,overnight,False,True,False,1.0,0.0,0.0
A03056,treasury_hqla,8990933.51218878,>1y,True,False,False,0.05,0.0,0.05
A03057,retail_stable,3750223.0202280395,overnight,False,True,False,1.0,0.95,0.0
A03058,retail_stable,5198749.080642227,8d-30d,False,True,False,1.0,0.95,0.0
A03059,loans,2262591.378585887,31d-90d,True,False,False,0.65,0.0,0.85
A03060,loans,1347318.5051288796,>1y,True,False,False,0.65,0.0,0.85
A03061,retail_less_stable,20761372.312379375,31d-90d,False,True,False,1.0,0.9,0.0
A03062,corporate_non_operational,3907450.3857352636,overnight,False,True,False,1.0,0.5,0.0
A03063,corporate_non_operational,321578.24580899515,8d-30d,False,True,False,1.0,0.5,0.0
A03064,committed_facilities,1670183.4980919992,>1y,False,False,True,1.0,0.0,0.0
A03065,retail_stable,1483758.238980513,8d-30d,False,True,False,1.0,0.95,0.0
A03066,treasury_hqla,1965327.7852603723,31d-90d,True,False,False,0.05,0.0,0.05
A03067,treasury_hqla,88997169.7774921,>1y,True,False,False,0.05,0.0,0.05
A03068,loans,14138194.111261742,>1y,True,False,False,0.65,0.0,0.85
A03069,committed_facilities,6809915.845018746,91d-1y,False,False,True,1.0,0.0,0.0
A03070,corporate_operational,2699825.536378529,>1y,False,True,False,1.0,0.5,0.0
A03071,retail_stable,2979528.1708724773,91d-1y,False,True,False,1.0,0.95,0.0
A03072,loans,8884188.240782635,31d-90d,True,False,False,0.65,0.0,0.85
A03073,retail_less_stable,15353866.779639274,31d-90d,False,True,False,1.0,0.9,0.0
A03074,retail_less_stable,2204041.3663901803,31d-90d,False,True,False,1.0,0.9,0.0
A03075,retail_stable,4856497.800021796,overnight,False,True,False,1.0,0.95,0.0
A03076,wholesale_unsecured,33093539.120695576,overnight,False,True,False,1.0,0.0,0.0
A03077,corporate_non_operational,2846522.021139636,2d-7d,False,True,False,1.0,0.5,0.0
A03078,retail_stable,2625316.5217466257,8d-30d,False,True,False,1.0,0.95,0.0
A03079,corporate_operational,3164678.0493098362,overnight,False,True,False,1.0,0.5,0.0
A03080,retail_stable,1078417.3127177618,91d-1y,False,True,False,1.0,0.95,0.0
A03081,retail_less_stable,34733107.0575079,overnight,False,True,False,1.0,0.9,0.0
A03082,corporate_non_operational,2302450.932324441,overnight,False,True,False,1.0,0.5,0.0
A03083,equities,9757030.83130866,91d-1y,True,False,False,0.45,0.0,0.85
A03084,retail_less_stable,7294025.192763907,overnight,False,True,False,1.0,0.9,0.0
A03085,retail_stable,4233890.594793941,2d-7d,False,True,False,1.0,0.95,0.0
A03086,corporate_operational,2221838.5104353456,2d-7d,False,True,False,1.0,0.5,0.0
A03087,retail_less_stable,1600468.3169863122,31d-90d,False,True,False,1.0,0.9,0.0
A03088,retail_stable,12838045.189278312,31d-90d,False,True,False,1.0,0.95,0.0
A03089,retail_stable,4641813.943699603,8d-30d,False,True,False,1.0,0.95,0.0
A03090,corporate_non_operational,1807736.770962883,2d-7d,False,True,False,1.0,0.5,0.0
A03091,corporate_bonds,3827697.161600452,>1y,True,False,False,0.2,0.0,0.5
A03092,corporate_non_operational,3286022.038555865,31d-90d,False,True,False,1.0,0.5,0.0
A03093,treasury_hqla,11180086.498326,>1y,True,False,False,0.05,0.0,0.05
A03094,wholesale_unsecured,7582791.876064656,2d-7d,False,True,False,1.0,0.0,0.0
A03095,corporate_non_operational,9327067.717759408,overnight,False,True,False,1.0,0.5,0.0
A03096,retail_less_stable,12848487.938992007,overnight,False,True,False,1.0,0.9,0.0
A03097,corporate_operational,1113255.0670792325,31d-90d,False,True,False,1.0,0.5,0.0
A03098,retail_less_stable,8245947.8648693245,31d-90d,False,True,False,1.0,0.9,0.0
A03099,corporate_bonds,4465348.140438081,>1y,True,False,False,0.2,0.0,0.5
A03100,committed_facilities,15162813.573166113,91d-1y,False,False,True,1.0,0.0,0.0
A03101,equities,2545769.830797592,2d-7d,True,False,False,0.45,0.0,0.85
A03102,retail_stable,668205.7470799049,31d-90d,False,True,False,1.0,0.95,0.0
A03103,retail_stable,2797604.30475543,31d-90d,False,True,False,1.0,0.95,0.0
A03104,retail_less_stable,4889391.746976245,overnight,False,True,False,1.0,0.9,0.0
A03105,retail_stable,3193886.0698886127,2d-7d,False,True,False,1.0,0.95,0.0
A03106,retail_stable,2347243.206134964,31d-90d,False,True,False,1.0,0.95,0.0
A03107,corporate_operational,4233895.737744557,overnight,False,True,False,1.0,0.5,0.0
A03108,loans,806850.2503244783,>1y,True,False,False,0.65,0.0,0.85
A03109,loans,617202.2151294395,8d-30d,True,False,False,0.65,0.0,0.85
A03110,committed_facilities,2038009.6239813303,>1y,False,False,True,1.0,0.0,0.0
A03111,retail_stable,4617221.565673068,8d-30d,False,True,False,1.0,0.95,0.0
A03112,retail_less_stable,18442045.31298655,2d-7d,False,True,False,1.0,0.9,0.0
A03113,loans,3470210.3510257956,8d-30d,True,False,False,0.65,0.0,0.85
A03114,treasury_hqla,4825109.097648182,91d-1y,True,False,False,0.05,0.0,0.05
A03115,retail_stable,4539661.230307712,8d-30d,False,True,False,1.0,0.95,0.0
A03116,equities,3529644.061500046,91d-1y,True,False,False,0.45,0.0,0.85
A03117,retail_stable,13568911.663641896,8d-30d,False,True,False,1.0,0.95,0.0
A03118,retail_stable,7011804.774972146,overnight,False,True,False,1.0,0.95,0.0
A03119,loans,5480646.971105934,overnight,True,False,False,0.65,0.0,0.85
A03120,loans,146833.79152913505,91d-1y,True,False,False,0.65,0.0,0.85
A03121,loans,2936703.22753337,91d-1y,True,False,False,0.65,0.0,0.85
A03122,corporate_operational,3916359.780226988,31d-90d,False,True,False,1.0,0.5,0.0
A03123,retail_stable,7478866.4535295665,31d-90d,False,True,False,1.0,0.95,0.0
A03124,retail_less_stable,2571061.4563919725,overnight,False,True,False,1.0,0.9,0.0
A03125,treasury_hqla,363808.0767982052,31d-90d,True,False,False,0.05,0.0,0.05
A03126,corporate_non_operational,716587.2305377156,2d-7d,False,True,False,1.0,0.5,0.0
A03127,corporate_bonds,2662124.3872195752,8d-30d,True,False,False,0.2,0.0,0.5
A03128,retail_stable,4154245.815749363,2d-7d,False,True,False,1.0,0.95,0.0
A03129,retail_stable,4085127.4173409916,8d-30d,False,True,False,1.0,0.95,0.0
A03130,corporate_operational,1507080.2662752075,2d-7d,False,True,False,1.0,0.5,0.0
A03131,retail_less_stable,2607321.7938515833,2d-7d,False,True,False,1.0,0.9,0.0
A03132,corporate_bonds,2797076.4753508614,91d-1y,True,False,False,0.2,0.0,0.5
A03133,retail_stable,1460759.0347129186,overnight,False,True,False,1.0,0.95,0.0
A03134,loans,128422.56286066098,overnight,True,False,False,0.65,0.0,0.85
A03135,corporate_operational,5103576.374367376,2d-7d,False,True,False,1.0,0.5,0.0
A03136,retail_less_stable,419833.7167532876,8d-30d,False,True,False,1.0,0.9,0.0
A03137,retail_less_stable,5853864.230090933,91d-1y,False,True,False,1.0,0.9,0.0
A03138,retail_less_stable,3934791.5686276043,overnight,False,True,False,1.0,0.9,0.0
A03139,retail_stable,687595.5858252856,31d-90d,False,True,False,1.0,0.95,0.0
A03140,loans,2551841.9732563263,91d-1y,True,False,False,0.65,0.0,0.85
A03141,committed_facilities,1206591.8123289857,>1y,False,False,True,1.0,0.0,0.0
A03142,retail_less_stable,1862462.6748612735,2d-7d,False,True,False,1.0,0.9,0.0
A03143,loans,2331506.525876413,91d-1y,True,False,False,0.65,0.0,0.85
A03144,loans,11128405.522415191,>1y,True,False,False,0.65,0.0,0.85
A03145,loans,3938101.6543389293,8d-30d,True,False,False,0.65,0.0,0.85
A03146,loans,4215568.185333648,91d-1y,True,False,False,0.65,0.0,0.85
A03147,corporate_non_operational,889816.5744770528,8d-30d,False,True,False,1.0,0.5,0.0
A03148,committed_facilities,1419075.732937839,31d-90d,False,False,True,1.0,0.0,0.0
A03149,retail_stable,14048715.484570267,overnight,False,True,False,1.0,0.95,0.0
A03150,loans,2711746.9455366656,31d-90d,True,False,False,0.65,0.0,0.85
A03151,loans,22535427.92129226,>1y,True,False,False,0.65,0.0,0.85
A03152,retail_stable,5661286.460961686,overnight,False,True,False,1.0,0.95,0.0
A03153,corporate_operational,1589558.4308311814,2d-7d,False,True,False,1.0,0.5,0.0
A03154,loans,1916289.7535599025,91d-1y,True,False,False,0.65,0.0,0.85
A03155,loans,759970.4336259975,91d-1y,True,False,False,0.65,0.0,0.85
A03156,loans,4217522.488100126,91d-1y,True,False,False,0.65,0.0,0.85
A03157,retail_less_stable,2738014.4461136446,2d-7d,False,True,False,1.0,0.9,0.0
A03158,corporate_non_operational,5806047.353523465,31d-90d,False,True,False,1.0,0.5,0.0
A03159,wholesale_unsecured,6391961.104275356,>1y,False,True,False,1.0,0.0,0.0
A03160,retail_less_stable,706208.3458922955,overnight,False,True,False,1.0,0.9,0.0
A03161,loans,2780610.6373436493,2d-7d,True,False,False,0.65,0.0,0.85
A03162,retail_stable,1405138.101341628,31d-90d,False,True,False,1.0,0.95,0.0
A03163,corporate_non_operational,9609551.142113205,8d-30d,False,True,False,1.0,0.5,0.0
A03164,treasury_hqla,3592237.944402447,>1y,True,False,False,0.05,0.0,0.05
A03165,corporate_operational,772583.8933842797,2d-7d,False,True,False,1.0,0.5,0.0
A03166,loans,2486853.429030299,91d-1y,True,False,False,0.65,0.0,0.85
A03167,retail_stable,2266403.8352929107,8d-30d,False,True,False,1.0,0.95,0.0
A03168,loans,17559194.76972319,91d-1y,True,False,False,0.65,0.0,0.85
A03169,loans,4405691.542087908,>1y,True,False,False,0.65,0.0,0.85
A03170,loans,3746290.529125617,31d-90d,True,False,False,0.65,0.0,0.85
A03171,retail_less_stable,916875.4934606254,31d-90d,False,True,False,1.0,0.9,0.0
A03172,corporate_bonds,7652495.34825976,91d-1y,True,False,False,0.2,0.0,0.5
A03173,retail_stable,1198439.1759353722,31d-90d,False,True,False,1.0,0.95,0.0
A03174,retail_stable,1395642.2533547808,overnight,False,True,False,1.0,0.95,0.0
A03175,retail_less_stable,2324581.5730098467,overnight,False,True,False,1.0,0.9,0.0
A03176,corporate_non_operational,141342.52908289962,91d-1y,False,True,False,1.0,0.5,0.0
A03177,equities,671913.9260662037,>1y,True,False,False,0.45,0.0,0.85
A03178,loans,184083.9278534442,>1y,True,False,False,0.65,0.0,0.85
A03179,retail_stable,179003.87282635344,8d-30d,False,True,False,1.0,0.95,0.0
A03180,loans,1964348.707608597,91d-1y,True,False,False,0.65,0.0,0.85
A03181,treasury_hqla,335042.56936674064,>1y,True,False,False,0.05,0.0,0.05
A03182,corporate_bonds,11850358.07861296,>1y,True,False,False,0.2,0.0,0.5
A03183,wholesale_unsecured,4968339.06611467,overnight,False,True,False,1.0,0.0,0.0
A03184,retail_stable,1368416.1331685525,2d-7d,False,True,False,1.0,0.95,0.0
A03185,corporate_bonds,1184832.0424494818,91d-1y,True,False,False,0.2,0.0,0.5
A03186,loans,7268742.110414758,2d-7d,True,False,False,0.65,0.0,0.85
A03187,retail_less_stable,4584573.537693762,8d-30d,False,True,False,1.0,0.9,0.0
A03188,loans,2991536.8389377813,31d-90d,True,False,False,0.65,0.0,0.85
A03189,retail_stable,1702957.8178511057,31d-90d,False,True,False,1.0,0.95,0.0
A03190,loans,1008250.1331644856,91d-1y,True,False,False,0.65,0.0,0.85
A03191,treasury_hqla,1686239.087050462,overnight,True,False,False,0.05,0.0,0.05
A03192,retail_stable,419835.91818304796,overnight,False,True,False,1.0,0.95,0.0
A03193,retail_stable,4425587.792691717,2d-7d,False,True,False,1.0,0.95,0.0
A03194,loans,1806508.3196716055,91d-1y,True,False,False,0.65,0.0,0.85
A03195,corporate_non_operational,1347470.8876735044,>1y,False,True,False,1.0,0.5,0.0
A03196,retail_stable,6894561.599129593,2d-7d,False,True,False,1.0,0.95,0.0
A03197,wholesale_unsecured,600312.0226463624,31d-90d,False,True,False,1.0,0.0,0.0
A03198,corporate_operational,996082.4389788865,2d-7d,False,True,False,1.0,0.5,0.0
A03199,corporate_bonds,3213765.3474217076,91d-1y,True,False,False,0.2,0.0,0.5
A03200,retail_less_stable,2777155.376258246,8d-30d,False,True,False,1.0,0.9,0.0
A03201,retail_less_stable,3473342.1417425894,31d-90d,False,True,False,1.0,0.9,0.0
A03202,committed_facilities,1377011.6649503866,8d-30d,False,False,True,1.0,0.0,0.0
A03203,corporate_bonds,628230.6788630933,91d-1y,True,False,False,0.2,0.0,0.5
A03204,treasury_hqla,4295975.0710780155,31d-90d,True,False,False,0.05,0.0,0.05
A03205,retail_stable,306681.3066595126,overnight,False,True,False,1.0,0.95,0.0
A03206,retail_stable,1617523.2097384972,overnight,False,True,False,1.0,0.95,0.0
A03207,retail_stable,13809846.755961357,overnight,False,True,False,1.0,0.95,0.0
A03208,loans,7749391.794536307,31d-90d,True,False,False,0.65,0.0,0.85
A03209,loans,2175234.6401242064,8d-30d,True,False,False,0.65,0.0,0.85
A03210,retail_less_stable,740727.83573644,overnight,False,True,False,1.0,0.9,0.0
A03211,corporate_bonds,1989348.2660112937,91d-1y,True,False,False,0.2,0.0,0.5
A03212,corporate_bonds,20833342.89348343,>1y,True,False,False,0.2,0.0,0.5
A03213,committed_facilities,997665.6148976185,2d-7d,False,False,True,1.0,0.0,0.0
A03214,corporate_operational,1474254.702055201,overnight,False,True,False,1.0,0.5,0.0
A03215,retail_less_stable,1978223.6504825559,8d-30d,False,True,False,1.0,0.9,0.0
A03216,wholesale_unsecured,940293.6835746694,2d-7d,False,True,False,1.0,0.0,0.0
A03217,corporate_operational,740123.4069551979,91d-1y,False,True,False,1.0,0.5,0.0
A03218,loans,1599309.2233920726,>1y,True,False,False,0.65,0.0,0.85
A03219,retail_stable,9298702.007166523,91d-1y,False,True,False,1.0,0.95,0.0
A03220,corporate_non_operational,7171976.193057561,overnight,False,True,False,1.0,0.5,0.0
A03221,committed_facilities,1061314.7502944344,31d-90d,False,False,True,1.0,0.0,0.0
A03222,corporate_operational,2416658.2473493097,91d-1y,False,True,False,1.0,0.5,0.0
A03223,retail_stable,3100304.0762744094,91d-1y,False,True,False,1.0,0.95,0.0
A03224,corporate_non_operational,4465261.650286679,overnight,False,True,False,1.0,0.5,0.0
A03225,retail_stable,3812128.9095097263,2d-7d,False,True,False,1.0,0.95,0.0
A03226,corporate_bonds,2358913.1804211214,8d-30d,True,False,False,0.2,0.0,0.5
A03227,corporate_bonds,2091465.508331894,>1y,True,False,False,0.2,0.0,0.5
A03228,loans,4788732.869561979,91d-1y,True,False,False,0.65,0.0,0.85
A03229,loans,3547206.195626976,2d-7d,True,False,False,0.65,0.0,0.85
A03230,retail_less_stable,8779090.140090942,overnight,False,True,False,1.0,0.9,0.0
A03231,retail_stable,1819313.6295918059,8d-30d,False,True,False,1.0,0.95,0.0
A03232,retail_less_stable,10859466.923884349,overnight,False,True,False,1.0,0.9,0.0
A03233,loans,7362654.791084467,8d-30d,True,False,False,0.65,0.0,0.85
A03234,corporate_bonds,6407547.830992358,8d-30d,True,False,False,0.2,0.0,0.5
A03235,loans,2428795.765356426,31d-90d,True,False,False,0.65,0.0,0.85
A03236,loans,1846963.09087837,8d-30d,True,False,False,0.65,0.0,0.85
A03237,wholesale_unsecured,2841602.1269959267,91d-1y,False,True,False,1.0,0.0,0.0
A03238,retail_stable,886768.701757624,8d-30d,False,True,False,1.0,0.95,0.0
A03239,retail_less_stable,4821975.3107448425,8d-30d,False,True,False,1.0,0.9,0.0
A03240,loans,8192812.446461555,91d-1y,True,False,False,0.65,0.0,0.85
A03241,retail_stable,7639351.576456616,2d-7d,False,True,False,1.0,0.95,0.0
A03242,retail_stable,7966554.53085573,overnight,False,True,False,1.0,0.95,0.0
A03243,loans,384628.4180157173,91d-1y,True,False,False,0.65,0.0,0.85
A03244,loans,1234151.7189722715,8d-30d,True,False,False,0.65,0.0,0.85
A03245,loans,919779.759458872,2d-7d,True,False,False,0.65,0.0,0.85
A03246,retail_stable,14922903.577013558,overnight,False,True,False,1.0,0.95,0.0
A03247,loans,1717424.8641393734,91d-1y,True,False,False,0.65,0.0,0.85
A03248,retail_less_stable,5342632.626309944,8d-30d,False,True,False,1.0,0.9,0.0
A03249,loans,4786337.539882266,31d-90d,True,False,False,0.65,0.0,0.85
A03250,retail_stable,10885939.857499048,8d-30d,False,True,False,1.0,0.95,0.0
A03251,corporate_non_operational,926715.6237731053,8d-30d,False,True,False,1.0,0.5,0.0
A03252,treasury_hqla,2202527.39918646,31d-90d,True,False,False,0.05,0.0,0.05
A03253,loans,30092074.793038405,>1y,True,False,False,0.65,0.0,0.85
A03254,retail_stable,1666418.2895913415,2d-7d,False,True,False,1.0,0.95,0.0
A03255,loans,1758300.952474855,8d-30d,True,False,False,0.65,0.0,0.85
A03256,retail_stable,3492012.8125855257,>1y,False,True,False,1.0,0.95,0.0
A03257,retail_less_stable,2887773.6144326,overnight,False,True,False,1.0,0.9,0.0
A03258,retail_less_stable,1921381.6885442405,31d-90d,False,True,False,1.0,0.9,0.0
A03259,corporate_operational,2697013.8620435903,2d-7d,False,True,False,1.0,0.5,0.0
A03260,retail_less_stable,11723013.621973466,31d-90d,False,True,False,1.0,0.9,0.0
A03261,retail_stable,4442209.260409301,2d-7d,False,True,False,1.0,0.95,0.0
A03262,corporate_bonds,1154996.9271635958,>1y,True,False,False,0.2,0.0,0.5
A03263,equities,5724447.279538842,>1y,True,False,False,0.45,0.0,0.85
A03264,committed_facilities,16494106.875008857,91d-1y,False,False,True,1.0,0.0,0.0
A03265,retail_stable,629546.5626996679,8d-30d,False,True,False,1.0,0.95,0.0
A03266,treasury_hqla,3110278.7399614323,>1y,True,False,False,0.05,0.0,0.05
A03267,retail_stable,1780382.6915708606,8d-30d,False,True,False,1.0,0.95,0.0
A03268,committed_facilities,18244999.72496875,8d-30d,False,False,True,1.0,0.0,0.0
A03269,loans,2074245.363871885,2d-7d,True,False,False,0.65,0.0,0.85
A03270,retail_stable,1186025.652070932,overnight,False,True,False,1.0,0.95,0.0
A03271,loans,5836210.90607628,>1y,True,False,False,0.65,0.0,0.85
A03272,retail_less_stable,3330253.4346692273,8d-30d,False,True,False,1.0,0.9,0.0
A03273,loans,5182665.154637828,overnight,True,False,False,0.65,0.0,0.85
A03274,loans,7047949.092943849,91d-1y,True,False,False,0.65,0.0,0.85
A03275,retail_less_stable,7680525.714353774,8d-30d,False,True,False,1.0,0.9,0.0
A03276,treasury_hqla,3733381.3992793895,2d-7d,True,False,False,0.05,0.0,0.05
A03277,corporate_operational,1023151.1767094092,31d-90d,False,True,False,1.0,0.5,0.0
A03278,retail_stable,421399.1313754243,31d-90d,False,True,False,1.0,0.95,0.0
A03279,loans,10423072.09263238,>1y,True,False,False,0.65,0.0,0.85
A03280,retail_stable,1707570.9439904555,8d-30d,False,True,False,1.0,0.95,0.0
A03281,retail_stable,3381164.02758315,91d-1y,False,True,False,1.0,0.95,0.0
A03282,loans,9558040.181192238,2d-7d,True,False,False,0.65,0.0,0.85
A03283,retail_less_stable,10706938.111602165,31d-90d,False,True,False,1.0,0.9,0.0
A03284,wholesale_unsecured,769121.7430671508,2d-7d,False,True,False,1.0,0.0,0.0
A03285,loans,3061001.13695452,overnight,True,False,False,0.65,0.0,0.85
A03286,loans,2597406.015249372,91d-1y,True,False,False,0.65,0.0,0.85
A03287,wholesale_unsecured,1788647.3592797313,overnight,False,True,False,1.0,0.0,0.0
A03288,corporate_non_operational,3166297.659424088,8d-30d,False,True,False,1.0,0.5,0.0
A03289,retail_stable,2077892.478229186,2d-7d,False,True,False,1.0,0.95,0.0
A03290,wholesale_unsecured,33031087.06628587,overnight,False,True,False,1.0,0.0,0.0
A03291,corporate_non_operational,11784011.075589566,2d-7d,False,True,False,1.0,0.5,0.0
A03292,treasury_hqla,970574.621571033,>1y,True,False,False,0.05,0.0,0.05
A03293,retail_stable,4112529.3246980454,31d-90d,False,True,False,1.0,0.95,0.0
A03294,corporate_bonds,2246262.8876449,8d-30d,True,False,False,0.2,0.0,0.5
A03295,wholesale_unsecured,387605.26035702584,8d-30d,False,True,False,1.0,0.0,0.0
A03296,wholesale_unsecured,4062252.944475093,overnight,False,True,False,1.0,0.0,0.0
A03297,treasury_hqla,6590237.611976393,31d-90d,True,False,False,0.05,0.0,0.05
A03298,retail_less_stable,1747534.1271339278,2d-7d,False,True,False,1.0,0.9,0.0
A03299,retail_less_stable,4401732.22213311,31d-90d,False,True,False,1.0,0.9,0.0
A03300,loans,5639569.768111058,8d-30d,True,False,False,0.65,0.0,0.85
A03301,corporate_bonds,25107603.946292978,31d-90d,True,False,False,0.2,0.0,0.5
A03302,retail_less_stable,3047189.800193046,>1y,False,True,False,1.0,0.9,0.0
A03303,corporate_non_operational,1351901.44098132,overnight,False,True,False,1.0,0.5,0.0
A03304,corporate_non_operational,941791.6767181524,overnight,False,True,False,1.0,0.5,0.0
A03305,wholesale_unsecured,2813251.8886526404,8d-30d,False,True,False,1.0,0.0,0.0
A03306,wholesale_unsecured,1604630.3956142522,2d-7d,False,True,False,1.0,0.0,0.0
A03307,retail_less_stable,935525.0234381445,8d-30d,False,True,False,1.0,0.9,0.0
A03308,corporate_non_operational,12004825.50118566,31d-90d,False,True,False,1.0,0.5,0.0
A03309,loans,1011054.0738894277,>1y,True,False,False,0.65,0.0,0.85
A03310,loans,14538908.189349309,91d-1y,True,False,False,0.65,0.0,0.85
A03311,loans,9308755.011781428,>1y,True,False,False,0.65,0.0,0.85
A03312,corporate_non_operational,1858641.3767449246,overnight,False,True,False,1.0,0.5,0.0
A03313,retail_less_stable,5740012.709331531,2d-7d,False,True,False,1.0,0.9,0.0
A03314,retail_stable,4890026.295358578,8d-30d,False,True,False,1.0,0.95,0.0
A03315,treasury_hqla,3408991.5716254106,91d-1y,True,False,False,0.05,0.0,0.05
A03316,loans,2165176.1575812176,91d-1y,True,False,False,0.65,0.0,0.85
A03317,retail_less_stable,14683045.248960994,2d-7d,False,True,False,1.0,0.9,0.0
A03318,equities,6623055.964618753,91d-1y,True,False,False,0.45,0.0,0.85
A03319,retail_less_stable,3605092.0186680276,2d-7d,False,True,False,1.0,0.9,0.0
A03320,loans,4576923.912565676,>1y,True,False,False,0.65,0.0,0.85
A03321,retail_stable,14217903.790508473,overnight,False,True,False,1.0,0.95,0.0
A03322,wholesale_unsecured,1169276.9867158784,91d-1y,False,True,False,1.0,0.0,0.0
A03323,wholesale_unsecured,5267879.24740088,overnight,False,True,False,1.0,0.0,0.0
A03324,retail_less_stable,1711459.6920335996,8d-30d,False,True,False,1.0,0.9,0.0
A03325,committed_facilities,2760177.9320841543,91d-1y,False,False,True,1.0,0.0,0.0
A03326,retail_less_stable,1670019.4956821417,overnight,False,True,False,1.0,0.9,0.0
A03327,retail_stable,979882.5133096806,2d-7d,False,True,False,1.0,0.95,0.0
A03328,retail_less_stable,1127380.2490580294,8d-30d,False,True,False,1.0,0.9,0.0
A03329,corporate_bonds,9650830.905906178,91d-1y,True,False,False,0.2,0.0,0.5
A03330,retail_stable,1343552.4405904857,overnight,False,True,False,1.0,0.95,0.0
A03331,retail_stable,2724928.5499920207,overnight,False,True,False,1.0,0.95,0.0
A03332,loans,5946735.154807998,>1y,True,False,False,0.65,0.0,0.85
A03333,retail_less_stable,6433822.220936193,>1y,False,True,False,1.0,0.9,0.0
A03334,retail_less_stable,853851.2583784903,overnight,False,True,False,1.0,0.9,0.0
A03335,loans,2134265.234493538,91d-1y,True,False,False,0.65,0.0,0.85
A03336,loans,1533153.2235578003,91d-1y,True,False,False,0.65,0.0,0.85
A03337,retail_stable,2081144.3999396428,8d-30d,False,True,False,1.0,0.95,0.0
A03338,loans,272568.18039655837,31d-90d,True,False,False,0.65,0.0,0.85
A03339,loans,924811.8051079563,31d-90d,True,False,False,0.65,0.0,0.85
A03340,corporate_operational,6474071.859432091,>1y,False,True,False,1.0,0.5,0.0
A03341,loans,2065117.1158872813,31d-90d,True,False,False,0.65,0.0,0.85
A03342,loans,3145060.1063299244,>1y,True,False,False,0.65,0.0,0.85
A03343,loans,5304194.040213757,91d-1y,True,False,False,0.65,0.0,0.85
A03344,loans,1266532.6916066706,>1y,True,False,False,0.65,0.0,0.85
A03345,corporate_non_operational,2542065.795800657,overnight,False,True,False,1.0,0.5,0.0
A03346,treasury_hqla,754794.9458842637,31d-90d,True,False,False,0.05,0.0,0.05
A03347,retail_stable,1456575.1982936752,91d-1y,False,True,False,1.0,0.95,0.0
A03348,retail_stable,868288.3477481371,overnight,False,True,False,1.0,0.95,0.0
A03349,retail_stable,3066565.435789365,overnight,False,True,False,1.0,0.95,0.0
A03350,retail_stable,11027135.578375082,91d-1y,False,True,False,1.0,0.95,0.0
A03351,corporate_non_operational,6067173.618829083,31d-90d,False,True,False,1.0,0.5,0.0
A03352,corporate_bonds,2743237.576422095,8d-30d,True,False,False,0.2,0.0,0.5
A03353,treasury_hqla,10148375.6249647,>1y,True,False,False,0.05,0.0,0.05
A03354,retail_stable,7500853.366264461,overnight,False,True,False,1.0,0.95,0.0
A03355,loans,765598.9431547958,2d-7d,True,False,False,0.65,0.0,0.85
A03356,loans,1378642.8915694333,31d-90d,True,False,False,0.65,0.0,0.85
A03357,retail_less_stable,13150875.747562861,8d-30d,False,True,False,1.0,0.9,0.0
A03358,retail_stable,2854743.766429891,overnight,False,True,False,1.0,0.95,0.0
A03359,wholesale_unsecured,5074197.296291946,overnight,False,True,False,1.0,0.0,0.0
A03360,corporate_operational,4728206.96405535,31d-90d,False,True,False,1.0,0.5,0.0
A03361,corporate_bonds,3587623.0386673342,31d-90d,True,False,False,0.2,0.0,0.5
A03362,retail_stable,851816.0148816374,8d-30d,False,True,False,1.0,0.95,0.0
A03363,loans,1778032.9244921724,>1y,True,False,False,0.65,0.0,0.85
A03364,loans,863781.7851279025,91d-1y,True,False,False,0.65,0.0,0.85
A03365,corporate_operational,264503.74477897724,31d-90d,False,True,False,1.0,0.5,0.0
A03366,corporate_operational,11232098.687569348,2d-7d,False,True,False,1.0,0.5,0.0
A03367,loans,1101436.2585099698,31d-90d,True,False,False,0.65,0.0,0.85
A03368,retail_stable,7643953.333766884,overnight,False,True,False,1.0,0.95,0.0
A03369,corporate_bonds,760824.7503541969,31d-90d,True,False,False,0.2,0.0,0.5
A03370,retail_less_stable,11535709.144601254,91d-1y,False,True,False,1.0,0.9,0.0
A03371,loans,1014095.0138606615,91d-1y,True,False,False,0.65,0.0,0.85
A03372,treasury_hqla,4204420.554741232,31d-90d,True,False,False,0.05,0.0,0.05
A03373,corporate_non_operational,2782294.9104613434,overnight,False,True,False,1.0,0.5,0.0
A03374,treasury_hqla,5112307.666706756,>1y,True,False,False,0.05,0.0,0.05
A03375,corporate_bonds,2715326.1407288415,31d-90d,True,False,False,0.2,0.0,0.5
A03376,retail_stable,7934618.311792679,2d-7d,False,True,False,1.0,0.95,0.0
A03377,retail_stable,4188144.272743554,2d-7d,False,True,False,1.0,0.95,0.0
A03378,wholesale_unsecured,1101576.0887452632,overnight,False,True,False,1.0,0.0,0.0
A03379,loans,1856865.1825040185,91d-1y,True,False,False,0.65,0.0,0.85
A03380,retail_less_stable,3457835.570755521,31d-90d,False,True,False,1.0,0.9,0.0
A03381,retail_stable,1489590.5189273758,31d-90d,False,True,False,1.0,0.95,0.0
A03382,corporate_non_operational,4901158.2307388205,2d-7d,False,True,False,1.0,0.5,0.0
A03383,corporate_non_operational,2941488.405681075,8d-30d,False,True,False,1.0,0.5,0.0
A03384,corporate_non_operational,3010182.470662559,91d-1y,False,True,False,1.0,0.5,0.0
A03385,treasury_hqla,11235294.101915363,>1y,True,False,False,0.05,0.0,0.05
A03386,loans,1420360.4254053838,>1y,True,False,False,0.65,0.0,0.85
A03387,corporate_non_operational,10556578.492475409,8d-30d,False,True,False,1.0,0.5,0.0
A03388,treasury_hqla,3256467.7282721633,91d-1y,True,False,False,0.05,0.0,0.05
A03389,equities,3530085.3653526916,31d-90d,True,False,False,0.45,0.0,0.85
A03390,treasury_hqla,650754.0069953474,>1y,True,False,False,0.05,0.0,0.05
A03391,retail_less_stable,4850433.868104791,2d-7d,False,True,False,1.0,0.9,0.0
A03392,retail_less_stable,5715061.932063675,8d-30d,False,True,False,1.0,0.9,0.0
A03393,treasury_hqla,1331311.1704267908,91d-1y,True,False,False,0.05,0.0,0.05
A03394,retail_stable,112955.35066838664,31d-90d,False,True,False,1.0,0.95,0.0
A03395,retail_stable,1347416.988403152,31d-90d,False,True,False,1.0,0.95,0.0
A03396,committed_facilities,2716702.4315652736,91d-1y,False,False,True,1.0,0.0,0.0
A03397,corporate_bonds,2372132.264021258,91d-1y,True,False,False,0.2,0.0,0.5
A03398,corporate_operational,1449024.9242711088,2d-7d,False,True,False,1.0,0.5,0.0
A03399,retail_stable,20413866.964619044,31d-90d,False,True,False,1.0,0.95,0.0
A03400,loans,3081210.7545659128,31d-90d,True,False,False,0.65,0.0,0.85
A03401,retail_less_stable,3728718.438733311,8d-30d,False,True,False,1.0,0.9,0.0
A03402,equities,2488956.6061822376,91d-1y,True,False,False,0.45,0.0,0.85
A03403,loans,582486.8582215612,>1y,True,False,False,0.65,0.0,0.85
A03404,retail_less_stable,1247491.835063505,8d-30d,False,True,False,1.0,0.9,0.0
A03405,retail_stable,6370719.175417254,8d-30d,False,True,False,1.0,0.95,0.0
A03406,retail_less_stable,1291458.3345307694,91d-1y,False,True,False,1.0,0.9,0.0
A03407,loans,6510551.460999417,8d-30d,True,False,False,0.65,0.0,0.85
A03408,retail_less_stable,701495.4567118865,8d-30d,False,True,False,1.0,0.9,0.0
A03409,corporate_operational,315848.7101075354,31d-90d,False,True,False,1.0,0.5,0.0
A03410,loans,4898757.350170144,overnight,True,False,False,0.65,0.0,0.85
A03411,corporate_non_operational,546906.6725641016,31d-90d,False,True,False,1.0,0.5,0.0
A03412,loans,648603.4813223307,overnight,True,False,False,0.65,0.0,0.85
A03413,retail_less_stable,1207002.8166504807,>1y,False,True,False,1.0,0.9,0.0
A03414,retail_stable,3386146.9518881543,overnight,False,True,False,1.0,0.95,0.0
A03415,loans,2051267.7648170954,91d-1y,True,False,False,0.65,0.0,0.85
A03416,retail_less_stable,1376451.9323725614,overnight,False,True,False,1.0,0.9,0.0
A03417,corporate_operational,1882816.0799185154,overnight,False,True,False,1.0,0.5,0.0
A03418,retail_stable,719987.5559823771,8d-30d,False,True,False,1.0,0.95,0.0
A03419,retail_stable,8095393.988017525,overnight,False,True,False,1.0,0.95,0.0
A03420,retail_less_stable,655071.0811485646,2d-7d,False,True,False,1.0,0.9,0.0
A03421,loans,1712042.0844191115,31d-90d,True,False,False,0.65,0.0,0.85
A03422,loans,3614594.443804298,31d-90d,True,False,False,0.65,0.0,0.85
A03423,retail_stable,666373.700941849,2d-7d,False,True,False,1.0,0.95,0.0
A03424,retail_stable,3845012.584702857,2d-7d,False,True,False,1.0,0.95,0.0
A03425,retail_stable,1974062.7130230428,8d-30d,False,True,False,1.0,0.95,0.0
A03426,corporate_bonds,2011470.1479436988,2d-7d,True,False,False,0.2,0.0,0.5
A03427,retail_stable,3805564.556022745,8d-30d,False,True,False,1.0,0.95,0.0
A03428,loans,436415.48938920547,2d-7d,True,False,False,0.65,0.0,0.85
A03429,retail_less_stable,5742873.957007401,8d-30d,False,True,False,1.0,0.9,0.0
A03430,retail_less_stable,9669387.693156062,8d-30d,False,True,False,1.0,0.9,0.0
A03431,retail_stable,1511568.8581336513,overnight,False,True,False,1.0,0.95,0.0
A03432,corporate_non_operational,4557010.622132829,91d-1y,False,True,False,1.0,0.5,0.0
A03433,retail_less_stable,2676634.4012020575,31d-90d,False,True,False,1.0,0.9,0.0
A03434,loans,1867853.0467202559,8d-30d,True,False,False,0.65,0.0,0.85
A03435,loans,840444.8534254502,91d-1y,True,False,False,0.65,0.0,0.85
A03436,loans,1398585.9674949772,91d-1y,True,False,False,0.65,0.0,0.85
A03437,equities,3079117.285448001,overnight,True,False,False,0.45,0.0,0.85
A03438,retail_less_stable,13993771.064056385,overnight,False,True,False,1.0,0.9,0.0
A03439,corporate_bonds,2387700.8513145284,91d-1y,True,False,False,0.2,0.0,0.5
A03440,committed_facilities,8156434.809889229,>1y,False,False,True,1.0,0.0,0.0
A03441,treasury_hqla,2147953.372036093,overnight,True,False,False,0.05,0.0,0.05
A03442,loans,8220706.407263417,91d-1y,True,False,False,0.65,0.0,0.85
A03443,retail_stable,2290046.8458221746,2d-7d,False,True,False,1.0,0.95,0.0
A03444,corporate_operational,39164273.87053557,overnight,False,True,False,1.0,0.5,0.0
A03445,retail_stable,645731.218508153,2d-7d,False,True,False,1.0,0.95,0.0
A03446,retail_stable,2422031.084571321,31d-90d,False,True,False,1.0,0.95,0.0
A03447,retail_stable,6493126.277335335,8d-30d,False,True,False,1.0,0.95,0.0
A03448,corporate_operational,2220253.708147336,31d-90d,False,True,False,1.0,0.5,0.0
A03449,corporate_non_operational,2602446.2165988497,2d-7d,False,True,False,1.0,0.5,0.0
A03450,loans,2005763.3094848925,>1y,True,False,False,0.65,0.0,0.85
A03451,corporate_operational,1444218.5499777254,overnight,False,True,False,1.0,0.5,0.0
A03452,corporate_non_operational,1983898.9581638132,91d-1y,False,True,False,1.0,0.5,0.0
A03453,loans,1857685.9970953176,91d-1y,True,False,False,0.65,0.0,0.85
A03454,treasury_hqla,988161.1183338703,91d-1y,True,False,False,0.05,0.0,0.05
A03455,loans,3753958.2303442396,8d-30d,True,False,False,0.65,0.0,0.85
A03456,corporate_non_operational,2643411.1833722726,2d-7d,False,True,False,1.0,0.5,0.0
A03457,corporate_non_operational,3746289.935836368,overnight,False,True,False,1.0,0.5,0.0
A03458,corporate_non_operational,11879266.403849535,31d-90d,False,True,False,1.0,0.5,0.0
A03459,retail_stable,1211531.9778578458,8d-30d,False,True,False,1.0,0.95,0.0
A03460,loans,6805054.13592096,>1y,True,False,False,0.65,0.0,0.85
A03461,retail_less_stable,561551.6633004795,31d-90d,False,True,False,1.0,0.9,0.0
A03462,retail_less_stable,14813729.59208917,8d-30d,False,True,False,1.0,0.9,0.0
A03463,retail_stable,5043229.381640969,overnight,False,True,False,1.0,0.95,0.0
A03464,corporate_operational,3341082.505785756,2d-7d,False,True,False,1.0,0.5,0.0
A03465,retail_less_stable,1919256.4031237233,91d-1y,False,True,False,1.0,0.9,0.0
A03466,retail_stable,2315095.0496553127,2d-7d,False,True,False,1.0,0.95,0.0
A03467,retail_stable,2798550.501150688,overnight,False,True,False,1.0,0.95,0.0
A03468,loans,2038178.0806505005,>1y,True,False,False,0.65,0.0,0.85
A03469,wholesale_unsecured,1344139.2686686243,overnight,False,True,False,1.0,0.0,0.0
A03470,retail_stable,1129561.6366088493,overnight,False,True,False,1.0,0.95,0.0
A03471,wholesale_unsecured,1917441.2071742348,91d-1y,False,True,False,1.0,0.0,0.0
A03472,retail_stable,797290.3624902419,31d-90d,False,True,False,1.0,0.95,0.0
A03473,retail_stable,5921095.729928791,2d-7d,False,True,False,1.0,0.95,0.0
A03474,retail_stable,3411811.293696091,overnight,False,True,False,1.0,0.95,0.0
A03475,treasury_hqla,7725972.778074782,91d-1y,True,False,False,0.05,0.0,0.05
A03476,retail_stable,2618763.2327614054,overnight,False,True,False,1.0,0.95,0.0
A03477,retail_stable,6135832.072407072,2d-7d,False,True,False,1.0,0.95,0.0
A03478,retail_less_stable,2184439.9320304333,31d-90d,False,True,False,1.0,0.9,0.0
A03479,wholesale_unsecured,920963.3909476128,overnight,False,True,False,1.0,0.0,0.0
A03480,treasury_hqla,4986143.589048762,>1y,True,False,False,0.05,0.0,0.05
A03481,treasury_hqla,12103550.848738989,>1y,True,False,False,0.05,0.0,0.05
A03482,retail_less_stable,4787646.1325296555,8d-30d,False,True,False,1.0,0.9,0.0
A03483,retail_stable,1635007.7242891237,overnight,False,True,False,1.0,0.95,0.0
A03484,loans,11639067.09348965,>1y,True,False,False,0.65,0.0,0.85
A03485,equities,2459268.831176499,>1y,True,False,False,0.45,0.0,0.85
A03486,committed_facilities,3871564.4581860974,overnight,False,False,True,1.0,0.0,0.0
A03487,retail_less_stable,4807280.509178301,31d-90d,False,True,False,1.0,0.9,0.0
A03488,corporate_operational,1024034.7154263244,overnight,False,True,False,1.0,0.5,0.0
A03489,retail_less_stable,3043182.361877712,31d-90d,False,True,False,1.0,0.9,0.0
A03490,corporate_operational,41881069.914747685,91d-1y,False,True,False,1.0,0.5,0.0
A03491,corporate_non_operational,8872870.77011227,2d-7d,False,True,False,1.0,0.5,0.0
A03492,wholesale_unsecured,11145835.20685498,overnight,False,True,False,1.0,0.0,0.0
A03493,retail_less_stable,3649075.3945896593,91d-1y,False,True,False,1.0,0.9,0.0
A03494,corporate_bonds,2410561.623169347,91d-1y,True,False,False,0.2,0.0,0.5
A03495,loans,1438117.736637996,8d-30d,True,False,False,0.65,0.0,0.85
A03496,corporate_non_operational,5557937.948080819,overnight,False,True,False,1.0,0.5,0.0
A03497,corporate_operational,2311285.4125239165,91d-1y,False,True,False,1.0,0.5,0.0
A03498,retail_less_stable,4647940.44646996,2d-7d,False,True,False,1.0,0.9,0.0
A03499,loans,2243685.7097528693,>1y,True,False,False,0.65,0.0,0.85
A03500,corporate_operational,844052.6113263314,overnight,False,True,False,1.0,0.5,0.0
A03501,retail_less_stable,5334904.733989295,91d-1y,False,True,False,1.0,0.9,0.0
A03502,committed_facilities,1164840.674653574,31d-90d,False,False,True,1.0,0.0,0.0
A03503,retail_stable,3904138.270318262,overnight,False,True,False,1.0,0.95,0.0
A03504,committed_facilities,3238927.552910847,>1y,False,False,True,1.0,0.0,0.0
A03505,corporate_non_operational,1899396.9172056532,2d-7d,False,True,False,1.0,0.5,0.0
A03506,corporate_non_operational,4989025.588140281,31d-90d,False,True,False,1.0,0.5,0.0
A03507,retail_stable,1731611.9098313116,overnight,False,True,False,1.0,0.95,0.0
A03508,corporate_operational,2607056.0064287735,overnight,False,True,False,1.0,0.5,0.0
A03509,corporate_operational,1856132.0327023624,2d-7d,False,True,False,1.0,0.5,0.0
A03510,corporate_bonds,1605454.400662223,overnight,True,False,False,0.2,0.0,0.5
A03511,corporate_non_operational,1549660.0237236542,31d-90d,False,True,False,1.0,0.5,0.0
A03512,equities,3875731.3234761753,91d-1y,True,False,False,0.45,0.0,0.85
A03513,corporate_bonds,3483976.756451359,91d-1y,True,False,False,0.2,0.0,0.5
A03514,retail_less_stable,1635485.610912588,>1y,False,True,False,1.0,0.9,0.0
A03515,treasury_hqla,2389029.101376507,>1y,True,False,False,0.05,0.0,0.05
A03516,equities,6932757.417107478,overnight,True,False,False,0.45,0.0,0.85
A03517,loans,3930263.1380724763,91d-1y,True,False,False,0.65,0.0,0.85
A03518,retail_stable,1350882.553853144,31d-90d,False,True,False,1.0,0.95,0.0
A03519,loans,872020.2182024161,>1y,True,False,False,0.65,0.0,0.85
A03520,loans,4000088.6425475096,8d-30d,True,False,False,0.65,0.0,0.85
A03521,loans,4913635.7968519945,8d-30d,True,False,False,0.65,0.0,0.85
A03522,loans,965643.9906860709,>1y,True,False,False,0.65,0.0,0.85
A03523,retail_stable,6144532.415792692,overnight,False,True,False,1.0,0.95,0.0
A03524,committed_facilities,12803368.525911495,8d-30d,False,False,True,1.0,0.0,0.0
A03525,retail_stable,940001.4532777307,2d-7d,False,True,False,1.0,0.95,0.0
A03526,retail_stable,469900.0326068256,overnight,False,True,False,1.0,0.95,0.0
A03527,retail_less_stable,873536.6987087876,8d-30d,False,True,False,1.0,0.9,0.0
A03528,corporate_non_operational,1791361.0155474537,overnight,False,True,False,1.0,0.5,0.0
A03529,corporate_non_operational,6455348.2787492545,overnight,False,True,False,1.0,0.5,0.0
A03530,retail_stable,6931770.083034696,31d-90d,False,True,False,1.0,0.95,0.0
A03531,loans,8164372.732671989,2d-7d,True,False,False,0.65,0.0,0.85
A03532,retail_less_stable,1835941.7118887373,91d-1y,False,True,False,1.0,0.9,0.0
A03533,loans,6287479.344214341,2d-7d,True,False,False,0.65,0.0,0.85
A03534,corporate_bonds,2202879.2251706044,91d-1y,True,False,False,0.2,0.0,0.5
A03535,treasury_hqla,8693416.605839819,31d-90d,True,False,False,0.05,0.0,0.05
A03536,loans,2991655.2004798385,8d-30d,True,False,False,0.65,0.0,0.85
A03537,retail_stable,1441834.602114464,overnight,False,True,False,1.0,0.95,0.0
A03538,corporate_operational,1109637.7193420532,overnight,False,True,False,1.0,0.5,0.0
A03539,treasury_hqla,28140484.20089657,31d-90d,True,False,False,0.05,0.0,0.05
A03540,treasury_hqla,3729984.228579904,8d-30d,True,False,False,0.05,0.0,0.05
A03541,treasury_hqla,1523693.489953475,2d-7d,True,False,False,0.05,0.0,0.05
A03542,retail_stable,10200300.346272478,>1y,False,True,False,1.0,0.95,0.0
A03543,retail_less_stable,13775225.604293063,2d-7d,False,True,False,1.0,0.9,0.0
A03544,loans,10617251.16527576,>1y,True,False,False,0.65,0.0,0.85
A03545,loans,4341064.795630771,91d-1y,True,False,False,0.65,0.0,0.85
A03546,corporate_non_operational,1019660.6166628299,8d-30d,False,True,False,1.0,0.5,0.0
A03547,retail_stable,708457.2033724347,8d-30d,False,True,False,1.0,0.95,0.0
A03548,loans,1935522.085658614,>1y,True,False,False,0.65,0.0,0.85
A03549,loans,3912404.9349405426,91d-1y,True,False,False,0.65,0.0,0.85
A03550,retail_stable,789077.903312905,overnight,False,True,False,1.0,0.95,0.0
A03551,retail_stable,1375633.3745693692,overnight,False,True,False,1.0,0.95,0.0
A03552,loans,6265773.010674407,91d-1y,True,False,False,0.65,0.0,0.85
A03553,loans,3836586.828807126,91d-1y,True,False,False,0.65,0.0,0.85
A03554,loans,2738426.6574100866,2d-7d,True,False,False,0.65,0.0,0.85
A03555,loans,4644629.737522775,8d-30d,True,False,False,0.65,0.0,0.85
A03556,loans,2801346.7898979886,8d-30d,True,False,False,0.65,0.0,0.85
A03557,loans,2618768.061616715,91d-1y,True,False,False,0.65,0.0,0.85
A03558,treasury_hqla,5887984.491584759,>1y,True,False,False,0.05,0.0,0.05
A03559,treasury_hqla,12333804.301014485,91d-1y,True,False,False,0.05,0.0,0.05
A03560,corporate_bonds,3426896.265671796,>1y,True,False,False,0.2,0.0,0.5
A03561,retail_less_stable,2951475.569822227,91d-1y,False,True,False,1.0,0.9,0.0
A03562,retail_stable,10303700.789786756,2d-7d,False,True,False,1.0,0.95,0.0
A03563,corporate_non_operational,806476.5481783308,overnight,False,True,False,1.0,0.5,0.0
A03564,retail_stable,2488444.720616905,31d-90d,False,True,False,1.0,0.95,0.0
A03565,retail_stable,7986368.218332482,overnight,False,True,False,1.0,0.95,0.0
A03566,loans,15932739.277216692,31d-90d,True,False,False,0.65,0.0,0.85
A03567,corporate_non_operational,71209606.67114897,>1y,False,True,False,1.0,0.5,0.0
A03568,equities,2872788.3422317593,>1y,True,False,False,0.45,0.0,0.85
A03569,corporate_bonds,523245.7354853696,8d-30d,True,False,False,0.2,0.0,0.5
A03570,loans,2229298.9503305107,overnight,True,False,False,0.65,0.0,0.85
A03571,treasury_hqla,758420.349931977,2d-7d,True,False,False,0.05,0.0,0.05
A03572,retail_stable,4571325.635344515,>1y,False,True,False,1.0,0.95,0.0
A03573,treasury_hqla,705899.0564615789,8d-30d,True,False,False,0.05,0.0,0.05
A03574,loans,8915176.033079466,>1y,True,False,False,0.65,0.0,0.85
A03575,equities,1251689.011668807,8d-30d,True,False,False,0.45,0.0,0.85
A03576,retail_less_stable,5215560.202232708,8d-30d,False,True,False,1.0,0.9,0.0
A03577,retail_less_stable,7339276.103010468,91d-1y,False,True,False,1.0,0.9,0.0
A03578,corporate_non_operational,2397901.7126961853,overnight,False,True,False,1.0,0.5,0.0
A03579,wholesale_unsecured,4243826.374826625,overnight,False,True,False,1.0,0.0,0.0
A03580,committed_facilities,20338424.135701623,8d-30d,False,False,True,1.0,0.0,0.0
A03581,treasury_hqla,2680954.737845651,>1y,True,False,False,0.05,0.0,0.05
A03582,retail_less_stable,955431.4977875538,overnight,False,True,False,1.0,0.9,0.0
A03583,treasury_hqla,2859066.853594866,2d-7d,True,False,False,0.05,0.0,0.05
A03584,equities,6254680.536953429,8d-30d,True,False,False,0.45,0.0,0.85
A03585,committed_facilities,2867506.7221376626,overnight,False,False,True,1.0,0.0,0.0
A03586,wholesale_unsecured,1820434.9801061281,>1y,False,True,False,1.0,0.0,0.0
A03587,committed_facilities,1187917.0347962473,31d-90d,False,False,True,1.0,0.0,0.0
A03588,committed_facilities,555631.4944632443,2d-7d,False,False,True,1.0,0.0,0.0
A03589,corporate_non_operational,9030384.385343697,31d-90d,False,True,False,1.0,0.5,0.0
A03590,corporate_non_operational,4176533.7069796287,31d-90d,False,True,False,1.0,0.5,0.0
A03591,corporate_operational,14969238.530006796,8d-30d,False,True,False,1.0,0.5,0.0
A03592,corporate_non_operational,2651287.5250998046,31d-90d,False,True,False,1.0,0.5,0.0
A03593,retail_less_stable,20237220.932748456,8d-30d,False,True,False,1.0,0.9,0.0
A03594,treasury_hqla,1175786.9790318175,91d-1y,True,False,False,0.05,0.0,0.05
A03595,retail_stable,1646009.6142766743,overnight,False,True,False,1.0,0.95,0.0
A03596,treasury_hqla,3543480.7421825435,31d-90d,True,False,False,0.05,0.0,0.05
A03597,corporate_operational,2605805.1963514853,8d-30d,False,True,False,1.0,0.5,0.0
A03598,treasury_hqla,3109333.5920311436,>1y,True,False,False,0.05,0.0,0.05
A03599,corporate_non_operational,1290626.6472555394,overnight,False,True,False,1.0,0.5,0.0
A03600,retail_less_stable,2402618.2406245386,8d-30d,False,True,False,1.0,0.9,0.0
A03601,loans,7085514.450759985,>1y,True,False,False,0.65,0.0,0.85
A03602,retail_stable,26625451.26436161,91d-1y,False,True,False,1.0,0.95,0.0
A03603,treasury_hqla,1520960.6747205823,91d-1y,True,False,False,0.05,0.0,0.05
A03604,loans,669469.4916958511,8d-30d,True,False,False,0.65,0.0,0.85
A03605,retail_stable,4433216.463535234,2d-7d,False,True,False,1.0,0.95,0.0
A03606,loans,3077637.925180592,91d-1y,True,False,False,0.65,0.0,0.85
A03607,treasury_hqla,5893425.009369418,91d-1y,True,False,False,0.05,0.0,0.05
A03608,loans,4112754.284225423,>1y,True,False,False,0.65,0.0,0.85
A03609,corporate_bonds,2966947.1677290844,31d-90d,True,False,False,0.2,0.0,0.5
A03610,retail_less_stable,7515521.355712585,overnight,False,True,False,1.0,0.9,0.0
A03611,retail_less_stable,4175103.7184039233,overnight,False,True,False,1.0,0.9,0.0
A03612,corporate_bonds,12413786.930218637,91d-1y,True,False,False,0.2,0.0,0.5
A03613,loans,1452373.7738864867,8d-30d,True,False,False,0.65,0.0,0.85
A03614,treasury_hqla,959173.5868647009,91d-1y,True,False,False,0.05,0.0,0.05
A03615,wholesale_unsecured,3602957.9524114216,overnight,False,True,False,1.0,0.0,0.0
A03616,loans,3669591.2303311015,91d-1y,True,False,False,0.65,0.0,0.85
A03617,retail_less_stable,1766391.6128267325,overnight,False,True,False,1.0,0.9,0.0
A03618,retail_stable,3093644.620059699,2d-7d,False,True,False,1.0,0.95,0.0
A03619,retail_stable,2568697.0058836653,overnight,False,True,False,1.0,0.95,0.0
A03620,retail_stable,5660936.895082699,8d-30d,False,True,False,1.0,0.95,0.0
A03621,wholesale_unsecured,332856.225014468,91d-1y,False,True,False,1.0,0.0,0.0
A03622,corporate_bonds,4427780.263298608,2d-7d,True,False,False,0.2,0.0,0.5
A03623,loans,3698030.4783953624,>1y,True,False,False,0.65,0.0,0.85
A03624,retail_stable,272750.2618821663,2d-7d,False,True,False,1.0,0.95,0.0
A03625,retail_stable,4723490.355202175,91d-1y,False,True,False,1.0,0.95,0.0
A03626,retail_stable,10741666.82246674,8d-30d,False,True,False,1.0,0.95,0.0
A03627,retail_stable,2421719.0441909395,2d-7d,False,True,False,1.0,0.95,0.0
A03628,equities,697221.3688858541,91d-1y,True,False,False,0.45,0.0,0.85
A03629,treasury_hqla,1348263.0585357742,8d-30d,True,False,False,0.05,0.0,0.05
A03630,retail_stable,7896262.512103953,overnight,False,True,False,1.0,0.95,0.0
A03631,loans,504226.02280494396,91d-1y,True,False,False,0.65,0.0,0.85
A03632,corporate_operational,11762984.764406448,overnight,False,True,False,1.0,0.5,0.0
A03633,corporate_non_operational,4726632.485206764,91d-1y,False,True,False,1.0,0.5,0.0
A03634,equities,4319698.8466117,31d-90d,True,False,False,0.45,0.0,0.85
A03635,loans,8672083.930624284,91d-1y,True,False,False,0.65,0.0,0.85
A03636,retail_stable,40533900.67100237,overnight,False,True,False,1.0,0.95,0.0
A03637,loans,536664.7837467357,8d-30d,True,False,False,0.65,0.0,0.85
A03638,treasury_hqla,1027352.2225855533,>1y,True,False,False,0.05,0.0,0.05
A03639,treasury_hqla,2737354.0303128674,>1y,True,False,False,0.05,0.0,0.05
A03640,corporate_operational,13520729.029063959,overnight,False,True,False,1.0,0.5,0.0
A03641,treasury_hqla,5115517.025048445,>1y,True,False,False,0.05,0.0,0.05
A03642,loans,1848100.057496994,>1y,True,False,False,0.65,0.0,0.85
A03643,corporate_non_operational,4794402.721056813,8d-30d,False,True,False,1.0,0.5,0.0
A03644,corporate_operational,2675641.534993393,91d-1y,False,True,False,1.0,0.5,0.0
A03645,treasury_hqla,1536865.0339003734,8d-30d,True,False,False,0.05,0.0,0.05
A03646,corporate_non_operational,16219096.681722272,8d-30d,False,True,False,1.0,0.5,0.0
A03647,corporate_non_operational,13534150.755699368,2d-7d,False,True,False,1.0,0.5,0.0
A03648,loans,4694198.105622573,31d-90d,True,False,False,0.65,0.0,0.85
A03649,loans,2345709.826447032,91d-1y,True,False,False,0.65,0.0,0.85
A03650,corporate_operational,6184043.537828679,>1y,False,True,False,1.0,0.5,0.0
A03651,equities,4720066.25683237,>1y,True,False,False,0.45,0.0,0.85
A03652,loans,17635779.96190321,91d-1y,True,False,False,0.65,0.0,0.85
A03653,corporate_non_operational,1693481.503447435,overnight,False,True,False,1.0,0.5,0.0
A03654,equities,5396590.681974464,>1y,True,False,False,0.45,0.0,0.85
A03655,equities,3976939.8300279374,31d-90d,True,False,False,0.45,0.0,0.85
A03656,treasury_hqla,3489173.903970832,31d-90d,True,False,False,0.05,0.0,0.05
A03657,committed_facilities,6186387.993093295,91d-1y,False,False,True,1.0,0.0,0.0
A03658,retail_stable,2234240.801265115,31d-90d,False,True,False,1.0,0.95,0.0
A03659,retail_stable,8030016.05512104,31d-90d,False,True,False,1.0,0.95,0.0
A03660,retail_less_stable,2742552.0017453423,8d-30d,False,True,False,1.0,0.9,0.0
A03661,retail_stable,2251194.9652304007,>1y,False,True,False,1.0,0.95,0.0
A03662,retail_stable,5989812.881373102,overnight,False,True,False,1.0,0.95,0.0
A03663,retail_less_stable,1788228.1564481705,overnight,False,True,False,1.0,0.9,0.0
A03664,retail_less_stable,3040366.8356979243,2d-7d,False,True,False,1.0,0.9,0.0
A03665,retail_less_stable,5796296.884735114,overnight,False,True,False,1.0,0.9,0.0
A03666,corporate_non_operational,1851042.7779087806,overnight,False,True,False,1.0,0.5,0.0
A03667,retail_stable,7241901.732451293,31d-90d,False,True,False,1.0,0.95,0.0
A03668,retail_less_stable,2443532.4366006725,overnight,False,True,False,1.0,0.9,0.0
A03669,retail_less_stable,1878638.9508429354,31d-90d,False,True,False,1.0,0.9,0.0
A03670,loans,3077276.200778235,31d-90d,True,False,False,0.65,0.0,0.85
A03671,loans,3974083.477003768,8d-30d,True,False,False,0.65,0.0,0.85
A03672,treasury_hqla,1203648.658696081,8d-30d,True,False,False,0.05,0.0,0.05
A03673,wholesale_unsecured,1698169.4846027985,8d-30d,False,True,False,1.0,0.0,0.0
A03674,retail_less_stable,3079471.277077599,31d-90d,False,True,False,1.0,0.9,0.0
A03675,committed_facilities,14846687.061501648,31d-90d,False,False,True,1.0,0.0,0.0
A03676,retail_less_stable,3057198.148310761,overnight,False,True,False,1.0,0.9,0.0
A03677,retail_stable,6320981.5485985475,91d-1y,False,True,False,1.0,0.95,0.0
A03678,retail_stable,464677.26504694874,overnight,False,True,False,1.0,0.95,0.0
A03679,corporate_non_operational,1192510.7033382377,8d-30d,False,True,False,1.0,0.5,0.0
A03680,wholesale_unsecured,4675077.461030917,8d-30d,False,True,False,1.0,0.0,0.0
A03681,loans,1560269.6600912637,>1y,True,False,False,0.65,0.0,0.85
A03682,corporate_bonds,2968534.0166797573,91d-1y,True,False,False,0.2,0.0,0.5
A03683,loans,14255186.339073308,91d-1y,True,False,False,0.65,0.0,0.85
A03684,retail_stable,3638123.4525975264,2d-7d,False,True,False,1.0,0.95,0.0
A03685,corporate_operational,781635.8502067709,overnight,False,True,False,1.0,0.5,0.0
A03686,treasury_hqla,964210.4657022668,>1y,True,False,False,0.05,0.0,0.05
A03687,retail_stable,4141183.5862620804,2d-7d,False,True,False,1.0,0.95,0.0
A03688,wholesale_unsecured,3448997.9131740956,8d-30d,False,True,False,1.0,0.0,0.0
A03689,wholesale_unsecured,3080932.7004731297,91d-1y,False,True,False,1.0,0.0,0.0
A03690,retail_stable,2079413.2151073683,overnight,False,True,False,1.0,0.95,0.0
A03691,treasury_hqla,3880728.514908722,31d-90d,True,False,False,0.05,0.0,0.05
A03692,loans,1157831.624781424,91d-1y,True,False,False,0.65,0.0,0.85
A03693,retail_less_stable,1852763.8979211394,91d-1y,False,True,False,1.0,0.9,0.0
A03694,corporate_operational,6699045.503063416,overnight,False,True,False,1.0,0.5,0.0
A03695,wholesale_unsecured,1055207.7711264445,8d-30d,False,True,False,1.0,0.0,0.0
A03696,retail_less_stable,445275.36224399775,overnight,False,True,False,1.0,0.9,0.0
A03697,retail_stable,5254917.247039683,31d-90d,False,True,False,1.0,0.95,0.0
A03698,loans,2346885.0374533,91d-1y,True,False,False,0.65,0.0,0.85
A03699,corporate_non_operational,726482.6624716284,8d-30d,False,True,False,1.0,0.5,0.0
A03700,committed_facilities,3211821.4836217924,overnight,False,False,True,1.0,0.0,0.0
A03701,loans,2557481.0224397313,8d-30d,True,False,False,0.65,0.0,0.85
A03702,retail_less_stable,800725.7070749709,8d-30d,False,True,False,1.0,0.9,0.0
A03703,corporate_bonds,5026972.787500088,31d-90d,True,False,False,0.2,0.0,0.5
A03704,wholesale_unsecured,11767675.44567286,8d-30d,False,True,False,1.0,0.0,0.0
A03705,treasury_hqla,4355462.00760243,2d-7d,True,False,False,0.05,0.0,0.05
A03706,corporate_non_operational,793182.7567861864,2d-7d,False,True,False,1.0,0.5,0.0
A03707,retail_stable,1556362.871377411,2d-7d,False,True,False,1.0,0.95,0.0
A03708,retail_less_stable,3503598.890650615,overnight,False,True,False,1.0,0.9,0.0
A03709,retail_stable,914660.1999489104,overnight,False,True,False,1.0,0.95,0.0
A03710,corporate_operational,4803634.909370429,overnight,False,True,False,1.0,0.5,0.0
A03711,loans,2974560.4821560085,91d-1y,True,False,False,0.65,0.0,0.85
A03712,equities,1409475.4831453068,>1y,True,False,False,0.45,0.0,0.85
A03713,wholesale_unsecured,1940005.9976688437,31d-90d,False,True,False,1.0,0.0,0.0
A03714,loans,264688.7275375988,8d-30d,True,False,False,0.65,0.0,0.85
A03715,loans,8005689.11162884,>1y,True,False,False,0.65,0.0,0.85
A03716,loans,14297205.664224658,overnight,True,False,False,0.65,0.0,0.85
A03717,wholesale_unsecured,9249602.871322615,8d-30d,False,True,False,1.0,0.0,0.0
A03718,corporate_operational,2150083.66333524,overnight,False,True,False,1.0,0.5,0.0
A03719,corporate_bonds,3850494.088942376,2d-7d,True,False,False,0.2,0.0,0.5
A03720,loans,1809782.585386059,91d-1y,True,False,False,0.65,0.0,0.85
A03721,loans,2943798.980261919,31d-90d,True,False,False,0.65,0.0,0.85
A03722,retail_stable,2948186.034465505,91d-1y,False,True,False,1.0,0.95,0.0
A03723,retail_stable,1535710.0161514499,31d-90d,False,True,False,1.0,0.95,0.0
A03724,corporate_bonds,9832707.592572056,91d-1y,True,False,False,0.2,0.0,0.5
A03725,retail_stable,8486496.604524987,>1y,False,True,False,1.0,0.95,0.0
A03726,corporate_non_operational,1376454.1674525607,2d-7d,False,True,False,1.0,0.5,0.0
A03727,treasury_hqla,1113644.1975347095,31d-90d,True,False,False,0.05,0.0,0.05
A03728,retail_less_stable,661643.6610065472,overnight,False,True,False,1.0,0.9,0.0
A03729,corporate_operational,4109467.8756068763,31d-90d,False,True,False,1.0,0.5,0.0
A03730,loans,1365928.0111603453,91d-1y,True,False,False,0.65,0.0,0.85
A03731,wholesale_unsecured,1126679.0172274665,2d-7d,False,True,False,1.0,0.0,0.0
A03732,committed_facilities,5797283.342774208,>1y,False,False,True,1.0,0.0,0.0
A03733,retail_less_stable,6683804.873478478,>1y,False,True,False,1.0,0.9,0.0
A03734,wholesale_unsecured,5336929.73076758,91d-1y,False,True,False,1.0,0.0,0.0
A03735,corporate_operational,6609300.869126898,31d-90d,False,True,False,1.0,0.5,0.0
A03736,corporate_operational,6838118.529323721,>1y,False,True,False,1.0,0.5,0.0
A03737,retail_stable,1903983.1901051304,8d-30d,False,True,False,1.0,0.95,0.0
A03738,corporate_non_operational,15918758.359174367,>1y,False,True,False,1.0,0.5,0.0
A03739,loans,863518.7363518479,>1y,True,False,False,0.65,0.0,0.85
A03740,corporate_bonds,1075920.640038426,>1y,True,False,False,0.2,0.0,0.5
A03741,corporate_operational,12589639.493283035,8d-30d,False,True,False,1.0,0.5,0.0
A03742,corporate_bonds,3920048.0955593237,8d-30d,True,False,False,0.2,0.0,0.5
A03743,equities,751566.9693428678,31d-90d,True,False,False,0.45,0.0,0.85
A03744,loans,1573142.6982247129,91d-1y,True,False,False,0.65,0.0,0.85
A03745,treasury_hqla,2908682.6201742906,>1y,True,False,False,0.05,0.0,0.05
A03746,loans,1440635.2275975752,overnight,True,False,False,0.65,0.0,0.85
A03747,retail_less_stable,3985340.8577918634,8d-30d,False,True,False,1.0,0.9,0.0
A03748,retail_less_stable,9034407.13940352,8d-30d,False,True,False,1.0,0.9,0.0
A03749,retail_stable,2572863.403588158,overnight,False,True,False,1.0,0.95,0.0
A03750,retail_stable,5158652.2255721055,8d-30d,False,True,False,1.0,0.95,0.0
A03751,corporate_bonds,17017915.527229715,31d-90d,True,False,False,0.2,0.0,0.5
A03752,treasury_hqla,1272592.7850945983,91d-1y,True,False,False,0.05,0.0,0.05
A03753,retail_less_stable,434791.7052114255,overnight,False,True,False,1.0,0.9,0.0
A03754,loans,166265.9199884787,>1y,True,False,False,0.65,0.0,0.85
A03755,loans,17282228.757525314,31d-90d,True,False,False,0.65,0.0,0.85
A03756,wholesale_unsecured,3545559.105934565,8d-30d,False,True,False,1.0,0.0,0.0
A03757,committed_facilities,2554752.898854589,8d-30d,False,False,True,1.0,0.0,0.0
A03758,loans,7950089.877780825,8d-30d,True,False,False,0.65,0.0,0.85
A03759,treasury_hqla,8040349.500615439,91d-1y,True,False,False,0.05,0.0,0.05
A03760,retail_stable,1842842.389088476,overnight,False,True,False,1.0,0.95,0.0
A03761,retail_stable,2725564.613894276,>1y,False,True,False,1.0,0.95,0.0
A03762,committed_facilities,635948.3257480776,91d-1y,False,False,True,1.0,0.0,0.0
A03763,equities,1129760.4924670279,91d-1y,True,False,False,0.45,0.0,0.85
A03764,retail_stable,2536436.3016039673,8d-30d,False,True,False,1.0,0.95,0.0
A03765,retail_less_stable,5926258.756774134,2d-7d,False,True,False,1.0,0.9,0.0
A03766,retail_less_stable,1127637.7930589032,2d-7d,False,True,False,1.0,0.9,0.0
A03767,committed_facilities,2099445.8918069056,91d-1y,False,False,True,1.0,0.0,0.0
A03768,treasury_hqla,5813520.514997533,>1y,True,False,False,0.05,0.0,0.05
A03769,corporate_non_operational,2294126.589529797,overnight,False,True,False,1.0,0.5,0.0
A03770,retail_less_stable,4049595.0275277444,8d-30d,False,True,False,1.0,0.9,0.0
A03771,treasury_hqla,2882463.5676279673,91d-1y,True,False,False,0.05,0.0,0.05
A03772,retail_less_stable,1079930.2908842654,2d-7d,False,True,False,1.0,0.9,0.0
A03773,retail_less_stable,1011693.4555117652,2d-7d,False,True,False,1.0,0.9,0.0
A03774,corporate_bonds,2363600.9717952292,91d-1y,True,False,False,0.2,0.0,0.5
A03775,retail_stable,1197817.8008714211,overnight,False,True,False,1.0,0.95,0.0
A03776,retail_less_stable,2475055.629627916,8d-30d,False,True,False,1.0,0.9,0.0
A03777,loans,3564831.0580937807,31d-90d,True,False,False,0.65,0.0,0.85
A03778,loans,2573347.733269463,91d-1y,True,False,False,0.65,0.0,0.85
A03779,treasury_hqla,1209184.2132510245,>1y,True,False,False,0.05,0.0,0.05
A03780,corporate_operational,8017754.309608353,2d-7d,False,True,False,1.0,0.5,0.0
A03781,treasury_hqla,2858739.1805050755,91d-1y,True,False,False,0.05,0.0,0.05
A03782,retail_stable,1221027.6294686852,8d-30d,False,True,False,1.0,0.95,0.0
A03783,retail_less_stable,1940521.5158356964,overnight,False,True,False,1.0,0.9,0.0
A03784,loans,5579023.434926735,91d-1y,True,False,False,0.65,0.0,0.85
A03785,retail_less_stable,768923.9395659987,overnight,False,True,False,1.0,0.9,0.0
A03786,loans,982077.2747108176,>1y,True,False,False,0.65,0.0,0.85
A03787,retail_less_stable,3069774.89755433,2d-7d,False,True,False,1.0,0.9,0.0
A03788,loans,2251280.989559696,>1y,True,False,False,0.65,0.0,0.85
A03789,retail_stable,1692692.5976544088,overnight,False,True,False,1.0,0.95,0.0
A03790,retail_less_stable,8728327.01590933,8d-30d,False,True,False,1.0,0.9,0.0
A03791,committed_facilities,914377.0147947117,31d-90d,False,False,True,1.0,0.0,0.0
A03792,corporate_bonds,2536717.681934215,8d-30d,True,False,False,0.2,0.0,0.5
A03793,retail_stable,3824591.605313775,>1y,False,True,False,1.0,0.95,0.0
A03794,wholesale_unsecured,2542263.5945515046,overnight,False,True,False,1.0,0.0,0.0
A03795,loans,1160246.7256957188,8d-30d,True,False,False,0.65,0.0,0.85
A03796,loans,1505359.0886372959,31d-90d,True,False,False,0.65,0.0,0.85
A03797,treasury_hqla,8312074.294491148,overnight,True,False,False,0.05,0.0,0.05
A03798,loans,3405954.3038283233,31d-90d,True,False,False,0.65,0.0,0.85
A03799,corporate_bonds,778615.0389864319,>1y,True,False,False,0.2,0.0,0.5
A03800,corporate_non_operational,3208594.131487268,8d-30d,False,True,False,1.0,0.5,0.0
A03801,committed_facilities,20666387.530416757,91d-1y,False,False,True,1.0,0.0,0.0
A03802,wholesale_unsecured,695747.530561574,8d-30d,False,True,False,1.0,0.0,0.0
A03803,treasury_hqla,13535190.940788902,31d-90d,True,False,False,0.05,0.0,0.05
A03804,retail_less_stable,4972549.707587795,8d-30d,False,True,False,1.0,0.9,0.0
A03805,corporate_operational,7878264.164906714,8d-30d,False,True,False,1.0,0.5,0.0
A03806,retail_less_stable,194744.0869418999,31d-90d,False,True,False,1.0,0.9,0.0
A03807,treasury_hqla,7361762.225510504,31d-90d,True,False,False,0.05,0.0,0.05
A03808,retail_less_stable,3276801.62158221,2d-7d,False,True,False,1.0,0.9,0.0
A03809,corporate_operational,1398124.2707721572,2d-7d,False,True,False,1.0,0.5,0.0
A03810,corporate_bonds,2521738.0390738035,8d-30d,True,False,False,0.2,0.0,0.5
A03811,treasury_hqla,3117040.3259311253,31d-90d,True,False,False,0.05,0.0,0.05
A03812,loans,3317863.777101778,31d-90d,True,False,False,0.65,0.0,0.85
A03813,committed_facilities,1884666.0784972399,2d-7d,False,False,True,1.0,0.0,0.0
A03814,retail_stable,9664679.309955243,overnight,False,True,False,1.0,0.95,0.0
A03815,wholesale_unsecured,4736464.65863568,2d-7d,False,True,False,1.0,0.0,0.0
A03816,corporate_non_operational,12633650.689794997,overnight,False,True,False,1.0,0.5,0.0
A03817,corporate_bonds,2876994.488064252,8d-30d,True,False,False,0.2,0.0,0.5
A03818,retail_less_stable,2574360.670253492,31d-90d,False,True,False,1.0,0.9,0.0
A03819,loans,1744403.9856559935,>1y,True,False,False,0.65,0.0,0.85
A03820,retail_stable,11056495.705459781,overnight,False,True,False,1.0,0.95,0.0
A03821,retail_stable,1234409.0320019815,overnight,False,True,False,1.0,0.95,0.0
A03822,retail_stable,1469687.3485677494,overnight,False,True,False,1.0,0.95,0.0
A03823,treasury_hqla,7999985.018246684,31d-90d,True,False,False,0.05,0.0,0.05
A03824,wholesale_unsecured,2212195.878462237,31d-90d,False,True,False,1.0,0.0,0.0
A03825,corporate_operational,2643072.72924959,overnight,False,True,False,1.0,0.5,0.0
A03826,corporate_non_operational,1315790.9702946595,overnight,False,True,False,1.0,0.5,0.0
A03827,treasury_hqla,8920147.114359332,2d-7d,True,False,False,0.05,0.0,0.05
A03828,wholesale_unsecured,913051.0973397875,8d-30d,False,True,False,1.0,0.0,0.0
A03829,retail_less_stable,3297867.697343749,overnight,False,True,False,1.0,0.9,0.0
A03830,corporate_operational,6217928.489508947,31d-90d,False,True,False,1.0,0.5,0.0
A03831,retail_stable,530027.7014571775,91d-1y,False,True,False,1.0,0.95,0.0
A03832,retail_stable,5113091.217289042,91d-1y,False,True,False,1.0,0.95,0.0
A03833,loans,16871951.25140282,91d-1y,True,False,False,0.65,0.0,0.85
A03834,retail_less_stable,3490990.1203715997,overnight,False,True,False,1.0,0.9,0.0
A03835,committed_facilities,10544151.736290526,>1y,False,False,True,1.0,0.0,0.0
A03836,loans,2430660.099019275,>1y,True,False,False,0.65,0.0,0.85
A03837,treasury_hqla,454206.6117037257,8d-30d,True,False,False,0.05,0.0,0.05
A03838,retail_less_stable,894556.0587107397,8d-30d,False,True,False,1.0,0.9,0.0
A03839,retail_stable,673986.956045389,overnight,False,True,False,1.0,0.95,0.0
A03840,wholesale_unsecured,13087420.174738625,>1y,False,True,False,1.0,0.0,0.0
A03841,retail_stable,4114379.39633709,2d-7d,False,True,False,1.0,0.95,0.0
A03842,loans,4120006.0810562046,91d-1y,True,False,False,0.65,0.0,0.85
A03843,corporate_non_operational,1113501.5505669026,overnight,False,True,False,1.0,0.5,0.0
A03844,corporate_operational,12291696.956478354,31d-90d,False,True,False,1.0,0.5,0.0
A03845,corporate_operational,1888561.222638631,8d-30d,False,True,False,1.0,0.5,0.0
A03846,retail_less_stable,3662158.322181436,91d-1y,False,True,False,1.0,0.9,0.0
A03847,retail_stable,14355500.179114258,overnight,False,True,False,1.0,0.95,0.0
A03848,loans,4379960.373982514,>1y,True,False,False,0.65,0.0,0.85
A03849,retail_less_stable,4419783.001436733,overnight,False,True,False,1.0,0.9,0.0
A03850,retail_less_stable,2104073.2842799188,2d-7d,False,True,False,1.0,0.9,0.0
A03851,loans,2453695.462294442,2d-7d,True,False,False,0.65,0.0,0.85
A03852,retail_stable,1437523.8235802436,overnight,False,True,False,1.0,0.95,0.0
A03853,loans,10063862.3089223,>1y,True,False,False,0.65,0.0,0.85
A03854,loans,824234.3427348924,2d-7d,True,False,False,0.65,0.0,0.85
A03855,retail_stable,1019405.8020162995,overnight,False,True,False,1.0,0.95,0.0
A03856,corporate_bonds,1016556.5889380086,91d-1y,True,False,False,0.2,0.0,0.5
A03857,retail_stable,30841648.45980016,31d-90d,False,True,False,1.0,0.95,0.0
A03858,retail_stable,2150308.360858553,91d-1y,False,True,False,1.0,0.95,0.0
A03859,loans,2551170.6396214776,91d-1y,True,False,False,0.65,0.0,0.85
A03860,corporate_operational,414324.8755852712,8d-30d,False,True,False,1.0,0.5,0.0
A03861,loans,23892515.359411743,overnight,True,False,False,0.65,0.0,0.85
A03862,treasury_hqla,4937271.199196611,>1y,True,False,False,0.05,0.0,0.05
A03863,corporate_operational,1228972.4758214112,91d-1y,False,True,False,1.0,0.5,0.0
A03864,treasury_hqla,3566778.506782591,>1y,True,False,False,0.05,0.0,0.05
A03865,wholesale_unsecured,13093163.794943504,8d-30d,False,True,False,1.0,0.0,0.0
A03866,loans,2647631.9847597973,>1y,True,False,False,0.65,0.0,0.85
A03867,treasury_hqla,870817.9584508853,31d-90d,True,False,False,0.05,0.0,0.05
A03868,retail_stable,3025093.975478662,8d-30d,False,True,False,1.0,0.95,0.0
A03869,retail_stable,3117788.8309470937,8d-30d,False,True,False,1.0,0.95,0.0
A03870,corporate_bonds,1867080.2765965972,>1y,True,False,False,0.2,0.0,0.5
A03871,wholesale_unsecured,11618093.088197622,2d-7d,False,True,False,1.0,0.0,0.0
A03872,corporate_bonds,47671060.28957638,8d-30d,True,False,False,0.2,0.0,0.5
A03873,retail_stable,924155.5075955904,overnight,False,True,False,1.0,0.95,0.0
A03874,retail_stable,3333231.190874613,8d-30d,False,True,False,1.0,0.95,0.0
A03875,retail_stable,1420784.772608141,8d-30d,False,True,False,1.0,0.95,0.0
A03876,loans,3006173.689890392,91d-1y,True,False,False,0.65,0.0,0.85
A03877,retail_stable,848592.782981184,overnight,False,True,False,1.0,0.95,0.0
A03878,retail_less_stable,758148.9050576859,overnight,False,True,False,1.0,0.9,0.0
A03879,retail_stable,2381252.126107161,overnight,False,True,False,1.0,0.95,0.0
A03880,loans,1475916.7899170562,31d-90d,True,False,False,0.65,0.0,0.85
A03881,loans,748798.6194105581,91d-1y,True,False,False,0.65,0.0,0.85
A03882,corporate_non_operational,1132971.7424231165,2d-7d,False,True,False,1.0,0.5,0.0
A03883,committed_facilities,7592656.574656511,31d-90d,False,False,True,1.0,0.0,0.0
A03884,loans,1259834.8180347334,8d-30d,True,False,False,0.65,0.0,0.85
A03885,loans,4132825.3080785396,8d-30d,True,False,False,0.65,0.0,0.85
A03886,retail_stable,8588937.420810571,overnight,False,True,False,1.0,0.95,0.0
A03887,corporate_operational,472800.239568389,8d-30d,False,True,False,1.0,0.5,0.0
A03888,committed_facilities,10177025.363588521,2d-7d,False,False,True,1.0,0.0,0.0
A03889,retail_less_stable,1272059.5231658027,overnight,False,True,False,1.0,0.9,0.0
A03890,treasury_hqla,2396081.4420090327,2d-7d,True,False,False,0.05,0.0,0.05
A03891,corporate_operational,8739638.830629217,2d-7d,False,True,False,1.0,0.5,0.0
A03892,corporate_bonds,1435134.9679934501,31d-90d,True,False,False,0.2,0.0,0.5
A03893,retail_stable,37536197.31046981,overnight,False,True,False,1.0,0.95,0.0
A03894,retail_stable,5527991.773956957,>1y,False,True,False,1.0,0.95,0.0
A03895,retail_less_stable,4958907.604509992,8d-30d,False,True,False,1.0,0.9,0.0
A03896,loans,5772375.031381201,91d-1y,True,False,False,0.65,0.0,0.85
A03897,corporate_bonds,1316335.4998684444,31d-90d,True,False,False,0.2,0.0,0.5
A03898,committed_facilities,2606672.003145323,2d-7d,False,False,True,1.0,0.0,0.0
A03899,corporate_non_operational,2267036.6389395487,91d-1y,False,True,False,1.0,0.5,0.0
A03900,loans,6869771.273369366,8d-30d,True,False,False,0.65,0.0,0.85
A03901,wholesale_unsecured,5689761.993844155,8d-30d,False,True,False,1.0,0.0,0.0
A03902,treasury_hqla,568582.5465950612,91d-1y,True,False,False,0.05,0.0,0.05
A03903,retail_stable,2680625.5660421457,31d-90d,False,True,False,1.0,0.95,0.0
A03904,corporate_operational,3176801.31516724,overnight,False,True,False,1.0,0.5,0.0
A03905,retail_less_stable,3561307.071718867,8d-30d,False,True,False,1.0,0.9,0.0
A03906,equities,306582.6529646845,91d-1y,True,False,False,0.45,0.0,0.85
A03907,corporate_non_operational,1311070.2265557938,91d-1y,False,True,False,1.0,0.5,0.0
A03908,wholesale_unsecured,1549703.8847413196,overnight,False,True,False,1.0,0.0,0.0
A03909,loans,4932371.675460808,>1y,True,False,False,0.65,0.0,0.85
A03910,treasury_hqla,2006218.9725904567,>1y,True,False,False,0.05,0.0,0.05
A03911,retail_less_stable,1867505.8387054156,overnight,False,True,False,1.0,0.9,0.0
A03912,committed_facilities,1531905.5562135614,2d-7d,False,False,True,1.0,0.0,0.0
A03913,retail_less_stable,4392696.990303826,31d-90d,False,True,False,1.0,0.9,0.0
A03914,retail_less_stable,6954097.245871058,overnight,False,True,False,1.0,0.9,0.0
A03915,retail_stable,3898640.7167047523,overnight,False,True,False,1.0,0.95,0.0
A03916,retail_stable,10601171.895552978,8d-30d,False,True,False,1.0,0.95,0.0
A03917,retail_less_stable,3752003.118093505,31d-90d,False,True,False,1.0,0.9,0.0
A03918,retail_stable,7210031.77178539,2d-7d,False,True,False,1.0,0.95,0.0
A03919,retail_less_stable,807673.1967993923,overnight,False,True,False,1.0,0.9,0.0
A03920,equities,12353897.056162242,31d-90d,True,False,False,0.45,0.0,0.85
A03921,retail_less_stable,12034669.397787603,31d-90d,False,True,False,1.0,0.9,0.0
A03922,retail_less_stable,4503964.883177641,8d-30d,False,True,False,1.0,0.9,0.0
A03923,loans,2668848.1859140615,91d-1y,True,False,False,0.65,0.0,0.85
A03924,loans,2795389.95791242,91d-1y,True,False,False,0.65,0.0,0.85
A03925,corporate_operational,4631567.7514009625,overnight,False,True,False,1.0,0.5,0.0
A03926,retail_stable,3840157.2719093803,8d-30d,False,True,False,1.0,0.95,0.0
A03927,retail_less_stable,1239595.8770011961,overnight,False,True,False,1.0,0.9,0.0
A03928,equities,4146118.1187253636,8d-30d,True,False,False,0.45,0.0,0.85
A03929,retail_stable,3018088.4838649584,2d-7d,False,True,False,1.0,0.95,0.0
A03930,corporate_bonds,6305813.652834781,overnight,True,False,False,0.2,0.0,0.5
A03931,treasury_hqla,4566633.200650971,overnight,True,False,False,0.05,0.0,0.05
A03932,retail_less_stable,4703337.344310238,8d-30d,False,True,False,1.0,0.9,0.0
A03933,committed_facilities,1347045.4843792457,2d-7d,False,False,True,1.0,0.0,0.0
A03934,loans,1429123.5834389217,91d-1y,True,False,False,0.65,0.0,0.85
A03935,corporate_non_operational,2896701.4625947103,2d-7d,False,True,False,1.0,0.5,0.0
A03936,retail_stable,5669570.490969032,31d-90d,False,True,False,1.0,0.95,0.0
A03937,retail_stable,308614.830262965,91d-1y,False,True,False,1.0,0.95,0.0
A03938,retail_stable,11601164.957794568,2d-7d,False,True,False,1.0,0.95,0.0
A03939,retail_stable,3786400.539999985,2d-7d,False,True,False,1.0,0.95,0.0
A03940,retail_less_stable,1784803.844782878,2d-7d,False,True,False,1.0,0.9,0.0
A03941,corporate_bonds,670571.6523550741,31d-90d,True,False,False,0.2,0.0,0.5
A03942,corporate_bonds,4255540.519033802,2d-7d,True,False,False,0.2,0.0,0.5
A03943,corporate_bonds,2444796.793257238,91d-1y,True,False,False,0.2,0.0,0.5
A03944,retail_less_stable,13517529.884675987,91d-1y,False,True,False,1.0,0.9,0.0
A03945,corporate_operational,6388772.039060306,>1y,False,True,False,1.0,0.5,0.0
A03946,loans,8218676.209293037,8d-30d,True,False,False,0.65,0.0,0.85
A03947,loans,8684329.312210217,8d-30d,True,False,False,0.65,0.0,0.85
A03948,retail_stable,5638820.220464829,overnight,False,True,False,1.0,0.95,0.0
A03949,loans,9243037.88497822,2d-7d,True,False,False,0.65,0.0,0.85
A03950,retail_less_stable,2715651.5746222627,91d-1y,False,True,False,1.0,0.9,0.0
A03951,treasury_hqla,398699.0257850891,91d-1y,True,False,False,0.05,0.0,0.05
A03952,retail_stable,2956323.6060599014,2d-7d,False,True,False,1.0,0.95,0.0
A03953,retail_stable,915388.95029724,overnight,False,True,False,1.0,0.95,0.0
A03954,retail_stable,5256535.593446279,2d-7d,False,True,False,1.0,0.95,0.0
A03955,retail_less_stable,12177193.96628787,91d-1y,False,True,False,1.0,0.9,0.0
A03956,retail_stable,7235365.32537552,8d-30d,False,True,False,1.0,0.95,0.0
A03957,retail_less_stable,1743813.2228808592,overnight,False,True,False,1.0,0.9,0.0
A03958,corporate_operational,5937859.138539075,overnight,False,True,False,1.0,0.5,0.0
A03959,loans,1815836.9991784787,overnight,True,False,False,0.65,0.0,0.85
A03960,retail_stable,1176069.7812323335,overnight,False,True,False,1.0,0.95,0.0
A03961,retail_stable,5500841.146628715,overnight,False,True,False,1.0,0.95,0.0
A03962,treasury_hqla,15480374.995757116,91d-1y,True,False,False,0.05,0.0,0.05
A03963,loans,842477.746957995,8d-30d,True,False,False,0.65,0.0,0.85
A03964,loans,9348160.379203957,2d-7d,True,False,False,0.65,0.0,0.85
A03965,treasury_hqla,16440781.698165514,31d-90d,True,False,False,0.05,0.0,0.05
A03966,loans,3804917.8423506743,8d-30d,True,False,False,0.65,0.0,0.85
A03967,corporate_bonds,8437605.584820585,91d-1y,True,False,False,0.2,0.0,0.5
A03968,retail_stable,2517296.4356526923,overnight,False,True,False,1.0,0.95,0.0
A03969,retail_stable,730331.3029808057,8d-30d,False,True,False,1.0,0.95,0.0
A03970,corporate_operational,8282242.716260405,8d-30d,False,True,False,1.0,0.5,0.0
A03971,loans,992525.633885022,>1y,True,False,False,0.65,0.0,0.85
A03972,corporate_non_operational,6218823.894762805,2d-7d,False,True,False,1.0,0.5,0.0
A03973,corporate_operational,1319343.723749713,overnight,False,True,False,1.0,0.5,0.0
A03974,corporate_non_operational,728920.2606711371,2d-7d,False,True,False,1.0,0.5,0.0
A03975,corporate_bonds,178391.29802710857,91d-1y,True,False,False,0.2,0.0,0.5
A03976,equities,762647.4535982887,31d-90d,True,False,False,0.45,0.0,0.85
A03977,treasury_hqla,6281925.093856934,31d-90d,True,False,False,0.05,0.0,0.05
A03978,corporate_non_operational,1209981.8558552014,overnight,False,True,False,1.0,0.5,0.0
A03979,retail_stable,2173130.834143954,8d-30d,False,True,False,1.0,0.95,0.0
A03980,retail_stable,6236687.544290003,91d-1y,False,True,False,1.0,0.95,0.0
A03981,retail_less_stable,6497744.53863629,8d-30d,False,True,False,1.0,0.9,0.0
A03982,treasury_hqla,2900731.976839267,>1y,True,False,False,0.05,0.0,0.05
A03983,equities,489670.83942903345,31d-90d,True,False,False,0.45,0.0,0.85
A03984,corporate_bonds,5637076.195148693,>1y,True,False,False,0.2,0.0,0.5
A03985,loans,1305211.6113671348,>1y,True,False,False,0.65,0.0,0.85
A03986,wholesale_unsecured,1984485.3184663774,8d-30d,False,True,False,1.0,0.0,0.0
A03987,treasury_hqla,5793857.203194464,>1y,True,False,False,0.05,0.0,0.05
A03988,retail_stable,1924847.9211844886,31d-90d,False,True,False,1.0,0.95,0.0
A03989,retail_less_stable,7351668.536368148,overnight,False,True,False,1.0,0.9,0.0
A03990,retail_less_stable,7559381.318438356,overnight,False,True,False,1.0,0.9,0.0
A03991,treasury_hqla,2460871.3875165824,>1y,True,False,False,0.05,0.0,0.05
A03992,retail_less_stable,17490226.623024996,2d-7d,False,True,False,1.0,0.9,0.0
A03993,loans,11271498.297656132,>1y,True,False,False,0.65,0.0,0.85
A03994,loans,1513111.9502334888,>1y,True,False,False,0.65,0.0,0.85
A03995,retail_stable,1640158.7117597559,overnight,False,True,False,1.0,0.95,0.0
A03996,loans,2195120.576261059,>1y,True,False,False,0.65,0.0,0.85
A03997,corporate_non_operational,10268487.798126891,2d-7d,False,True,False,1.0,0.5,0.0
A03998,equities,541233.8239715876,31d-90d,True,False,False,0.45,0.0,0.85
A03999,retail_less_stable,1502116.478906292,overnight,False,True,False,1.0,0.9,0.0
A04000,retail_stable,4062771.431978433,overnight,False,True,False,1.0,0.95,0.0
A04001,retail_less_stable,6864814.291359577,2d-7d,False,True,False,1.0,0.9,0.0
A04002,retail_less_stable,16405212.51805394,overnight,False,True,False,1.0,0.9,0.0
A04003,retail_stable,3191825.2963002296,2d-7d,False,True,False,1.0,0.95,0.0
A04004,loans,69479461.5268699,91d-1y,True,False,False,0.65,0.0,0.85
A04005,retail_less_stable,2896411.125501695,overnight,False,True,False,1.0,0.9,0.0
A04006,treasury_hqla,952231.0190544443,8d-30d,True,False,False,0.05,0.0,0.05
A04007,loans,4616702.161202844,>1y,True,False,False,0.65,0.0,0.85
A04008,corporate_non_operational,16734974.312871553,overnight,False,True,False,1.0,0.5,0.0
A04009,retail_less_stable,2104170.1769703547,>1y,False,True,False,1.0,0.9,0.0
A04010,wholesale_unsecured,3404190.135623531,8d-30d,False,True,False,1.0,0.0,0.0
A04011,corporate_non_operational,1586974.1005773193,91d-1y,False,True,False,1.0,0.5,0.0
A04012,corporate_non_operational,67738866.03160623,overnight,False,True,False,1.0,0.5,0.0
A04013,committed_facilities,2703021.272462483,91d-1y,False,False,True,1.0,0.0,0.0
A04014,corporate_bonds,2083492.2876611254,>1y,True,False,False,0.2,0.0,0.5
A04015,loans,25024719.787298754,>1y,True,False,False,0.65,0.0,0.85
A04016,retail_stable,3084330.400108537,91d-1y,False,True,False,1.0,0.95,0.0
A04017,committed_facilities,1228151.758062678,>1y,False,False,True,1.0,0.0,0.0
A04018,loans,2560152.1553905657,8d-30d,True,False,False,0.65,0.0,0.85
A04019,equities,2330629.468759762,8d-30d,True,False,False,0.45,0.0,0.85
A04020,wholesale_unsecured,16053680.614658037,91d-1y,False,True,False,1.0,0.0,0.0
A04021,equities,1815028.1911574185,31d-90d,True,False,False,0.45,0.0,0.85
A04022,retail_stable,10894089.906645695,overnight,False,True,False,1.0,0.95,0.0
A04023,loans,420799.44253925997,91d-1y,True,False,False,0.65,0.0,0.85
A04024,retail_less_stable,1696539.8967474522,91d-1y,False,True,False,1.0,0.9,0.0
A04025,corporate_operational,11360907.144579345,overnight,False,True,False,1.0,0.5,0.0
A04026,loans,1755023.8562634625,>1y,True,False,False,0.65,0.0,0.85
A04027,corporate_operational,5647443.587503848,overnight,False,True,False,1.0,0.5,0.0
A04028,loans,3053226.620058654,>1y,True,False,False,0.65,0.0,0.85
A04029,loans,1278341.3798143286,8d-30d,True,False,False,0.65,0.0,0.85
A04030,corporate_operational,603767.435350898,8d-30d,False,True,False,1.0,0.5,0.0
A04031,loans,4992675.738251299,>1y,True,False,False,0.65,0.0,0.85
A04032,equities,2470218.6793525,8d-30d,True,False,False,0.45,0.0,0.85
A04033,loans,7313473.350668695,>1y,True,False,False,0.65,0.0,0.85
A04034,corporate_non_operational,13038454.571233165,2d-7d,False,True,False,1.0,0.5,0.0
A04035,committed_facilities,1581219.7206467958,91d-1y,False,False,True,1.0,0.0,0.0
A04036,retail_less_stable,4820688.209115517,2d-7d,False,True,False,1.0,0.9,0.0
A04037,retail_less_stable,1413625.7667273607,8d-30d,False,True,False,1.0,0.9,0.0
A04038,retail_stable,5053593.214314986,overnight,False,True,False,1.0,0.95,0.0
A04039,loans,2203470.084046346,91d-1y,True,False,False,0.65,0.0,0.85
A04040,corporate_operational,2319409.094128796,31d-90d,False,True,False,1.0,0.5,0.0
A04041,retail_stable,1231629.4035975847,overnight,False,True,False,1.0,0.95,0.0
A04042,retail_less_stable,5552566.810079843,31d-90d,False,True,False,1.0,0.9,0.0
A04043,retail_less_stable,3013288.275896212,>1y,False,True,False,1.0,0.9,0.0
A04044,retail_stable,2098977.812297131,31d-90d,False,True,False,1.0,0.95,0.0
A04045,retail_stable,4206932.9819830805,8d-30d,False,True,False,1.0,0.95,0.0
A04046,corporate_non_operational,27526235.637839917,91d-1y,False,True,False,1.0,0.5,0.0
A04047,treasury_hqla,5701246.898102411,overnight,True,False,False,0.05,0.0,0.05
A04048,retail_less_stable,1996315.9457919695,91d-1y,False,True,False,1.0,0.9,0.0
A04049,corporate_non_operational,3556728.087109923,2d-7d,False,True,False,1.0,0.5,0.0
A04050,retail_stable,1609664.9686331057,overnight,False,True,False,1.0,0.95,0.0
A04051,loans,1007364.1963901853,>1y,True,False,False,0.65,0.0,0.85
A04052,loans,1495984.2739841198,>1y,True,False,False,0.65,0.0,0.85
A04053,retail_stable,18201097.228119243,8d-30d,False,True,False,1.0,0.95,0.0
A04054,corporate_non_operational,288496.42972516705,overnight,False,True,False,1.0,0.5,0.0
A04055,corporate_non_operational,2493184.325171363,overnight,False,True,False,1.0,0.5,0.0
A04056,corporate_non_operational,1014196.3856592649,2d-7d,False,True,False,1.0,0.5,0.0
A04057,corporate_bonds,2130626.6964401985,>1y,True,False,False,0.2,0.0,0.5
A04058,retail_stable,10067708.427097432,8d-30d,False,True,False,1.0,0.95,0.0
A04059,corporate_bonds,2232989.1790469913,>1y,True,False,False,0.2,0.0,0.5
A04060,retail_stable,2195048.688057346,2d-7d,False,True,False,1.0,0.95,0.0
A04061,retail_stable,2366159.0172555633,2d-7d,False,True,False,1.0,0.95,0.0
A04062,corporate_operational,3052927.7432867168,overnight,False,True,False,1.0,0.5,0.0
A04063,retail_less_stable,5108510.7341326475,overnight,False,True,False,1.0,0.9,0.0
A04064,retail_stable,2935603.0012556035,91d-1y,False,True,False,1.0,0.95,0.0
A04065,retail_stable,5569006.9501876,8d-30d,False,True,False,1.0,0.95,0.0
A04066,retail_less_stable,554976.1490445358,2d-7d,False,True,False,1.0,0.9,0.0
A04067,retail_stable,2261141.7820819775,2d-7d,False,True,False,1.0,0.95,0.0
A04068,corporate_operational,3662533.7610531664,8d-30d,False,True,False,1.0,0.5,0.0
A04069,equities,9665572.363429662,>1y,True,False,False,0.45,0.0,0.85
A04070,treasury_hqla,1113403.937334171,91d-1y,True,False,False,0.05,0.0,0.05
A04071,retail_stable,13762708.854003564,overnight,False,True,False,1.0,0.95,0.0
A04072,retail_stable,2139070.9430633434,overnight,False,True,False,1.0,0.95,0.0
A04073,retail_stable,8415105.56131492,overnight,False,True,False,1.0,0.95,0.0
A04074,loans,2522402.9100388056,91d-1y,True,False,False,0.65,0.0,0.85
A04075,corporate_operational,692961.7995492329,31d-90d,False,True,False,1.0,0.5,0.0
A04076,loans,5340961.306916013,8d-30d,True,False,False,0.65,0.0,0.85
A04077,retail_less_stable,5158880.143234,overnight,False,True,False,1.0,0.9,0.0
A04078,committed_facilities,1044213.9277773742,2d-7d,False,False,True,1.0,0.0,0.0
A04079,loans,3610012.86712725,2d-7d,True,False,False,0.65,0.0,0.85
A04080,retail_stable,4866408.358544191,8d-30d,False,True,False,1.0,0.95,0.0
A04081,loans,3523699.6345048496,>1y,True,False,False,0.65,0.0,0.85
A04082,retail_stable,3076926.565477655,91d-1y,False,True,False,1.0,0.95,0.0
A04083,retail_stable,10375193.021962972,overnight,False,True,False,1.0,0.95,0.0
A04084,committed_facilities,3719000.4638532307,2d-7d,False,False,True,1.0,0.0,0.0
A04085,retail_stable,7996491.778616924,overnight,False,True,False,1.0,0.95,0.0
A04086,retail_stable,6219805.522493491,31d-90d,False,True,False,1.0,0.95,0.0
A04087,corporate_non_operational,2130434.741504696,8d-30d,False,True,False,1.0,0.5,0.0
A04088,retail_less_stable,1138446.9761119601,overnight,False,True,False,1.0,0.9,0.0
A04089,loans,5421781.767111038,>1y,True,False,False,0.65,0.0,0.85
A04090,committed_facilities,26276161.47479525,2d-7d,False,False,True,1.0,0.0,0.0
A04091,retail_stable,4655861.251508316,overnight,False,True,False,1.0,0.95,0.0
A04092,retail_less_stable,1096417.111480541,8d-30d,False,True,False,1.0,0.9,0.0
A04093,equities,4974814.793073525,overnight,True,False,False,0.45,0.0,0.85
A04094,loans,2090536.5190535646,31d-90d,True,False,False,0.65,0.0,0.85
A04095,corporate_non_operational,1688357.4191303502,91d-1y,False,True,False,1.0,0.5,0.0
A04096,retail_less_stable,6743105.505751063,8d-30d,False,True,False,1.0,0.9,0.0
A04097,committed_facilities,4007880.482486054,91d-1y,False,False,True,1.0,0.0,0.0
A04098,equities,570009.4345459796,8d-30d,True,False,False,0.45,0.0,0.85
A04099,loans,6884443.653276288,>1y,True,False,False,0.65,0.0,0.85
A04100,retail_less_stable,1412822.4186398068,overnight,False,True,False,1.0,0.9,0.0
A04101,loans,1435930.390024512,91d-1y,True,False,False,0.65,0.0,0.85
A04102,retail_stable,8094784.362926073,31d-90d,False,True,False,1.0,0.95,0.0
A04103,loans,6456779.210269683,2d-7d,True,False,False,0.65,0.0,0.85
A04104,loans,1253656.8528751496,91d-1y,True,False,False,0.65,0.0,0.85
A04105,corporate_non_operational,1139831.2018147346,overnight,False,True,False,1.0,0.5,0.0
A04106,committed_facilities,9072620.564735163,8d-30d,False,False,True,1.0,0.0,0.0
A04107,loans,1040229.4489967877,31d-90d,True,False,False,0.65,0.0,0.85
A04108,retail_stable,1568591.0841955459,91d-1y,False,True,False,1.0,0.95,0.0
A04109,treasury_hqla,2607994.071334713,overnight,True,False,False,0.05,0.0,0.05
A04110,retail_less_stable,1681038.8405911832,31d-90d,False,True,False,1.0,0.9,0.0
A04111,corporate_operational,671912.2627766761,>1y,False,True,False,1.0,0.5,0.0
A04112,retail_stable,3152700.7531091636,8d-30d,False,True,False,1.0,0.95,0.0
A04113,corporate_bonds,6914313.404040474,91d-1y,True,False,False,0.2,0.0,0.5
A04114,corporate_bonds,1088391.6339396092,2d-7d,True,False,False,0.2,0.0,0.5
A04115,retail_less_stable,4453715.959111744,2d-7d,False,True,False,1.0,0.9,0.0
A04116,loans,34338558.98981497,2d-7d,True,False,False,0.65,0.0,0.85
A04117,loans,1513382.4705506584,>1y,True,False,False,0.65,0.0,0.85
A04118,retail_stable,22799843.445434436,overnight,False,True,False,1.0,0.95,0.0
A04119,retail_stable,7513979.30320321,8d-30d,False,True,False,1.0,0.95,0.0
A04120,loans,6477378.074168558,>1y,True,False,False,0.65,0.0,0.85
A04121,corporate_bonds,2493650.9412085647,91d-1y,True,False,False,0.2,0.0,0.5
A04122,retail_stable,1278781.938198879,overnight,False,True,False,1.0,0.95,0.0
A04123,treasury_hqla,4414084.037532593,>1y,True,False,False,0.05,0.0,0.05
A04124,loans,9922391.481207736,>1y,True,False,False,0.65,0.0,0.85
A04125,retail_stable,10069486.366904587,overnight,False,True,False,1.0,0.95,0.0
A04126,corporate_non_operational,820910.1660396032,overnight,False,True,False,1.0,0.5,0.0
A04127,retail_stable,18786595.77833773,>1y,False,True,False,1.0,0.95,0.0
A04128,committed_facilities,5607057.383738777,91d-1y,False,False,True,1.0,0.0,0.0
A04129,retail_less_stable,12770351.761103831,2d-7d,False,True,False,1.0,0.9,0.0
A04130,retail_stable,6857651.671981447,8d-30d,False,True,False,1.0,0.95,0.0
A04131,corporate_bonds,6870843.3177046245,31d-90d,True,False,False,0.2,0.0,0.5
A04132,retail_stable,5058772.528277872,overnight,False,True,False,1.0,0.95,0.0
A04133,retail_stable,913292.7440562204,overnight,False,True,False,1.0,0.95,0.0
A04134,retail_stable,3904973.267602332,overnight,False,True,False,1.0,0.95,0.0
A04135,loans,337962.4864536234,>1y,True,False,False,0.65,0.0,0.85
A04136,treasury_hqla,9815773.933734218,31d-90d,True,False,False,0.05,0.0,0.05
A04137,corporate_operational,2679655.038399098,overnight,False,True,False,1.0,0.5,0.0
A04138,treasury_hqla,2555116.081590166,8d-30d,True,False,False,0.05,0.0,0.05
A04139,retail_stable,25792239.35490407,8d-30d,False,True,False,1.0,0.95,0.0
A04140,loans,1066531.966819168,8d-30d,True,False,False,0.65,0.0,0.85
A04141,loans,6313887.475808509,31d-90d,True,False,False,0.65,0.0,0.85
A04142,corporate_operational,1407186.3447812349,overnight,False,True,False,1.0,0.5,0.0
A04143,retail_stable,3582927.885145896,overnight,False,True,False,1.0,0.95,0.0
A04144,wholesale_unsecured,45245772.26873088,31d-90d,False,True,False,1.0,0.0,0.0
A04145,wholesale_unsecured,7391846.7960833125,overnight,False,True,False,1.0,0.0,0.0
A04146,loans,2833764.4316546563,31d-90d,True,False,False,0.65,0.0,0.85
A04147,retail_less_stable,1763097.6166818189,overnight,False,True,False,1.0,0.9,0.0
A04148,retail_less_stable,6669580.37368408,8d-30d,False,True,False,1.0,0.9,0.0
A04149,retail_stable,1991728.4974390045,8d-30d,False,True,False,1.0,0.95,0.0
A04150,retail_stable,473818.965038886,overnight,False,True,False,1.0,0.95,0.0
A04151,retail_stable,1322007.2980109733,overnight,False,True,False,1.0,0.95,0.0
A04152,retail_less_stable,9485600.620772313,91d-1y,False,True,False,1.0,0.9,0.0
A04153,retail_less_stable,1628503.3202137398,2d-7d,False,True,False,1.0,0.9,0.0
A04154,treasury_hqla,14226984.70588629,>1y,True,False,False,0.05,0.0,0.05
A04155,corporate_bonds,9320498.48210746,>1y,True,False,False,0.2,0.0,0.5
A04156,loans,5418992.184210335,31d-90d,True,False,False,0.65,0.0,0.85
A04157,retail_stable,12684516.302485049,31d-90d,False,True,False,1.0,0.95,0.0
A04158,treasury_hqla,3580087.040468289,91d-1y,True,False,False,0.05,0.0,0.05
A04159,corporate_operational,3720109.5993620083,overnight,False,True,False,1.0,0.5,0.0
A04160,retail_less_stable,6402484.866247462,8d-30d,False,True,False,1.0,0.9,0.0
A04161,loans,1817857.764430941,>1y,True,False,False,0.65,0.0,0.85
A04162,wholesale_unsecured,9703936.681363598,31d-90d,False,True,False,1.0,0.0,0.0
A04163,retail_less_stable,8236667.471652443,31d-90d,False,True,False,1.0,0.9,0.0
A04164,loans,10712352.010184959,8d-30d,True,False,False,0.65,0.0,0.85
A04165,wholesale_unsecured,10208657.522682335,91d-1y,False,True,False,1.0,0.0,0.0
A04166,loans,6901932.97399497,91d-1y,True,False,False,0.65,0.0,0.85
A04167,retail_stable,1978536.4018171565,31d-90d,False,True,False,1.0,0.95,0.0
A04168,corporate_operational,14987884.052334186,overnight,False,True,False,1.0,0.5,0.0
A04169,retail_less_stable,14532050.717147388,>1y,False,True,False,1.0,0.9,0.0
A04170,corporate_operational,4136318.0460195006,91d-1y,False,True,False,1.0,0.5,0.0
A04171,retail_stable,2005046.2339989156,31d-90d,False,True,False,1.0,0.95,0.0
A04172,committed_facilities,3203617.195521656,91d-1y,False,False,True,1.0,0.0,0.0
A04173,corporate_non_operational,657221.2347428851,8d-30d,False,True,False,1.0,0.5,0.0
A04174,corporate_operational,1671065.6764349197,overnight,False,True,False,1.0,0.5,0.0
A04175,retail_less_stable,1693960.4555687273,2d-7d,False,True,False,1.0,0.9,0.0
A04176,wholesale_unsecured,687113.3144186775,overnight,False,True,False,1.0,0.0,0.0
A04177,corporate_non_operational,1344106.5471918029,overnight,False,True,False,1.0,0.5,0.0
A04178,corporate_operational,10863802.594654482,2d-7d,False,True,False,1.0,0.5,0.0
A04179,loans,11448477.309609309,>1y,True,False,False,0.65,0.0,0.85
A04180,retail_stable,804804.4236332672,2d-7d,False,True,False,1.0,0.95,0.0
A04181,equities,3266547.8103194563,91d-1y,True,False,False,0.45,0.0,0.85
A04182,equities,2275940.24989463,91d-1y,True,False,False,0.45,0.0,0.85
A04183,loans,3064229.62562254,8d-30d,True,False,False,0.65,0.0,0.85
A04184,loans,6844615.552762618,>1y,True,False,False,0.65,0.0,0.85
A04185,equities,5818453.282248292,91d-1y,True,False,False,0.45,0.0,0.85
A04186,corporate_operational,20733422.34260298,31d-90d,False,True,False,1.0,0.5,0.0
A04187,retail_stable,12557961.261930482,2d-7d,False,True,False,1.0,0.95,0.0
A04188,retail_less_stable,503301.5122823213,91d-1y,False,True,False,1.0,0.9,0.0
A04189,treasury_hqla,2557487.422757018,overnight,True,False,False,0.05,0.0,0.05
A04190,committed_facilities,6480869.268946302,8d-30d,False,False,True,1.0,0.0,0.0
A04191,treasury_hqla,1199307.740363047,>1y,True,False,False,0.05,0.0,0.05
A04192,corporate_non_operational,4984074.919587668,overnight,False,True,False,1.0,0.5,0.0
A04193,corporate_operational,805428.9538584814,8d-30d,False,True,False,1.0,0.5,0.0
A04194,corporate_non_operational,3172119.6879798286,8d-30d,False,True,False,1.0,0.5,0.0
A04195,loans,949403.4099365148,2d-7d,True,False,False,0.65,0.0,0.85
A04196,retail_stable,1185277.2931381783,2d-7d,False,True,False,1.0,0.95,0.0
A04197,corporate_operational,26661109.706969522,91d-1y,False,True,False,1.0,0.5,0.0
A04198,retail_stable,1770934.7457947233,>1y,False,True,False,1.0,0.95,0.0
A04199,treasury_hqla,6163601.975577762,91d-1y,True,False,False,0.05,0.0,0.05
A04200,loans,1248465.8707807325,>1y,True,False,False,0.65,0.0,0.85
A04201,corporate_non_operational,1520522.941387433,overnight,False,True,False,1.0,0.5,0.0
A04202,wholesale_unsecured,1148406.2394233341,>1y,False,True,False,1.0,0.0,0.0
A04203,retail_stable,4723564.673128029,>1y,False,True,False,1.0,0.95,0.0
A04204,corporate_non_operational,3723594.5278419787,2d-7d,False,True,False,1.0,0.5,0.0
A04205,committed_facilities,2023756.0461241005,91d-1y,False,False,True,1.0,0.0,0.0
A04206,retail_stable,1621170.232028157,8d-30d,False,True,False,1.0,0.95,0.0
A04207,corporate_operational,3809553.939430662,overnight,False,True,False,1.0,0.5,0.0
A04208,retail_less_stable,21597753.46623238,2d-7d,False,True,False,1.0,0.9,0.0
A04209,retail_stable,18351633.521375407,31d-90d,False,True,False,1.0,0.95,0.0
A04210,loans,1362593.013348156,>1y,True,False,False,0.65,0.0,0.85
A04211,committed_facilities,390820.46328438865,31d-90d,False,False,True,1.0,0.0,0.0
A04212,wholesale_unsecured,2424821.1861360003,overnight,False,True,False,1.0,0.0,0.0
A04213,retail_less_stable,8944019.891175643,8d-30d,False,True,False,1.0,0.9,0.0
A04214,committed_facilities,950177.1877949294,overnight,False,False,True,1.0,0.0,0.0
A04215,retail_stable,2709259.6660103397,31d-90d,False,True,False,1.0,0.95,0.0
A04216,retail_less_stable,3908362.137820026,8d-30d,False,True,False,1.0,0.9,0.0
A04217,loans,2592697.074206758,8d-30d,True,False,False,0.65,0.0,0.85
A04218,retail_less_stable,2551177.3406712576,overnight,False,True,False,1.0,0.9,0.0
A04219,retail_less_stable,2283266.3641717485,91d-1y,False,True,False,1.0,0.9,0.0
A04220,equities,3219524.170888341,91d-1y,True,False,False,0.45,0.0,0.85
A04221,wholesale_unsecured,16392953.895604433,2d-7d,False,True,False,1.0,0.0,0.0
A04222,retail_stable,4523392.282061701,8d-30d,False,True,False,1.0,0.95,0.0
A04223,retail_less_stable,1986800.606230053,91d-1y,False,True,False,1.0,0.9,0.0
A04224,wholesale_unsecured,778182.4295031119,>1y,False,True,False,1.0,0.0,0.0
A04225,loans,1339024.148229228,31d-90d,True,False,False,0.65,0.0,0.85
A04226,committed_facilities,18574511.324818503,91d-1y,False,False,True,1.0,0.0,0.0
A04227,retail_less_stable,3272425.1341253575,overnight,False,True,False,1.0,0.9,0.0
A04228,retail_stable,14588043.57119614,2d-7d,False,True,False,1.0,0.95,0.0
A04229,loans,9396062.293396126,31d-90d,True,False,False,0.65,0.0,0.85
A04230,corporate_non_operational,29039862.173254002,overnight,False,True,False,1.0,0.5,0.0
A04231,corporate_bonds,6904378.46600293,2d-7d,True,False,False,0.2,0.0,0.5
A04232,retail_stable,46456913.4830213,overnight,False,True,False,1.0,0.95,0.0
A04233,corporate_operational,916358.348524169,8d-30d,False,True,False,1.0,0.5,0.0
A04234,loans,42928465.452442504,>1y,True,False,False,0.65,0.0,0.85
A04235,treasury_hqla,664095.2653200186,31d-90d,True,False,False,0.05,0.0,0.05
A04236,loans,25870631.554705292,2d-7d,True,False,False,0.65,0.0,0.85
A04237,loans,573277.2623672513,overnight,True,False,False,0.65,0.0,0.85
A04238,retail_stable,3024374.742727801,2d-7d,False,True,False,1.0,0.95,0.0
A04239,retail_less_stable,1290555.2009859947,overnight,False,True,False,1.0,0.9,0.0
A04240,corporate_operational,4179268.4075464504,91d-1y,False,True,False,1.0,0.5,0.0
A04241,retail_stable,1527434.0527275808,overnight,False,True,False,1.0,0.95,0.0
A04242,committed_facilities,1721796.782740374,>1y,False,False,True,1.0,0.0,0.0
A04243,retail_stable,2509711.4758556928,31d-90d,False,True,False,1.0,0.95,0.0
A04244,committed_facilities,1383728.3683473407,91d-1y,False,False,True,1.0,0.0,0.0
A04245,retail_stable,2461283.733502346,2d-7d,False,True,False,1.0,0.95,0.0
A04246,loans,1732162.4079234442,8d-30d,True,False,False,0.65,0.0,0.85
A04247,treasury_hqla,2005545.8082594103,8d-30d,True,False,False,0.05,0.0,0.05
A04248,loans,2426153.5850006407,31d-90d,True,False,False,0.65,0.0,0.85
A04249,loans,2283573.7606801786,8d-30d,True,False,False,0.65,0.0,0.85
A04250,loans,1205891.5591239373,91d-1y,True,False,False,0.65,0.0,0.85
A04251,treasury_hqla,883109.1162317886,8d-30d,True,False,False,0.05,0.0,0.05
A04252,loans,8666758.216437524,>1y,True,False,False,0.65,0.0,0.85
A04253,corporate_operational,1209071.9629906965,overnight,False,True,False,1.0,0.5,0.0
A04254,equities,6545730.58530396,91d-1y,True,False,False,0.45,0.0,0.85
A04255,retail_less_stable,3706722.9259232874,overnight,False,True,False,1.0,0.9,0.0
A04256,retail_stable,4783551.985308494,91d-1y,False,True,False,1.0,0.95,0.0
A04257,loans,998502.1981268936,31d-90d,True,False,False,0.65,0.0,0.85
A04258,loans,2535091.971861349,>1y,True,False,False,0.65,0.0,0.85
A04259,retail_less_stable,2806334.3808628935,overnight,False,True,False,1.0,0.9,0.0
A04260,wholesale_unsecured,1151710.4661797916,overnight,False,True,False,1.0,0.0,0.0
A04261,loans,5434636.757037291,91d-1y,True,False,False,0.65,0.0,0.85
A04262,loans,11917338.866245504,31d-90d,True,False,False,0.65,0.0,0.85
A04263,retail_stable,3040570.740799001,overnight,False,True,False,1.0,0.95,0.0
A04264,corporate_non_operational,8352760.432699113,91d-1y,False,True,False,1.0,0.5,0.0
A04265,loans,11192299.22587257,>1y,True,False,False,0.65,0.0,0.85
A04266,committed_facilities,1211039.9874475934,31d-90d,False,False,True,1.0,0.0,0.0
A04267,corporate_operational,3677624.0745710935,31d-90d,False,True,False,1.0,0.5,0.0
A04268,committed_facilities,10062714.714165248,91d-1y,False,False,True,1.0,0.0,0.0
A04269,loans,1306365.0557270714,91d-1y,True,False,False,0.65,0.0,0.85
A04270,retail_stable,4245326.687197862,overnight,False,True,False,1.0,0.95,0.0
A04271,equities,8951325.238699893,>1y,True,False,False,0.45,0.0,0.85
A04272,treasury_hqla,10389041.812637743,8d-30d,True,False,False,0.05,0.0,0.05
A04273,committed_facilities,6796672.936482567,31d-90d,False,False,True,1.0,0.0,0.0
A04274,retail_stable,3389426.8261655727,31d-90d,False,True,False,1.0,0.95,0.0
A04275,treasury_hqla,1652760.850112833,8d-30d,True,False,False,0.05,0.0,0.05
A04276,treasury_hqla,5606224.891569949,2d-7d,True,False,False,0.05,0.0,0.05
A04277,loans,2672567.169315639,91d-1y,True,False,False,0.65,0.0,0.85
A04278,retail_stable,3009086.464703815,overnight,False,True,False,1.0,0.95,0.0
A04279,retail_stable,18025187.475323834,2d-7d,False,True,False,1.0,0.95,0.0
A04280,treasury_hqla,6937885.326511577,91d-1y,True,False,False,0.05,0.0,0.05
A04281,corporate_bonds,20341485.68744089,31d-90d,True,False,False,0.2,0.0,0.5
A04282,retail_stable,1691032.5719211125,31d-90d,False,True,False,1.0,0.95,0.0
A04283,loans,3167576.4898975305,8d-30d,True,False,False,0.65,0.0,0.85
A04284,loans,3996377.6942068688,>1y,True,False,False,0.65,0.0,0.85
A04285,treasury_hqla,5734176.420287343,>1y,True,False,False,0.05,0.0,0.05
A04286,corporate_operational,8742723.0205507,>1y,False,True,False,1.0,0.5,0.0
A04287,committed_facilities,1292958.419938134,8d-30d,False,False,True,1.0,0.0,0.0
A04288,corporate_bonds,3138919.6146234954,31d-90d,True,False,False,0.2,0.0,0.5
A04289,treasury_hqla,4942754.462317947,>1y,True,False,False,0.05,0.0,0.05
A04290,loans,1072954.820460454,>1y,True,False,False,0.65,0.0,0.85
A04291,loans,6370438.9179165,8d-30d,True,False,False,0.65,0.0,0.85
A04292,loans,11771005.006727159,>1y,True,False,False,0.65,0.0,0.85
A04293,retail_less_stable,11275259.877666794,2d-7d,False,True,False,1.0,0.9,0.0
A04294,loans,1037808.0663186782,31d-90d,True,False,False,0.65,0.0,0.85
A04295,retail_less_stable,24210014.169638027,overnight,False,True,False,1.0,0.9,0.0
A04296,retail_less_stable,3400963.854413582,2d-7d,False,True,False,1.0,0.9,0.0
A04297,retail_less_stable,5298032.593123958,>1y,False,True,False,1.0,0.9,0.0
A04298,wholesale_unsecured,4037826.099076087,2d-7d,False,True,False,1.0,0.0,0.0
A04299,loans,17246833.55863066,>1y,True,False,False,0.65,0.0,0.85
A04300,corporate_operational,9805905.72680867,31d-90d,False,True,False,1.0,0.5,0.0
A04301,corporate_non_operational,2172945.489958399,overnight,False,True,False,1.0,0.5,0.0
A04302,loans,4557042.956157148,91d-1y,True,False,False,0.65,0.0,0.85
A04303,retail_stable,24360065.56715582,overnight,False,True,False,1.0,0.95,0.0
A04304,wholesale_unsecured,41813457.53338099,overnight,False,True,False,1.0,0.0,0.0
A04305,loans,9261470.382619638,>1y,True,False,False,0.65,0.0,0.85
A04306,wholesale_unsecured,2724543.1782431426,overnight,False,True,False,1.0,0.0,0.0
A04307,committed_facilities,9847805.721162379,8d-30d,False,False,True,1.0,0.0,0.0
A04308,retail_less_stable,6957476.722397326,8d-30d,False,True,False,1.0,0.9,0.0
A04309,treasury_hqla,2390458.1014512097,2d-7d,True,False,False,0.05,0.0,0.05
A04310,corporate_bonds,777874.5001112721,91d-1y,True,False,False,0.2,0.0,0.5
A04311,retail_stable,1496021.9557618585,overnight,False,True,False,1.0,0.95,0.0
A04312,retail_less_stable,1229853.5076137031,91d-1y,False,True,False,1.0,0.9,0.0
A04313,loans,952216.0812687926,31d-90d,True,False,False,0.65,0.0,0.85
A04314,wholesale_unsecured,2985375.1116748434,overnight,False,True,False,1.0,0.0,0.0
A04315,loans,13418430.177228741,2d-7d,True,False,False,0.65,0.0,0.85
A04316,retail_stable,5271946.762198689,overnight,False,True,False,1.0,0.95,0.0
A04317,wholesale_unsecured,8280688.744921303,91d-1y,False,True,False,1.0,0.0,0.0
A04318,corporate_operational,7562529.737346012,overnight,False,True,False,1.0,0.5,0.0
A04319,corporate_non_operational,2461304.0971958386,31d-90d,False,True,False,1.0,0.5,0.0
A04320,loans,1317571.3507288676,31d-90d,True,False,False,0.65,0.0,0.85
A04321,retail_stable,3958491.697180104,2d-7d,False,True,False,1.0,0.95,0.0
A04322,retail_less_stable,202107.1806699512,overnight,False,True,False,1.0,0.9,0.0
A04323,retail_stable,1097788.955655313,2d-7d,False,True,False,1.0,0.95,0.0
A04324,retail_stable,1589337.9579073342,8d-30d,False,True,False,1.0,0.95,0.0
A04325,treasury_hqla,2513072.0688115414,>1y,True,False,False,0.05,0.0,0.05
A04326,committed_facilities,2391271.4855175656,>1y,False,False,True,1.0,0.0,0.0
A04327,corporate_operational,4175445.384436818,8d-30d,False,True,False,1.0,0.5,0.0
A04328,retail_stable,4280293.125004914,31d-90d,False,True,False,1.0,0.95,0.0
A04329,loans,1006179.749313448,31d-90d,True,False,False,0.65,0.0,0.85
A04330,corporate_non_operational,2328321.7923667924,91d-1y,False,True,False,1.0,0.5,0.0
A04331,retail_less_stable,15562617.41498763,overnight,False,True,False,1.0,0.9,0.0
A04332,retail_less_stable,4409537.089011761,overnight,False,True,False,1.0,0.9,0.0
A04333,retail_less_stable,1848505.4022134375,31d-90d,False,True,False,1.0,0.9,0.0
A04334,retail_less_stable,2631309.3028753167,overnight,False,True,False,1.0,0.9,0.0
A04335,retail_less_stable,1954186.2541702646,31d-90d,False,True,False,1.0,0.9,0.0
A04336,corporate_bonds,922536.6415818264,91d-1y,True,False,False,0.2,0.0,0.5
A04337,wholesale_unsecured,1953787.8051027576,>1y,False,True,False,1.0,0.0,0.0
A04338,corporate_non_operational,18587016.51096943,31d-90d,False,True,False,1.0,0.5,0.0
A04339,retail_stable,6268632.726045946,overnight,False,True,False,1.0,0.95,0.0
A04340,wholesale_unsecured,2644073.436005827,8d-30d,False,True,False,1.0,0.0,0.0
A04341,retail_stable,2930661.1482769847,2d-7d,False,True,False,1.0,0.95,0.0
A04342,retail_less_stable,1521502.6430887678,8d-30d,False,True,False,1.0,0.9,0.0
A04343,retail_less_stable,2271663.4522502976,overnight,False,True,False,1.0,0.9,0.0
A04344,loans,750746.9076057826,>1y,True,False,False,0.65,0.0,0.85
A04345,loans,1070602.627395695,>1y,True,False,False,0.65,0.0,0.85
A04346,retail_stable,7744484.573451626,2d-7d,False,True,False,1.0,0.95,0.0
A04347,retail_less_stable,14339943.510620015,31d-90d,False,True,False,1.0,0.9,0.0
A04348,loans,5242718.022122474,2d-7d,True,False,False,0.65,0.0,0.85
A04349,retail_less_stable,2709106.0053763674,overnight,False,True,False,1.0,0.9,0.0
A04350,loans,3452826.6587942503,8d-30d,True,False,False,0.65,0.0,0.85
A04351,corporate_bonds,1822699.3125085328,2d-7d,True,False,False,0.2,0.0,0.5
A04352,retail_stable,2376063.423718243,overnight,False,True,False,1.0,0.95,0.0
A04353,loans,652462.442883778,31d-90d,True,False,False,0.65,0.0,0.85
A04354,corporate_operational,2051311.7693138565,2d-7d,False,True,False,1.0,0.5,0.0
A04355,committed_facilities,11440046.366752148,91d-1y,False,False,True,1.0,0.0,0.0
A04356,retail_stable,1248592.044653089,overnight,False,True,False,1.0,0.95,0.0
A04357,loans,2937180.778029926,8d-30d,True,False,False,0.65,0.0,0.85
A04358,corporate_operational,3726753.3693192797,overnight,False,True,False,1.0,0.5,0.0
A04359,retail_less_stable,3921134.8608940123,2d-7d,False,True,False,1.0,0.9,0.0
A04360,loans,29370591.23209647,31d-90d,True,False,False,0.65,0.0,0.85
A04361,loans,8559812.183459237,91d-1y,True,False,False,0.65,0.0,0.85
A04362,equities,2216874.4668336613,>1y,True,False,False,0.45,0.0,0.85
A04363,committed_facilities,12205046.411854845,91d-1y,False,False,True,1.0,0.0,0.0
A04364,loans,2374655.353268783,31d-90d,True,False,False,0.65,0.0,0.85
A04365,retail_stable,1122854.7879309985,91d-1y,False,True,False,1.0,0.95,0.0
A04366,corporate_bonds,6933454.965548718,>1y,True,False,False,0.2,0.0,0.5
A04367,retail_stable,1574443.8345517265,2d-7d,False,True,False,1.0,0.95,0.0
A04368,retail_less_stable,6077380.981682301,91d-1y,False,True,False,1.0,0.9,0.0
A04369,loans,5258476.686076747,8d-30d,True,False,False,0.65,0.0,0.85
A04370,committed_facilities,4376489.431273139,91d-1y,False,False,True,1.0,0.0,0.0
A04371,corporate_non_operational,11219573.635827972,8d-30d,False,True,False,1.0,0.5,0.0
A04372,loans,2543551.7761918795,91d-1y,True,False,False,0.65,0.0,0.85
A04373,loans,833509.4531559637,8d-30d,True,False,False,0.65,0.0,0.85
A04374,loans,18061061.194769382,31d-90d,True,False,False,0.65,0.0,0.85
A04375,committed_facilities,1326384.9233891908,31d-90d,False,False,True,1.0,0.0,0.0
A04376,loans,3075966.679776839,>1y,True,False,False,0.65,0.0,0.85
A04377,committed_facilities,796221.9915473668,8d-30d,False,False,True,1.0,0.0,0.0
A04378,retail_less_stable,1151924.2885164437,8d-30d,False,True,False,1.0,0.9,0.0
A04379,loans,599428.7536345706,>1y,True,False,False,0.65,0.0,0.85
A04380,committed_facilities,443516.0992392869,91d-1y,False,False,True,1.0,0.0,0.0
A04381,corporate_operational,10397601.181718357,overnight,False,True,False,1.0,0.5,0.0
A04382,retail_less_stable,5420626.648071376,overnight,False,True,False,1.0,0.9,0.0
A04383,corporate_non_operational,3763551.9003328565,>1y,False,True,False,1.0,0.5,0.0
A04384,loans,4582761.394336954,91d-1y,True,False,False,0.65,0.0,0.85
A04385,loans,193712.071060982,91d-1y,True,False,False,0.65,0.0,0.85
A04386,corporate_bonds,2433193.577753304,91d-1y,True,False,False,0.2,0.0,0.5
A04387,loans,1916082.5405060705,overnight,True,False,False,0.65,0.0,0.85
A04388,retail_less_stable,3595437.3965231185,overnight,False,True,False,1.0,0.9,0.0
A04389,retail_less_stable,4218653.26863212,2d-7d,False,True,False,1.0,0.9,0.0
A04390,retail_less_stable,4380624.582223651,overnight,False,True,False,1.0,0.9,0.0
A04391,retail_stable,438567.70421645074,overnight,False,True,False,1.0,0.95,0.0
A04392,equities,1369180.9250903009,>1y,True,False,False,0.45,0.0,0.85
A04393,retail_less_stable,12954351.703013664,91d-1y,False,True,False,1.0,0.9,0.0
A04394,corporate_bonds,2549476.9608486216,8d-30d,True,False,False,0.2,0.0,0.5
A04395,corporate_operational,3668779.4508589967,91d-1y,False,True,False,1.0,0.5,0.0
A04396,wholesale_unsecured,9792382.363649124,overnight,False,True,False,1.0,0.0,0.0
A04397,treasury_hqla,2123519.038186549,91d-1y,True,False,False,0.05,0.0,0.05
A04398,corporate_non_operational,1340614.4491109962,91d-1y,False,True,False,1.0,0.5,0.0
A04399,corporate_non_operational,6317354.9830241855,overnight,False,True,False,1.0,0.5,0.0
A04400,loans,4787554.926003093,91d-1y,True,False,False,0.65,0.0,0.85
A04401,retail_stable,601531.6987819773,31d-90d,False,True,False,1.0,0.95,0.0
A04402,retail_stable,3446318.894047995,2d-7d,False,True,False,1.0,0.95,0.0
A04403,retail_stable,3235718.0881118053,overnight,False,True,False,1.0,0.95,0.0
A04404,retail_stable,2162209.09886392,2d-7d,False,True,False,1.0,0.95,0.0
A04405,retail_stable,15385303.46047951,31d-90d,False,True,False,1.0,0.95,0.0
A04406,retail_less_stable,3237043.4474962326,overnight,False,True,False,1.0,0.9,0.0
A04407,retail_stable,289424.1520432222,31d-90d,False,True,False,1.0,0.95,0.0
A04408,treasury_hqla,8278928.394869027,91d-1y,True,False,False,0.05,0.0,0.05
A04409,corporate_bonds,2177240.570944784,>1y,True,False,False,0.2,0.0,0.5
A04410,corporate_operational,5461203.556814225,overnight,False,True,False,1.0,0.5,0.0
A04411,treasury_hqla,15643840.886650933,>1y,True,False,False,0.05,0.0,0.05
A04412,retail_less_stable,2485956.9864456085,91d-1y,False,True,False,1.0,0.9,0.0
A04413,corporate_non_operational,1560114.2065405757,>1y,False,True,False,1.0,0.5,0.0
A04414,retail_stable,1706877.4499229107,overnight,False,True,False,1.0,0.95,0.0
A04415,wholesale_unsecured,882037.6512714238,overnight,False,True,False,1.0,0.0,0.0
A04416,loans,3622766.743261613,91d-1y,True,False,False,0.65,0.0,0.85
A04417,retail_stable,14253779.009993155,91d-1y,False,True,False,1.0,0.95,0.0
A04418,committed_facilities,3125432.070269657,91d-1y,False,False,True,1.0,0.0,0.0
A04419,retail_less_stable,419618.78547957726,8d-30d,False,True,False,1.0,0.9,0.0
A04420,corporate_operational,768976.0540250731,8d-30d,False,True,False,1.0,0.5,0.0
A04421,loans,4345828.633069283,overnight,True,False,False,0.65,0.0,0.85
A04422,retail_less_stable,35870324.79990262,overnight,False,True,False,1.0,0.9,0.0
A04423,corporate_bonds,4268689.48004505,31d-90d,True,False,False,0.2,0.0,0.5
A04424,wholesale_unsecured,2940194.585830122,2d-7d,False,True,False,1.0,0.0,0.0
A04425,loans,7535489.576562377,8d-30d,True,False,False,0.65,0.0,0.85
A04426,committed_facilities,10945775.73202205,91d-1y,False,False,True,1.0,0.0,0.0
A04427,retail_less_stable,8637318.12155903,overnight,False,True,False,1.0,0.9,0.0
A04428,treasury_hqla,8119781.191472978,91d-1y,True,False,False,0.05,0.0,0.05
A04429,retail_less_stable,2149945.304863447,2d-7d,False,True,False,1.0,0.9,0.0
A04430,retail_stable,6586683.941563145,91d-1y,False,True,False,1.0,0.95,0.0
A04431,treasury_hqla,1900029.7955686958,91d-1y,True,False,False,0.05,0.0,0.05
A04432,retail_less_stable,387782.35590841237,overnight,False,True,False,1.0,0.9,0.0
A04433,corporate_bonds,691408.2403800059,2d-7d,True,False,False,0.2,0.0,0.5
A04434,treasury_hqla,10137698.814998409,8d-30d,True,False,False,0.05,0.0,0.05
A04435,loans,2359808.3371192147,>1y,True,False,False,0.65,0.0,0.85
A04436,treasury_hqla,881064.8686861014,>1y,True,False,False,0.05,0.0,0.05
A04437,corporate_bonds,1860418.0558508586,>1y,True,False,False,0.2,0.0,0.5
A04438,treasury_hqla,565351.0872828432,>1y,True,False,False,0.05,0.0,0.05
A04439,loans,37557272.287982814,>1y,True,False,False,0.65,0.0,0.85
A04440,retail_stable,2078729.3399816453,2d-7d,False,True,False,1.0,0.95,0.0
A04441,wholesale_unsecured,2439857.1569735967,overnight,False,True,False,1.0,0.0,0.0
A04442,loans,901443.9379550999,overnight,True,False,False,0.65,0.0,0.85
A04443,retail_stable,23464191.178689953,overnight,False,True,False,1.0,0.95,0.0
A04444,corporate_operational,4264954.8208624255,8d-30d,False,True,False,1.0,0.5,0.0
A04445,loans,7885062.495810938,31d-90d,True,False,False,0.65,0.0,0.85
A04446,loans,10044315.467738885,31d-90d,True,False,False,0.65,0.0,0.85
A04447,loans,636508.1128961246,2d-7d,True,False,False,0.65,0.0,0.85
A04448,retail_stable,430242.26776148845,2d-7d,False,True,False,1.0,0.95,0.0
A04449,retail_stable,7497106.433154386,>1y,False,True,False,1.0,0.95,0.0
A04450,loans,2144156.576445278,31d-90d,True,False,False,0.65,0.0,0.85
A04451,retail_stable,1297094.5713248935,>1y,False,True,False,1.0,0.95,0.0
A04452,retail_less_stable,707726.6611647711,2d-7d,False,True,False,1.0,0.9,0.0
A04453,retail_less_stable,246935.2496908928,overnight,False,True,False,1.0,0.9,0.0
A04454,corporate_bonds,562411.9026304054,>1y,True,False,False,0.2,0.0,0.5
A04455,corporate_non_operational,2283277.6070869523,2d-7d,False,True,False,1.0,0.5,0.0
A04456,wholesale_unsecured,14264906.9273574,>1y,False,True,False,1.0,0.0,0.0
A04457,retail_stable,1892710.2726514137,31d-90d,False,True,False,1.0,0.95,0.0
A04458,retail_less_stable,5781800.453923894,overnight,False,True,False,1.0,0.9,0.0
A04459,corporate_bonds,5629028.672536406,91d-1y,True,False,False,0.2,0.0,0.5
A04460,equities,8741730.583668347,overnight,True,False,False,0.45,0.0,0.85
A04461,retail_stable,391651.6456597056,2d-7d,False,True,False,1.0,0.95,0.0
A04462,retail_less_stable,4105449.990213891,91d-1y,False,True,False,1.0,0.9,0.0
A04463,loans,2004975.0426650431,8d-30d,True,False,False,0.65,0.0,0.85
A04464,corporate_operational,3342363.373813371,overnight,False,True,False,1.0,0.5,0.0
A04465,retail_stable,1387882.0208218738,8d-30d,False,True,False,1.0,0.95,0.0
A04466,retail_stable,4537733.200670936,91d-1y,False,True,False,1.0,0.95,0.0
A04467,loans,2601581.622407835,overnight,True,False,False,0.65,0.0,0.85
A04468,committed_facilities,6113718.537616153,91d-1y,False,False,True,1.0,0.0,0.0
A04469,treasury_hqla,1556902.3325283187,31d-90d,True,False,False,0.05,0.0,0.05
A04470,retail_less_stable,3991117.5596396024,overnight,False,True,False,1.0,0.9,0.0
A04471,wholesale_unsecured,4394850.356218367,91d-1y,False,True,False,1.0,0.0,0.0
A04472,retail_stable,7101393.205021858,31d-90d,False,True,False,1.0,0.95,0.0
A04473,retail_stable,3568190.1585885095,overnight,False,True,False,1.0,0.95,0.0
A04474,corporate_operational,1604285.1393190152,31d-90d,False,True,False,1.0,0.5,0.0
A04475,loans,10496013.692387668,>1y,True,False,False,0.65,0.0,0.85
A04476,corporate_operational,4139795.4810357927,31d-90d,False,True,False,1.0,0.5,0.0
A04477,retail_less_stable,2961363.012598929,overnight,False,True,False,1.0,0.9,0.0
A04478,loans,6552885.833251909,>1y,True,False,False,0.65,0.0,0.85
A04479,retail_stable,2315915.2553269784,31d-90d,False,True,False,1.0,0.95,0.0
A04480,retail_stable,4045622.195263852,8d-30d,False,True,False,1.0,0.95,0.0
A04481,corporate_operational,2450311.9382203254,overnight,False,True,False,1.0,0.5,0.0
A04482,treasury_hqla,2908129.122014815,2d-7d,True,False,False,0.05,0.0,0.05
A04483,retail_less_stable,2734614.1492237854,91d-1y,False,True,False,1.0,0.9,0.0
A04484,wholesale_unsecured,4351968.446413158,8d-30d,False,True,False,1.0,0.0,0.0
A04485,corporate_operational,16221479.2095785,91d-1y,False,True,False,1.0,0.5,0.0
A04486,retail_stable,2961006.164585987,8d-30d,False,True,False,1.0,0.95,0.0
A04487,retail_stable,2150022.2824064605,overnight,False,True,False,1.0,0.95,0.0
A04488,retail_less_stable,4364587.474502599,91d-1y,False,True,False,1.0,0.9,0.0
A04489,treasury_hqla,7535202.103313444,overnight,True,False,False,0.05,0.0,0.05
A04490,wholesale_unsecured,2462356.476489291,overnight,False,True,False,1.0,0.0,0.0
A04491,treasury_hqla,10742956.421013936,8d-30d,True,False,False,0.05,0.0,0.05
A04492,retail_stable,3312729.9484121846,8d-30d,False,True,False,1.0,0.95,0.0
A04493,wholesale_unsecured,1831093.9770355497,8d-30d,False,True,False,1.0,0.0,0.0
A04494,loans,107203.37167848206,8d-30d,True,False,False,0.65,0.0,0.85
A04495,retail_stable,9042624.009489618,overnight,False,True,False,1.0,0.95,0.0
A04496,loans,14876497.756061563,>1y,True,False,False,0.65,0.0,0.85
A04497,treasury_hqla,2471472.8114328543,overnight,True,False,False,0.05,0.0,0.05
A04498,corporate_non_operational,2779990.018064892,8d-30d,False,True,False,1.0,0.5,0.0
A04499,retail_less_stable,2621958.69915157,31d-90d,False,True,False,1.0,0.9,0.0
A04500,retail_stable,1023140.5174928025,overnight,False,True,False,1.0,0.95,0.0
A04501,corporate_operational,1220578.0718325481,8d-30d,False,True,False,1.0,0.5,0.0
A04502,retail_stable,8459769.838971607,8d-30d,False,True,False,1.0,0.95,0.0
A04503,corporate_non_operational,8204456.086655781,31d-90d,False,True,False,1.0,0.5,0.0
A04504,loans,17121857.590698555,2d-7d,True,False,False,0.65,0.0,0.85
A04505,retail_stable,2011386.7842486987,91d-1y,False,True,False,1.0,0.95,0.0
A04506,retail_less_stable,5521662.844358383,31d-90d,False,True,False,1.0,0.9,0.0
A04507,equities,683422.9981069239,91d-1y,True,False,False,0.45,0.0,0.85
A04508,loans,3121969.0109868497,91d-1y,True,False,False,0.65,0.0,0.85
A04509,treasury_hqla,3173770.838966379,>1y,True,False,False,0.05,0.0,0.05
A04510,corporate_non_operational,1415777.917298728,overnight,False,True,False,1.0,0.5,0.0
A04511,retail_stable,2205816.38103232,2d-7d,False,True,False,1.0,0.95,0.0
A04512,wholesale_unsecured,1105641.0399601418,overnight,False,True,False,1.0,0.0,0.0
A04513,retail_stable,1795212.4734360036,overnight,False,True,False,1.0,0.95,0.0
A04514,retail_less_stable,1174385.7983853333,overnight,False,True,False,1.0,0.9,0.0
A04515,retail_less_stable,488987.9015636316,overnight,False,True,False,1.0,0.9,0.0
A04516,corporate_operational,12886429.05788673,8d-30d,False,True,False,1.0,0.5,0.0
A04517,loans,17852864.72173464,91d-1y,True,False,False,0.65,0.0,0.85
A04518,corporate_operational,1398912.1705735493,8d-30d,False,True,False,1.0,0.5,0.0
A04519,committed_facilities,1992825.7985634427,>1y,False,False,True,1.0,0.0,0.0
A04520,loans,9462859.015634596,31d-90d,True,False,False,0.65,0.0,0.85
A04521,retail_stable,797151.6937820463,overnight,False,True,False,1.0,0.95,0.0
A04522,retail_less_stable,2979356.1897401707,31d-90d,False,True,False,1.0,0.9,0.0
A04523,retail_less_stable,1772730.3292298275,8d-30d,False,True,False,1.0,0.9,0.0
A04524,retail_stable,2021234.917173318,2d-7d,False,True,False,1.0,0.95,0.0
A04525,corporate_operational,8963116.521537347,overnight,False,True,False,1.0,0.5,0.0
A04526,loans,2947136.146685342,overnight,True,False,False,0.65,0.0,0.85
A04527,retail_less_stable,13205495.096887441,overnight,False,True,False,1.0,0.9,0.0
A04528,retail_less_stable,2253454.822981664,91d-1y,False,True,False,1.0,0.9,0.0
A04529,retail_less_stable,4546921.2549650185,overnight,False,True,False,1.0,0.9,0.0
A04530,loans,3842614.2719049263,overnight,True,False,False,0.65,0.0,0.85
A04531,loans,1550128.901340811,2d-7d,True,False,False,0.65,0.0,0.85
A04532,corporate_operational,2764033.047916382,31d-90d,False,True,False,1.0,0.5,0.0
A04533,wholesale_unsecured,35044998.940976456,2d-7d,False,True,False,1.0,0.0,0.0
A04534,retail_stable,4045984.6740486124,91d-1y,False,True,False,1.0,0.95,0.0
A04535,retail_stable,20176022.907947097,>1y,False,True,False,1.0,0.95,0.0
A04536,committed_facilities,2749323.6100541325,8d-30d,False,False,True,1.0,0.0,0.0
A04537,treasury_hqla,1007507.990102914,31d-90d,True,False,False,0.05,0.0,0.05
A04538,corporate_bonds,2511892.4248629026,31d-90d,True,False,False,0.2,0.0,0.5
A04539,equities,4096763.4783661123,overnight,True,False,False,0.45,0.0,0.85
A04540,corporate_non_operational,877702.0957392983,overnight,False,True,False,1.0,0.5,0.0
A04541,retail_stable,7091436.622319028,overnight,False,True,False,1.0,0.95,0.0
A04542,retail_stable,7120953.589257188,8d-30d,False,True,False,1.0,0.95,0.0
A04543,retail_stable,2535594.382558294,overnight,False,True,False,1.0,0.95,0.0
A04544,retail_stable,3202831.1873853784,91d-1y,False,True,False,1.0,0.95,0.0
A04545,corporate_bonds,1706252.3126483257,2d-7d,True,False,False,0.2,0.0,0.5
A04546,treasury_hqla,4806055.7429411225,8d-30d,True,False,False,0.05,0.0,0.05
A04547,corporate_operational,6366741.943892794,91d-1y,False,True,False,1.0,0.5,0.0
A04548,treasury_hqla,1792119.9067368228,31d-90d,True,False,False,0.05,0.0,0.05
A04549,retail_stable,3087078.561049609,8d-30d,False,True,False,1.0,0.95,0.0
A04550,committed_facilities,3191492.575769779,91d-1y,False,False,True,1.0,0.0,0.0
A04551,loans,1093791.6612651069,31d-90d,True,False,False,0.65,0.0,0.85
A04552,committed_facilities,1871277.6601333506,8d-30d,False,False,True,1.0,0.0,0.0
A04553,corporate_operational,1163700.6334954295,91d-1y,False,True,False,1.0,0.5,0.0
A04554,treasury_hqla,14497065.391706366,31d-90d,True,False,False,0.05,0.0,0.05
A04555,loans,26439057.24179539,91d-1y,True,False,False,0.65,0.0,0.85
A04556,corporate_operational,3398543.843639882,overnight,False,True,False,1.0,0.5,0.0
A04557,committed_facilities,3617967.725496004,8d-30d,False,False,True,1.0,0.0,0.0
A04558,retail_less_stable,2183974.387372273,31d-90d,False,True,False,1.0,0.9,0.0
A04559,corporate_non_operational,3724904.463783265,2d-7d,False,True,False,1.0,0.5,0.0
A04560,loans,4901278.051354501,31d-90d,True,False,False,0.65,0.0,0.85
A04561,retail_less_stable,7804280.407312917,31d-90d,False,True,False,1.0,0.9,0.0
A04562,treasury_hqla,5798811.617048263,8d-30d,True,False,False,0.05,0.0,0.05
A04563,retail_stable,12113840.3330693,8d-30d,False,True,False,1.0,0.95,0.0
A04564,treasury_hqla,1434052.8778376994,2d-7d,True,False,False,0.05,0.0,0.05
A04565,retail_stable,1178241.762923976,>1y,False,True,False,1.0,0.95,0.0
A04566,wholesale_unsecured,856687.6996261328,>1y,False,True,False,1.0,0.0,0.0
A04567,corporate_operational,5303495.331691713,overnight,False,True,False,1.0,0.5,0.0
A04568,loans,449297.56903335504,8d-30d,True,False,False,0.65,0.0,0.85
A04569,corporate_operational,11588204.064240515,2d-7d,False,True,False,1.0,0.5,0.0
A04570,corporate_operational,8127546.684888449,2d-7d,False,True,False,1.0,0.5,0.0
A04571,treasury_hqla,11460704.00209495,91d-1y,True,False,False,0.05,0.0,0.05
A04572,committed_facilities,1664246.087734712,91d-1y,False,False,True,1.0,0.0,0.0
A04573,corporate_operational,1679055.3578676586,2d-7d,False,True,False,1.0,0.5,0.0
A04574,treasury_hqla,1372053.3010871313,>1y,True,False,False,0.05,0.0,0.05
A04575,retail_less_stable,1015509.6444904236,2d-7d,False,True,False,1.0,0.9,0.0
A04576,loans,6545611.411212262,>1y,True,False,False,0.65,0.0,0.85
A04577,loans,3617655.286253595,31d-90d,True,False,False,0.65,0.0,0.85
A04578,loans,3397183.9041489596,8d-30d,True,False,False,0.65,0.0,0.85
A04579,retail_less_stable,5977230.228966743,8d-30d,False,True,False,1.0,0.9,0.0
A04580,committed_facilities,1755558.2267148704,31d-90d,False,False,True,1.0,0.0,0.0
A04581,corporate_operational,15204374.69499278,2d-7d,False,True,False,1.0,0.5,0.0
A04582,treasury_hqla,1408067.9465422677,>1y,True,False,False,0.05,0.0,0.05
A04583,treasury_hqla,802605.824791534,91d-1y,True,False,False,0.05,0.0,0.05
A04584,equities,3180884.7958156634,>1y,True,False,False,0.45,0.0,0.85
A04585,corporate_bonds,2528205.3414315865,91d-1y,True,False,False,0.2,0.0,0.5
A04586,equities,10306376.602608422,31d-90d,True,False,False,0.45,0.0,0.85
A04587,corporate_non_operational,1757684.4764758416,overnight,False,True,False,1.0,0.5,0.0
A04588,retail_stable,14190055.260666898,2d-7d,False,True,False,1.0,0.95,0.0
A04589,corporate_operational,3524164.428612786,8d-30d,False,True,False,1.0,0.5,0.0
A04590,loans,1277771.0202067674,91d-1y,True,False,False,0.65,0.0,0.85
A04591,retail_stable,6310178.355059439,overnight,False,True,False,1.0,0.95,0.0
A04592,retail_less_stable,1674968.6324512777,8d-30d,False,True,False,1.0,0.9,0.0
A04593,committed_facilities,2710576.8227829784,91d-1y,False,False,True,1.0,0.0,0.0
A04594,corporate_non_operational,7283795.612149163,8d-30d,False,True,False,1.0,0.5,0.0
A04595,loans,3780977.805161195,8d-30d,True,False,False,0.65,0.0,0.85
A04596,loans,6629378.3970151795,91d-1y,True,False,False,0.65,0.0,0.85
A04597,loans,17078410.863694414,31d-90d,True,False,False,0.65,0.0,0.85
A04598,retail_less_stable,11983231.904605273,31d-90d,False,True,False,1.0,0.9,0.0
A04599,retail_less_stable,1448088.633431345,31d-90d,False,True,False,1.0,0.9,0.0
A04600,committed_facilities,291275.9344175469,31d-90d,False,False,True,1.0,0.0,0.0
A04601,loans,9951389.501592549,31d-90d,True,False,False,0.65,0.0,0.85
A04602,corporate_bonds,833138.9642327358,91d-1y,True,False,False,0.2,0.0,0.5
A04603,corporate_non_operational,1472902.8323744712,overnight,False,True,False,1.0,0.5,0.0
A04604,equities,17105097.56532796,31d-90d,True,False,False,0.45,0.0,0.85
A04605,retail_less_stable,11053807.746119572,>1y,False,True,False,1.0,0.9,0.0
A04606,loans,1638051.4846368409,>1y,True,False,False,0.65,0.0,0.85
A04607,retail_stable,5443307.008613828,91d-1y,False,True,False,1.0,0.95,0.0
A04608,retail_less_stable,6630688.648003742,8d-30d,False,True,False,1.0,0.9,0.0
A04609,retail_less_stable,3652987.29278997,8d-30d,False,True,False,1.0,0.9,0.0
A04610,corporate_operational,1087104.86859301,overnight,False,True,False,1.0,0.5,0.0
A04611,retail_stable,10465983.63990559,overnight,False,True,False,1.0,0.95,0.0
A04612,treasury_hqla,946273.0581044666,8d-30d,True,False,False,0.05,0.0,0.05
A04613,retail_less_stable,1382220.9835959089,2d-7d,False,True,False,1.0,0.9,0.0
A04614,wholesale_unsecured,17962283.75511563,8d-30d,False,True,False,1.0,0.0,0.0
A04615,equities,10370693.566063294,overnight,True,False,False,0.45,0.0,0.85
A04616,retail_stable,2620606.9010218494,overnight,False,True,False,1.0,0.95,0.0
A04617,treasury_hqla,15147100.490499752,>1y,True,False,False,0.05,0.0,0.05
A04618,corporate_bonds,7071230.354211619,91d-1y,True,False,False,0.2,0.0,0.5
A04619,corporate_non_operational,13139503.544517301,8d-30d,False,True,False,1.0,0.5,0.0
A04620,loans,1770602.354898581,31d-90d,True,False,False,0.65,0.0,0.85
A04621,retail_less_stable,6836125.21012097,overnight,False,True,False,1.0,0.9,0.0
A04622,treasury_hqla,952913.2848352343,91d-1y,True,False,False,0.05,0.0,0.05
A04623,corporate_operational,1636896.6163126682,2d-7d,False,True,False,1.0,0.5,0.0
A04624,retail_less_stable,29710960.53082513,8d-30d,False,True,False,1.0,0.9,0.0
A04625,treasury_hqla,14507977.194241194,91d-1y,True,False,False,0.05,0.0,0.05
A04626,wholesale_unsecured,1594621.60638861,31d-90d,False,True,False,1.0,0.0,0.0
A04627,retail_stable,1118844.3085342797,overnight,False,True,False,1.0,0.95,0.0
A04628,retail_less_stable,2408346.6347331023,91d-1y,False,True,False,1.0,0.9,0.0
A04629,loans,2554198.635359116,>1y,True,False,False,0.65,0.0,0.85
A04630,corporate_bonds,478676.6592897253,>1y,True,False,False,0.2,0.0,0.5
A04631,treasury_hqla,1809947.7209179245,31d-90d,True,False,False,0.05,0.0,0.05
A04632,committed_facilities,16733218.976637416,31d-90d,False,False,True,1.0,0.0,0.0
A04633,loans,13320245.957145093,>1y,True,False,False,0.65,0.0,0.85
A04634,wholesale_unsecured,279045.9899282133,overnight,False,True,False,1.0,0.0,0.0
A04635,retail_less_stable,1762997.1282725204,2d-7d,False,True,False,1.0,0.9,0.0
A04636,treasury_hqla,1237708.8914476135,2d-7d,True,False,False,0.05,0.0,0.05
A04637,loans,1864749.8422783604,31d-90d,True,False,False,0.65,0.0,0.85
A04638,retail_stable,977683.208342934,>1y,False,True,False,1.0,0.95,0.0
A04639,corporate_non_operational,2899639.7021521255,2d-7d,False,True,False,1.0,0.5,0.0
A04640,retail_less_stable,9661802.81439727,31d-90d,False,True,False,1.0,0.9,0.0
A04641,wholesale_unsecured,3799741.677821972,>1y,False,True,False,1.0,0.0,0.0
A04642,loans,6049696.472718915,31d-90d,True,False,False,0.65,0.0,0.85
A04643,corporate_non_operational,2804893.432645237,overnight,False,True,False,1.0,0.5,0.0
A04644,committed_facilities,5992259.336286699,31d-90d,False,False,True,1.0,0.0,0.0
A04645,corporate_operational,1114830.9651945317,31d-90d,False,True,False,1.0,0.5,0.0
A04646,corporate_operational,7177809.186291621,31d-90d,False,True,False,1.0,0.5,0.0
A04647,loans,1285776.532324745,>1y,True,False,False,0.65,0.0,0.85
A04648,retail_stable,3892011.6275052987,overnight,False,True,False,1.0,0.95,0.0
A04649,treasury_hqla,544738.5906331694,2d-7d,True,False,False,0.05,0.0,0.05
A04650,retail_less_stable,875561.7692083957,overnight,False,True,False,1.0,0.9,0.0
A04651,corporate_non_operational,10227355.803713785,31d-90d,False,True,False,1.0,0.5,0.0
A04652,retail_less_stable,7509149.93350644,overnight,False,True,False,1.0,0.9,0.0
A04653,loans,5464629.568362219,>1y,True,False,False,0.65,0.0,0.85
A04654,retail_stable,7927694.486791905,8d-30d,False,True,False,1.0,0.95,0.0
A04655,corporate_non_operational,1011699.8149891198,overnight,False,True,False,1.0,0.5,0.0
A04656,committed_facilities,4184624.00586488,>1y,False,False,True,1.0,0.0,0.0
A04657,retail_stable,1522336.7322812486,91d-1y,False,True,False,1.0,0.95,0.0
A04658,treasury_hqla,2366751.8105748245,8d-30d,True,False,False,0.05,0.0,0.05
A04659,retail_stable,4625795.241854601,>1y,False,True,False,1.0,0.95,0.0
A04660,loans,3289579.483023027,91d-1y,True,False,False,0.65,0.0,0.85
A04661,treasury_hqla,1946393.4785939553,91d-1y,True,False,False,0.05,0.0,0.05
A04662,loans,4886821.323617602,8d-30d,True,False,False,0.65,0.0,0.85
A04663,retail_less_stable,805749.628342866,overnight,False,True,False,1.0,0.9,0.0
A04664,corporate_operational,3683283.0065141795,2d-7d,False,True,False,1.0,0.5,0.0
A04665,corporate_bonds,890129.3352904827,91d-1y,True,False,False,0.2,0.0,0.5
A04666,retail_less_stable,6279604.923515454,overnight,False,True,False,1.0,0.9,0.0
A04667,corporate_operational,12860283.691762958,31d-90d,False,True,False,1.0,0.5,0.0
A04668,corporate_bonds,6427614.928263669,>1y,True,False,False,0.2,0.0,0.5
A04669,corporate_bonds,4327638.736790334,>1y,True,False,False,0.2,0.0,0.5
A04670,treasury_hqla,602044.6588358218,>1y,True,False,False,0.05,0.0,0.05
A04671,retail_less_stable,533318.9955973205,31d-90d,False,True,False,1.0,0.9,0.0
A04672,retail_less_stable,882405.0598709581,31d-90d,False,True,False,1.0,0.9,0.0
A04673,corporate_bonds,1273018.4587867362,91d-1y,True,False,False,0.2,0.0,0.5
A04674,treasury_hqla,466775.400581812,8d-30d,True,False,False,0.05,0.0,0.05
A04675,corporate_bonds,1859637.9894106265,2d-7d,True,False,False,0.2,0.0,0.5
A04676,retail_stable,3665983.137491154,>1y,False,True,False,1.0,0.95,0.0
A04677,retail_less_stable,2816916.481938556,2d-7d,False,True,False,1.0,0.9,0.0
A04678,retail_less_stable,837725.5204176316,overnight,False,True,False,1.0,0.9,0.0
A04679,retail_stable,1946461.800151655,>1y,False,True,False,1.0,0.95,0.0
A04680,loans,6568948.971516719,>1y,True,False,False,0.65,0.0,0.85
A04681,corporate_non_operational,2227505.8879833957,31d-90d,False,True,False,1.0,0.5,0.0
A04682,corporate_operational,4489517.414168536,8d-30d,False,True,False,1.0,0.5,0.0
A04683,loans,2926264.331076896,91d-1y,True,False,False,0.65,0.0,0.85
A04684,corporate_bonds,2035253.3642047793,8d-30d,True,False,False,0.2,0.0,0.5
A04685,corporate_operational,2161316.373913365,8d-30d,False,True,False,1.0,0.5,0.0
A04686,loans,6184955.522371846,8d-30d,True,False,False,0.65,0.0,0.85
A04687,committed_facilities,1224609.1231735682,>1y,False,False,True,1.0,0.0,0.0
A04688,loans,13455118.520953784,91d-1y,True,False,False,0.65,0.0,0.85
A04689,retail_stable,3435252.372742138,31d-90d,False,True,False,1.0,0.95,0.0
A04690,retail_stable,25633860.557893544,31d-90d,False,True,False,1.0,0.95,0.0
A04691,loans,3480935.3857088853,91d-1y,True,False,False,0.65,0.0,0.85
A04692,corporate_non_operational,4857521.583556561,overnight,False,True,False,1.0,0.5,0.0
A04693,retail_less_stable,817591.6714940865,8d-30d,False,True,False,1.0,0.9,0.0
A04694,retail_stable,891715.0846446153,overnight,False,True,False,1.0,0.95,0.0
A04695,loans,1280059.3279132338,>1y,True,False,False,0.65,0.0,0.85
A04696,retail_stable,2714219.8985018097,8d-30d,False,True,False,1.0,0.95,0.0
A04697,loans,6761470.864554467,8d-30d,True,False,False,0.65,0.0,0.85
A04698,retail_less_stable,1050596.0340166597,8d-30d,False,True,False,1.0,0.9,0.0
A04699,corporate_operational,17338706.995035376,overnight,False,True,False,1.0,0.5,0.0
A04700,corporate_non_operational,1328299.5441902129,overnight,False,True,False,1.0,0.5,0.0
A04701,loans,2543442.322239018,>1y,True,False,False,0.65,0.0,0.85
A04702,corporate_non_operational,1254159.9222003096,overnight,False,True,False,1.0,0.5,0.0
A04703,retail_less_stable,5874527.847749814,91d-1y,False,True,False,1.0,0.9,0.0
A04704,wholesale_unsecured,3819312.3091526777,2d-7d,False,True,False,1.0,0.0,0.0
A04705,retail_stable,2510065.8528950415,8d-30d,False,True,False,1.0,0.95,0.0
A04706,retail_less_stable,1121456.2215388108,91d-1y,False,True,False,1.0,0.9,0.0
A04707,wholesale_unsecured,8449688.956096046,8d-30d,False,True,False,1.0,0.0,0.0
A04708,corporate_operational,1700904.2844832598,31d-90d,False,True,False,1.0,0.5,0.0
A04709,retail_stable,7961430.4042291045,overnight,False,True,False,1.0,0.95,0.0
A04710,corporate_operational,2766297.794885323,overnight,False,True,False,1.0,0.5,0.0
A04711,retail_stable,1422521.1989277692,8d-30d,False,True,False,1.0,0.95,0.0
A04712,treasury_hqla,2425255.764703095,91d-1y,True,False,False,0.05,0.0,0.05
A04713,retail_stable,1110368.4612284347,31d-90d,False,True,False,1.0,0.95,0.0
A04714,corporate_non_operational,5859705.049656938,overnight,False,True,False,1.0,0.5,0.0
A04715,retail_less_stable,2838021.609269792,overnight,False,True,False,1.0,0.9,0.0
A04716,retail_less_stable,5909120.8640383165,91d-1y,False,True,False,1.0,0.9,0.0
A04717,treasury_hqla,10726685.537356608,>1y,True,False,False,0.05,0.0,0.05
A04718,loans,1751811.0806527184,>1y,True,False,False,0.65,0.0,0.85
A04719,retail_stable,741511.0614648716,2d-7d,False,True,False,1.0,0.95,0.0
A04720,retail_stable,2395543.7643053215,2d-7d,False,True,False,1.0,0.95,0.0
A04721,loans,9082548.754543602,31d-90d,True,False,False,0.65,0.0,0.85
A04722,loans,3475000.9331419887,>1y,True,False,False,0.65,0.0,0.85
A04723,loans,11934570.282072993,8d-30d,True,False,False,0.65,0.0,0.85
A04724,corporate_operational,1008864.9310311854,8d-30d,False,True,False,1.0,0.5,0.0
A04725,corporate_operational,3903613.5090911686,8d-30d,False,True,False,1.0,0.5,0.0
A04726,treasury_hqla,10924208.983636554,31d-90d,True,False,False,0.05,0.0,0.05
A04727,retail_stable,2738170.7577301776,31d-90d,False,True,False,1.0,0.95,0.0
A04728,treasury_hqla,6460334.287979161,>1y,True,False,False,0.05,0.0,0.05
A04729,retail_less_stable,2437644.177682823,91d-1y,False,True,False,1.0,0.9,0.0
A04730,retail_stable,5415995.733739238,overnight,False,True,False,1.0,0.95,0.0
A04731,committed_facilities,4107112.7614527154,91d-1y,False,False,True,1.0,0.0,0.0
A04732,retail_stable,7477192.724909722,overnight,False,True,False,1.0,0.95,0.0
A04733,retail_stable,6462178.721151449,8d-30d,False,True,False,1.0,0.95,0.0
A04734,loans,7148525.373717919,91d-1y,True,False,False,0.65,0.0,0.85
A04735,retail_stable,18331517.29580214,2d-7d,False,True,False,1.0,0.95,0.0
A04736,treasury_hqla,1853048.2978964827,>1y,True,False,False,0.05,0.0,0.05
A04737,loans,6091779.159257087,91d-1y,True,False,False,0.65,0.0,0.85
A04738,loans,7166320.593931712,>1y,True,False,False,0.65,0.0,0.85
A04739,treasury_hqla,1497247.6080958303,2d-7d,True,False,False,0.05,0.0,0.05
A04740,retail_stable,1914115.3604997084,overnight,False,True,False,1.0,0.95,0.0
A04741,retail_less_stable,989485.7858074617,overnight,False,True,False,1.0,0.9,0.0
A04742,corporate_bonds,4020688.522306267,91d-1y,True,False,False,0.2,0.0,0.5
A04743,loans,4847987.118912107,31d-90d,True,False,False,0.65,0.0,0.85
A04744,loans,7511419.90279367,91d-1y,True,False,False,0.65,0.0,0.85
A04745,corporate_non_operational,1078319.9747590793,overnight,False,True,False,1.0,0.5,0.0
A04746,wholesale_unsecured,120954.50700309512,>1y,False,True,False,1.0,0.0,0.0
A04747,retail_stable,1604334.2625664892,91d-1y,False,True,False,1.0,0.95,0.0
A04748,corporate_operational,398609.4259590844,overnight,False,True,False,1.0,0.5,0.0
A04749,corporate_operational,3368311.1980747813,91d-1y,False,True,False,1.0,0.5,0.0
A04750,loans,630567.9246180913,>1y,True,False,False,0.65,0.0,0.85
A04751,loans,8335120.278531914,8d-30d,True,False,False,0.65,0.0,0.85
A04752,loans,5578771.3973358,91d-1y,True,False,False,0.65,0.0,0.85
A04753,loans,3608905.4359038603,91d-1y,True,False,False,0.65,0.0,0.85
A04754,retail_less_stable,2840964.9329372942,2d-7d,False,True,False,1.0,0.9,0.0
A04755,treasury_hqla,8737676.233321441,>1y,True,False,False,0.05,0.0,0.05
A04756,retail_stable,1964597.488291878,8d-30d,False,True,False,1.0,0.95,0.0
A04757,corporate_operational,4461961.999498256,overnight,False,True,False,1.0,0.5,0.0
A04758,wholesale_unsecured,3086332.9424798125,8d-30d,False,True,False,1.0,0.0,0.0
A04759,corporate_operational,3317412.4554217635,overnight,False,True,False,1.0,0.5,0.0
A04760,loans,761543.3692971042,31d-90d,True,False,False,0.65,0.0,0.85
A04761,retail_less_stable,1505651.2351635722,8d-30d,False,True,False,1.0,0.9,0.0
A04762,loans,4198630.700461449,overnight,True,False,False,0.65,0.0,0.85
A04763,corporate_non_operational,1549697.6892063315,8d-30d,False,True,False,1.0,0.5,0.0
A04764,equities,1750453.5824064529,31d-90d,True,False,False,0.45,0.0,0.85
A04765,loans,9396616.740871945,>1y,True,False,False,0.65,0.0,0.85
A04766,treasury_hqla,454036.8649254795,91d-1y,True,False,False,0.05,0.0,0.05
A04767,treasury_hqla,1485593.696443407,>1y,True,False,False,0.05,0.0,0.05
A04768,retail_stable,2054808.412388739,overnight,False,True,False,1.0,0.95,0.0
A04769,retail_stable,453494.90075495007,8d-30d,False,True,False,1.0,0.95,0.0
A04770,loans,4824249.5635915985,91d-1y,True,False,False,0.65,0.0,0.85
A04771,corporate_bonds,1720692.5663599607,91d-1y,True,False,False,0.2,0.0,0.5
A04772,corporate_bonds,1596830.142825828,>1y,True,False,False,0.2,0.0,0.5
A04773,loans,7560122.946310579,91d-1y,True,False,False,0.65,0.0,0.85
A04774,loans,8231969.017809476,91d-1y,True,False,False,0.65,0.0,0.85
A04775,corporate_non_operational,2169996.420271165,>1y,False,True,False,1.0,0.5,0.0
A04776,corporate_operational,1464887.3218021917,8d-30d,False,True,False,1.0,0.5,0.0
A04777,treasury_hqla,3910991.046774247,8d-30d,True,False,False,0.05,0.0,0.05
A04778,retail_stable,3742859.2286306676,overnight,False,True,False,1.0,0.95,0.0
A04779,loans,1113845.6418789506,>1y,True,False,False,0.65,0.0,0.85
A04780,wholesale_unsecured,751405.7201372558,overnight,False,True,False,1.0,0.0,0.0
A04781,treasury_hqla,25549320.215498354,91d-1y,True,False,False,0.05,0.0,0.05
A04782,corporate_non_operational,5692654.186882959,overnight,False,True,False,1.0,0.5,0.0
A04783,retail_stable,1317254.8781457106,2d-7d,False,True,False,1.0,0.95,0.0
A04784,committed_facilities,4057030.953682591,8d-30d,False,False,True,1.0,0.0,0.0
A04785,corporate_operational,12175987.007442823,31d-90d,False,True,False,1.0,0.5,0.0
A04786,retail_stable,3152836.462134518,overnight,False,True,False,1.0,0.95,0.0
A04787,loans,1141947.5939094713,overnight,True,False,False,0.65,0.0,0.85
A04788,retail_stable,1411708.5062791372,2d-7d,False,True,False,1.0,0.95,0.0
A04789,corporate_operational,3330285.5002416912,31d-90d,False,True,False,1.0,0.5,0.0
A04790,retail_less_stable,1355033.1945765552,overnight,False,True,False,1.0,0.9,0.0
A04791,treasury_hqla,2704312.3535402217,8d-30d,True,False,False,0.05,0.0,0.05
A04792,committed_facilities,7361742.123119597,91d-1y,False,False,True,1.0,0.0,0.0
A04793,committed_facilities,927651.6046427017,91d-1y,False,False,True,1.0,0.0,0.0
A04794,loans,969777.6954904359,overnight,True,False,False,0.65,0.0,0.85
A04795,treasury_hqla,15504837.563956024,2d-7d,True,False,False,0.05,0.0,0.05
A04796,loans,3110654.5114455577,31d-90d,True,False,False,0.65,0.0,0.85
A04797,retail_stable,2811819.7145458832,8d-30d,False,True,False,1.0,0.95,0.0
A04798,retail_stable,1498093.1170887784,overnight,False,True,False,1.0,0.95,0.0
A04799,retail_stable,1654665.7953527896,31d-90d,False,True,False,1.0,0.95,0.0
A04800,retail_stable,7939084.379272587,91d-1y,False,True,False,1.0,0.95,0.0
A04801,retail_stable,1786962.9773844036,overnight,False,True,False,1.0,0.95,0.0
A04802,retail_less_stable,11402577.231648488,overnight,False,True,False,1.0,0.9,0.0
A04803,retail_less_stable,5903895.136739269,8d-30d,False,True,False,1.0,0.9,0.0
A04804,retail_stable,8281115.254830074,>1y,False,True,False,1.0,0.95,0.0
A04805,loans,13915651.775276177,8d-30d,True,False,False,0.65,0.0,0.85
A04806,loans,653653.1469250782,91d-1y,True,False,False,0.65,0.0,0.85
A04807,retail_less_stable,5071069.479687669,overnight,False,True,False,1.0,0.9,0.0
A04808,treasury_hqla,805444.8693742544,8d-30d,True,False,False,0.05,0.0,0.05
A04809,retail_stable,2170889.8846478276,8d-30d,False,True,False,1.0,0.95,0.0
A04810,retail_stable,2533705.802007053,2d-7d,False,True,False,1.0,0.95,0.0
A04811,corporate_bonds,1190591.5058032442,>1y,True,False,False,0.2,0.0,0.5
A04812,retail_less_stable,1966697.2953989184,overnight,False,True,False,1.0,0.9,0.0
A04813,loans,1460057.397652829,91d-1y,True,False,False,0.65,0.0,0.85
A04814,treasury_hqla,2741908.4100561035,>1y,True,False,False,0.05,0.0,0.05
A04815,loans,6930422.784474464,2d-7d,True,False,False,0.65,0.0,0.85
A04816,loans,3024950.6952006095,>1y,True,False,False,0.65,0.0,0.85
A04817,equities,3435741.8044072455,91d-1y,True,False,False,0.45,0.0,0.85
A04818,retail_stable,1621702.8619449956,2d-7d,False,True,False,1.0,0.95,0.0
A04819,retail_stable,6421312.373500341,8d-30d,False,True,False,1.0,0.95,0.0
A04820,retail_stable,905858.0882701406,overnight,False,True,False,1.0,0.95,0.0
A04821,corporate_bonds,584667.3015063532,31d-90d,True,False,False,0.2,0.0,0.5
A04822,corporate_non_operational,1609120.1777106896,overnight,False,True,False,1.0,0.5,0.0
A04823,retail_less_stable,7337955.327403569,31d-90d,False,True,False,1.0,0.9,0.0
A04824,treasury_hqla,3991986.2705724086,overnight,True,False,False,0.05,0.0,0.05
A04825,loans,3053493.10858488,31d-90d,True,False,False,0.65,0.0,0.85
A04826,retail_stable,6747280.939516738,2d-7d,False,True,False,1.0,0.95,0.0
A04827,retail_stable,688325.082727963,overnight,False,True,False,1.0,0.95,0.0
A04828,equities,4258843.320377301,91d-1y,True,False,False,0.45,0.0,0.85
A04829,retail_stable,1761184.9167578379,2d-7d,False,True,False,1.0,0.95,0.0
A04830,treasury_hqla,1861840.3588808954,91d-1y,True,False,False,0.05,0.0,0.05
A04831,loans,37294682.33260368,91d-1y,True,False,False,0.65,0.0,0.85
A04832,retail_stable,9613538.356226277,overnight,False,True,False,1.0,0.95,0.0
A04833,equities,363139.06262265076,31d-90d,True,False,False,0.45,0.0,0.85
A04834,corporate_bonds,3984491.8232758977,2d-7d,True,False,False,0.2,0.0,0.5
A04835,equities,294691.99705984077,91d-1y,True,False,False,0.45,0.0,0.85
A04836,loans,12042068.083631795,31d-90d,True,False,False,0.65,0.0,0.85
A04837,retail_stable,2859371.358648003,91d-1y,False,True,False,1.0,0.95,0.0
A04838,loans,22297287.729277946,>1y,True,False,False,0.65,0.0,0.85
A04839,retail_less_stable,608318.8345205879,91d-1y,False,True,False,1.0,0.9,0.0
A04840,retail_stable,462791.7793817414,overnight,False,True,False,1.0,0.95,0.0
A04841,retail_stable,1589462.235077491,2d-7d,False,True,False,1.0,0.95,0.0
A04842,retail_less_stable,520164.56700513087,2d-7d,False,True,False,1.0,0.9,0.0
A04843,treasury_hqla,1460964.9625468715,>1y,True,False,False,0.05,0.0,0.05
A04844,retail_stable,6770493.992536461,2d-7d,False,True,False,1.0,0.95,0.0
A04845,retail_less_stable,1737998.9194314023,>1y,False,True,False,1.0,0.9,0.0
A04846,corporate_non_operational,1333782.1053051953,91d-1y,False,True,False,1.0,0.5,0.0
A04847,corporate_operational,4810918.580341902,overnight,False,True,False,1.0,0.5,0.0
A04848,loans,4011645.6988872658,8d-30d,True,False,False,0.65,0.0,0.85
A04849,committed_facilities,1332780.2481878435,31d-90d,False,False,True,1.0,0.0,0.0
A04850,retail_stable,3303137.8789675864,overnight,False,True,False,1.0,0.95,0.0
A04851,retail_stable,6171111.955115296,overnight,False,True,False,1.0,0.95,0.0
A04852,wholesale_unsecured,10398382.27605387,91d-1y,False,True,False,1.0,0.0,0.0
A04853,loans,1507122.0239784434,91d-1y,True,False,False,0.65,0.0,0.85
A04854,retail_less_stable,7423782.054023636,overnight,False,True,False,1.0,0.9,0.0
A04855,equities,1109211.888291594,8d-30d,True,False,False,0.45,0.0,0.85
A04856,treasury_hqla,12136410.375862852,>1y,True,False,False,0.05,0.0,0.05
A04857,wholesale_unsecured,10642290.325402953,overnight,False,True,False,1.0,0.0,0.0
A04858,corporate_operational,1308222.7971894506,>1y,False,True,False,1.0,0.5,0.0
A04859,retail_stable,1632395.0816864935,overnight,False,True,False,1.0,0.95,0.0
A04860,corporate_operational,3617991.9248996605,8d-30d,False,True,False,1.0,0.5,0.0
A04861,retail_stable,18142243.5936987,31d-90d,False,True,False,1.0,0.95,0.0
A04862,corporate_non_operational,1922228.695100049,overnight,False,True,False,1.0,0.5,0.0
A04863,corporate_bonds,2363311.2024040027,91d-1y,True,False,False,0.2,0.0,0.5
A04864,retail_stable,34472122.07222524,31d-90d,False,True,False,1.0,0.95,0.0
A04865,loans,2678615.052167017,8d-30d,True,False,False,0.65,0.0,0.85
A04866,retail_stable,2087854.6075312863,8d-30d,False,True,False,1.0,0.95,0.0
A04867,retail_stable,2453214.2491781116,8d-30d,False,True,False,1.0,0.95,0.0
A04868,retail_stable,40344847.3001105,8d-30d,False,True,False,1.0,0.95,0.0
A04869,retail_less_stable,4528441.983719258,2d-7d,False,True,False,1.0,0.9,0.0
A04870,corporate_operational,3323407.5617090017,overnight,False,True,False,1.0,0.5,0.0
A04871,loans,5249381.231445942,>1y,True,False,False,0.65,0.0,0.85
A04872,loans,5909996.330230824,91d-1y,True,False,False,0.65,0.0,0.85
A04873,corporate_operational,3319105.0505332174,31d-90d,False,True,False,1.0,0.5,0.0
A04874,treasury_hqla,13201882.792029843,overnight,True,False,False,0.05,0.0,0.05
A04875,retail_less_stable,1005424.4214984165,2d-7d,False,True,False,1.0,0.9,0.0
A04876,retail_less_stable,13936041.913106967,8d-30d,False,True,False,1.0,0.9,0.0
A04877,wholesale_unsecured,5838856.719606502,2d-7d,False,True,False,1.0,0.0,0.0
A04878,corporate_non_operational,10506107.090265963,overnight,False,True,False,1.0,0.5,0.0
A04879,wholesale_unsecured,4409974.866542913,2d-7d,False,True,False,1.0,0.0,0.0
A04880,committed_facilities,2293465.6090384764,8d-30d,False,False,True,1.0,0.0,0.0
A04881,retail_stable,721014.6182948571,31d-90d,False,True,False,1.0,0.95,0.0
A04882,retail_stable,1863975.4816125166,8d-30d,False,True,False,1.0,0.95,0.0
A04883,loans,2247627.521244548,8d-30d,True,False,False,0.65,0.0,0.85
A04884,loans,1071113.2048777626,31d-90d,True,False,False,0.65,0.0,0.85
A04885,committed_facilities,337153.38019765913,2d-7d,False,False,True,1.0,0.0,0.0
A04886,retail_less_stable,9992006.257999683,overnight,False,True,False,1.0,0.9,0.0
A04887,retail_less_stable,322970.5126393259,31d-90d,False,True,False,1.0,0.9,0.0
A04888,loans,868432.5096742793,91d-1y,True,False,False,0.65,0.0,0.85
A04889,corporate_bonds,1921866.543491135,91d-1y,True,False,False,0.2,0.0,0.5
A04890,corporate_non_operational,1334596.0545515553,8d-30d,False,True,False,1.0,0.5,0.0
A04891,corporate_bonds,15932486.181241432,>1y,True,False,False,0.2,0.0,0.5
A04892,corporate_bonds,4447683.684992668,91d-1y,True,False,False,0.2,0.0,0.5
A04893,loans,2769864.281130799,31d-90d,True,False,False,0.65,0.0,0.85
A04894,loans,11558240.561410014,31d-90d,True,False,False,0.65,0.0,0.85
A04895,treasury_hqla,1323084.85938183,>1y,True,False,False,0.05,0.0,0.05
A04896,corporate_operational,342377.1534075388,31d-90d,False,True,False,1.0,0.5,0.0
A04897,retail_less_stable,1948471.994371205,8d-30d,False,True,False,1.0,0.9,0.0
A04898,equities,2185547.757406877,overnight,True,False,False,0.45,0.0,0.85
A04899,corporate_non_operational,997616.8275748914,>1y,False,True,False,1.0,0.5,0.0
A04900,committed_facilities,3396130.123779511,2d-7d,False,False,True,1.0,0.0,0.0
A04901,corporate_bonds,978578.0573944632,>1y,True,False,False,0.2,0.0,0.5
A04902,corporate_non_operational,13194059.574934427,2d-7d,False,True,False,1.0,0.5,0.0
A04903,corporate_non_operational,4366813.0774111515,2d-7d,False,True,False,1.0,0.5,0.0
A04904,wholesale_unsecured,5085910.6136926925,31d-90d,False,True,False,1.0,0.0,0.0
A04905,corporate_bonds,85980164.18377823,>1y,True,False,False,0.2,0.0,0.5
A04906,wholesale_unsecured,22938221.968653888,2d-7d,False,True,False,1.0,0.0,0.0
A04907,retail_less_stable,6994570.165136747,31d-90d,False,True,False,1.0,0.9,0.0
A04908,retail_less_stable,1215483.2830317537,2d-7d,False,True,False,1.0,0.9,0.0
A04909,retail_less_stable,4303961.9810332265,8d-30d,False,True,False,1.0,0.9,0.0
A04910,equities,381080.7504736483,91d-1y,True,False,False,0.45,0.0,0.85
A04911,retail_stable,3061284.658091502,overnight,False,True,False,1.0,0.95,0.0
A04912,corporate_operational,1216460.7538264855,overnight,False,True,False,1.0,0.5,0.0
A04913,corporate_non_operational,3477040.2615398504,91d-1y,False,True,False,1.0,0.5,0.0
A04914,wholesale_unsecured,1221100.2841552368,2d-7d,False,True,False,1.0,0.0,0.0
A04915,loans,4128641.253984664,8d-30d,True,False,False,0.65,0.0,0.85
A04916,retail_less_stable,10380278.251757614,overnight,False,True,False,1.0,0.9,0.0
A04917,wholesale_unsecured,3733675.6510806875,8d-30d,False,True,False,1.0,0.0,0.0
A04918,retail_stable,1447273.3364662821,overnight,False,True,False,1.0,0.95,0.0
A04919,loans,672561.0099730878,91d-1y,True,False,False,0.65,0.0,0.85
A04920,treasury_hqla,5287962.23794219,>1y,True,False,False,0.05,0.0,0.05
A04921,committed_facilities,858195.9490364413,2d-7d,False,False,True,1.0,0.0,0.0
A04922,corporate_non_operational,1094043.6927902638,8d-30d,False,True,False,1.0,0.5,0.0
A04923,retail_stable,785474.2293520271,overnight,False,True,False,1.0,0.95,0.0
A04924,retail_stable,3919317.446803006,overnight,False,True,False,1.0,0.95,0.0
A04925,wholesale_unsecured,954099.8037177362,31d-90d,False,True,False,1.0,0.0,0.0
A04926,loans,2964494.098005248,31d-90d,True,False,False,0.65,0.0,0.85
A04927,retail_stable,7990740.644694841,>1y,False,True,False,1.0,0.95,0.0
A04928,wholesale_unsecured,5401473.370250235,2d-7d,False,True,False,1.0,0.0,0.0
A04929,corporate_bonds,1649856.6480284506,91d-1y,True,False,False,0.2,0.0,0.5
A04930,loans,1476385.1881260248,31d-90d,True,False,False,0.65,0.0,0.85
A04931,retail_less_stable,2271947.6794517804,overnight,False,True,False,1.0,0.9,0.0
A04932,retail_stable,8484638.411341628,2d-7d,False,True,False,1.0,0.95,0.0
A04933,loans,4844718.5531644905,>1y,True,False,False,0.65,0.0,0.85
A04934,retail_less_stable,1290750.8213932535,8d-30d,False,True,False,1.0,0.9,0.0
A04935,committed_facilities,921777.0247278357,31d-90d,False,False,True,1.0,0.0,0.0
A04936,loans,9599440.382640887,>1y,True,False,False,0.65,0.0,0.85
A04937,corporate_non_operational,20317378.102085996,8d-30d,False,True,False,1.0,0.5,0.0
A04938,retail_less_stable,3602685.8497801675,8d-30d,False,True,False,1.0,0.9,0.0
A04939,corporate_operational,1490185.667525964,>1y,False,True,False,1.0,0.5,0.0
A04940,committed_facilities,8374154.654706396,2d-7d,False,False,True,1.0,0.0,0.0
A04941,retail_stable,783142.916411839,8d-30d,False,True,False,1.0,0.95,0.0
A04942,corporate_bonds,3548839.3391947825,8d-30d,True,False,False,0.2,0.0,0.5
A04943,loans,2640991.007684465,31d-90d,True,False,False,0.65,0.0,0.85
A04944,retail_stable,408476.2736186304,2d-7d,False,True,False,1.0,0.95,0.0
A04945,wholesale_unsecured,10429905.861803677,>1y,False,True,False,1.0,0.0,0.0
A04946,corporate_bonds,1912628.7299464517,8d-30d,True,False,False,0.2,0.0,0.5
A04947,treasury_hqla,3410072.466148697,91d-1y,True,False,False,0.05,0.0,0.05
A04948,retail_less_stable,1702098.4971479736,overnight,False,True,False,1.0,0.9,0.0
A04949,loans,13890810.41959316,91d-1y,True,False,False,0.65,0.0,0.85
A04950,corporate_non_operational,4596845.2536764275,8d-30d,False,True,False,1.0,0.5,0.0
A04951,retail_less_stable,942900.8069784872,overnight,False,True,False,1.0,0.9,0.0
A04952,corporate_non_operational,6232629.451162637,overnight,False,True,False,1.0,0.5,0.0
A04953,retail_stable,1589093.016671664,91d-1y,False,True,False,1.0,0.95,0.0
A04954,loans,2127207.7134258854,91d-1y,True,False,False,0.65,0.0,0.85
A04955,loans,20704497.423377376,31d-90d,True,False,False,0.65,0.0,0.85
A04956,committed_facilities,5489276.71687497,91d-1y,False,False,True,1.0,0.0,0.0
A04957,loans,6041335.549119661,8d-30d,True,False,False,0.65,0.0,0.85
A04958,retail_stable,1852597.5868769628,overnight,False,True,False,1.0,0.95,0.0
A04959,retail_stable,42621346.42732385,91d-1y,False,True,False,1.0,0.95,0.0
A04960,loans,5696888.469315324,91d-1y,True,False,False,0.65,0.0,0.85
A04961,corporate_operational,888502.5080797904,overnight,False,True,False,1.0,0.5,0.0
A04962,loans,2384720.714443023,91d-1y,True,False,False,0.65,0.0,0.85
A04963,wholesale_unsecured,874550.1863967867,2d-7d,False,True,False,1.0,0.0,0.0
A04964,loans,8074738.437984158,31d-90d,True,False,False,0.65,0.0,0.85
A04965,committed_facilities,1446512.277714221,8d-30d,False,False,True,1.0,0.0,0.0
A04966,treasury_hqla,2661372.1404337427,>1y,True,False,False,0.05,0.0,0.05
A04967,retail_stable,332746.2712665134,>1y,False,True,False,1.0,0.95,0.0
A04968,corporate_bonds,1246949.706640602,31d-90d,True,False,False,0.2,0.0,0.5
A04969,retail_stable,2216307.81514091,8d-30d,False,True,False,1.0,0.95,0.0
A04970,loans,2239030.461021711,8d-30d,True,False,False,0.65,0.0,0.85
A04971,loans,16537575.718947573,8d-30d,True,False,False,0.65,0.0,0.85
A04972,retail_stable,8884241.281741425,overnight,False,True,False,1.0,0.95,0.0
A04973,loans,3307108.849820873,>1y,True,False,False,0.65,0.0,0.85
A04974,loans,36814508.06926957,91d-1y,True,False,False,0.65,0.0,0.85
A04975,corporate_non_operational,2985220.6688984116,91d-1y,False,True,False,1.0,0.5,0.0
A04976,corporate_bonds,1208694.6712327325,>1y,True,False,False,0.2,0.0,0.5
A04977,retail_stable,2059176.0045960434,2d-7d,False,True,False,1.0,0.95,0.0
A04978,loans,3856712.2105410313,8d-30d,True,False,False,0.65,0.0,0.85
A04979,treasury_hqla,7704218.924007538,91d-1y,True,False,False,0.05,0.0,0.05
A04980,loans,2006742.5875583473,2d-7d,True,False,False,0.65,0.0,0.85
A04981,committed_facilities,9200402.643892208,8d-30d,False,False,True,1.0,0.0,0.0
A04982,corporate_operational,5487194.148754541,overnight,False,True,False,1.0,0.5,0.0
A04983,retail_stable,10957702.429058596,>1y,False,True,False,1.0,0.95,0.0
A04984,retail_stable,2219156.6753903907,91d-1y,False,True,False,1.0,0.95,0.0
A04985,retail_stable,707329.6221265381,8d-30d,False,True,False,1.0,0.95,0.0
A04986,retail_stable,1903862.3654229091,overnight,False,True,False,1.0,0.95,0.0
A04987,corporate_operational,19480832.257042445,overnight,False,True,False,1.0,0.5,0.0
A04988,treasury_hqla,11214119.135685511,91d-1y,True,False,False,0.05,0.0,0.05
A04989,treasury_hqla,4460156.884814258,>1y,True,False,False,0.05,0.0,0.05
A04990,loans,32205728.513398446,8d-30d,True,False,False,0.65,0.0,0.85
A04991,corporate_non_operational,3121317.115556914,>1y,False,True,False,1.0,0.5,0.0
A04992,treasury_hqla,3929282.805921386,>1y,True,False,False,0.05,0.0,0.05
A04993,retail_less_stable,3965633.6081979754,91d-1y,False,True,False,1.0,0.9,0.0
A04994,retail_less_stable,6683455.814890367,8d-30d,False,True,False,1.0,0.9,0.0
A04995,retail_less_stable,9531669.1310883,91d-1y,False,True,False,1.0,0.9,0.0
A04996,retail_stable,2914661.57379193,8d-30d,False,True,False,1.0,0.95,0.0
A04997,retail_stable,6564777.26471049,overnight,False,True,False,1.0,0.95,0.0
A04998,retail_less_stable,989872.6412192655,>1y,False,True,False,1.0,0.9,0.0
A04999,corporate_bonds,3983988.481335329,31d-90d,True,False,False,0.2,0.0,0.5
A05000,retail_less_stable,413153.2999676741,overnight,False,True,False,1.0,0.9,0.0
A05001,retail_stable,817428.1965939252,8d-30d,False,True,False,1.0,0.95,0.0
A05002,treasury_hqla,3571592.6336015896,>1y,True,False,False,0.05,0.0,0.05
A05003,loans,2220932.392477097,91d-1y,True,False,False,0.65,0.0,0.85
A05004,loans,769389.7690452758,31d-90d,True,False,False,0.65,0.0,0.85
A05005,retail_stable,6980636.490402222,overnight,False,True,False,1.0,0.95,0.0
A05006,treasury_hqla,1888094.46804808,>1y,True,False,False,0.05,0.0,0.05
A05007,corporate_non_operational,836145.2793911607,2d-7d,False,True,False,1.0,0.5,0.0
A05008,loans,1474315.411953493,8d-30d,True,False,False,0.65,0.0,0.85
A05009,loans,8782055.953204084,91d-1y,True,False,False,0.65,0.0,0.85
A05010,treasury_hqla,2504047.5878792573,91d-1y,True,False,False,0.05,0.0,0.05
A05011,retail_less_stable,1273993.943208171,8d-30d,False,True,False,1.0,0.9,0.0
A05012,retail_stable,2561318.0376554467,overnight,False,True,False,1.0,0.95,0.0
A05013,retail_less_stable,594582.6863046056,31d-90d,False,True,False,1.0,0.9,0.0
A05014,retail_stable,26464232.835987218,overnight,False,True,False,1.0,0.95,0.0
A05015,retail_stable,1763247.7607695377,91d-1y,False,True,False,1.0,0.95,0.0
A05016,retail_stable,9122854.538601456,91d-1y,False,True,False,1.0,0.95,0.0
A05017,retail_stable,2618147.887475137,31d-90d,False,True,False,1.0,0.95,0.0
A05018,retail_stable,1342860.1150087705,overnight,False,True,False,1.0,0.95,0.0
A05019,retail_stable,1830204.5120732682,overnight,False,True,False,1.0,0.95,0.0
A05020,retail_less_stable,2948451.8914587772,2d-7d,False,True,False,1.0,0.9,0.0
A05021,corporate_bonds,1458143.0349501325,8d-30d,True,False,False,0.2,0.0,0.5
A05022,corporate_bonds,7502137.401714573,91d-1y,True,False,False,0.2,0.0,0.5
A05023,retail_less_stable,7254746.381312925,overnight,False,True,False,1.0,0.9,0.0
A05024,treasury_hqla,1935348.2421628202,31d-90d,True,False,False,0.05,0.0,0.05
A05025,loans,17012803.234884653,>1y,True,False,False,0.65,0.0,0.85
A05026,loans,2920903.605998955,8d-30d,True,False,False,0.65,0.0,0.85
A05027,retail_less_stable,554793.3965612496,overnight,False,True,False,1.0,0.9,0.0
A05028,loans,2196696.0808563787,31d-90d,True,False,False,0.65,0.0,0.85
A05029,retail_less_stable,7220835.71537541,overnight,False,True,False,1.0,0.9,0.0
A05030,loans,11463881.631922856,91d-1y,True,False,False,0.65,0.0,0.85
A05031,retail_less_stable,184066.99343185508,overnight,False,True,False,1.0,0.9,0.0
A05032,retail_stable,5341241.425052709,overnight,False,True,False,1.0,0.95,0.0
A05033,retail_stable,1009534.9594154658,overnight,False,True,False,1.0,0.95,0.0
A05034,wholesale_unsecured,15067191.6398144,31d-90d,False,True,False,1.0,0.0,0.0
A05035,retail_stable,835342.8998901758,31d-90d,False,True,False,1.0,0.95,0.0
A05036,retail_stable,504601.69554023776,overnight,False,True,False,1.0,0.95,0.0
A05037,loans,15644171.755694162,overnight,True,False,False,0.65,0.0,0.85
A05038,retail_stable,1018305.9555506638,2d-7d,False,True,False,1.0,0.95,0.0
A05039,retail_stable,1944372.2790261053,31d-90d,False,True,False,1.0,0.95,0.0
A05040,retail_stable,5313392.304712077,overnight,False,True,False,1.0,0.95,0.0
A05041,retail_stable,2672473.612029382,31d-90d,False,True,False,1.0,0.95,0.0
A05042,retail_stable,4117694.7427416355,2d-7d,False,True,False,1.0,0.95,0.0
A05043,corporate_operational,14395330.588919876,31d-90d,False,True,False,1.0,0.5,0.0
A05044,treasury_hqla,8422517.155183695,>1y,True,False,False,0.05,0.0,0.05
A05045,wholesale_unsecured,3499667.752573721,31d-90d,False,True,False,1.0,0.0,0.0
A05046,retail_less_stable,927837.5870825311,overnight,False,True,False,1.0,0.9,0.0
A05047,retail_less_stable,4319123.211913882,8d-30d,False,True,False,1.0,0.9,0.0
A05048,loans,499042.7616837958,8d-30d,True,False,False,0.65,0.0,0.85
A05049,corporate_operational,1976551.0583894914,overnight,False,True,False,1.0,0.5,0.0
A05050,retail_less_stable,13480988.027395086,overnight,False,True,False,1.0,0.9,0.0
A05051,retail_stable,3773418.827925255,overnight,False,True,False,1.0,0.95,0.0
A05052,committed_facilities,3336059.3203774304,overnight,False,False,True,1.0,0.0,0.0
A05053,corporate_non_operational,4712067.238871467,8d-30d,False,True,False,1.0,0.5,0.0
A05054,committed_facilities,2367273.1814448624,8d-30d,False,False,True,1.0,0.0,0.0
A05055,retail_less_stable,52273200.06616376,8d-30d,False,True,False,1.0,0.9,0.0
A05056,corporate_operational,896291.7522610399,31d-90d,False,True,False,1.0,0.5,0.0
A05057,retail_stable,2491588.123461442,overnight,False,True,False,1.0,0.95,0.0
A05058,committed_facilities,1267949.623929251,2d-7d,False,False,True,1.0,0.0,0.0
A05059,retail_less_stable,9682223.644479154,overnight,False,True,False,1.0,0.9,0.0
A05060,retail_less_stable,1487412.2185351742,8d-30d,False,True,False,1.0,0.9,0.0
A05061,retail_stable,2909957.9383904533,2d-7d,False,True,False,1.0,0.95,0.0
A05062,wholesale_unsecured,909671.9110845489,31d-90d,False,True,False,1.0,0.0,0.0
A05063,retail_less_stable,1931139.6135112657,8d-30d,False,True,False,1.0,0.9,0.0
A05064,retail_less_stable,5819415.39130659,2d-7d,False,True,False,1.0,0.9,0.0
A05065,retail_stable,10878835.465029351,overnight,False,True,False,1.0,0.95,0.0
A05066,retail_stable,10938239.925703447,8d-30d,False,True,False,1.0,0.95,0.0
A05067,retail_stable,9124898.31078076,overnight,False,True,False,1.0,0.95,0.0
A05068,treasury_hqla,2123743.4241090096,>1y,True,False,False,0.05,0.0,0.05
A05069,loans,4464364.826173533,2d-7d,True,False,False,0.65,0.0,0.85
A05070,retail_stable,2594169.0957067185,8d-30d,False,True,False,1.0,0.95,0.0
A05071,treasury_hqla,11787545.58799549,91d-1y,True,False,False,0.05,0.0,0.05
A05072,corporate_bonds,6531685.82691525,8d-30d,True,False,False,0.2,0.0,0.5
A05073,retail_stable,8538136.403110772,overnight,False,True,False,1.0,0.95,0.0
A05074,retail_less_stable,8996269.791330839,2d-7d,False,True,False,1.0,0.9,0.0
A05075,retail_stable,980101.7471801112,8d-30d,False,True,False,1.0,0.95,0.0
A05076,loans,623906.398805323,>1y,True,False,False,0.65,0.0,0.85
A05077,treasury_hqla,3330394.4801574596,>1y,True,False,False,0.05,0.0,0.05
A05078,corporate_operational,3776713.2745159953,2d-7d,False,True,False,1.0,0.5,0.0
A05079,retail_stable,8617932.800492438,8d-30d,False,True,False,1.0,0.95,0.0
A05080,retail_stable,1616900.449039962,91d-1y,False,True,False,1.0,0.95,0.0
A05081,retail_less_stable,19652779.358891174,overnight,False,True,False,1.0,0.9,0.0
A05082,corporate_bonds,3462529.910743888,2d-7d,True,False,False,0.2,0.0,0.5
A05083,loans,5190252.453270632,>1y,True,False,False,0.65,0.0,0.85
A05084,corporate_non_operational,3076955.0100025963,8d-30d,False,True,False,1.0,0.5,0.0
A05085,loans,1211838.9235731855,>1y,True,False,False,0.65,0.0,0.85
A05086,retail_less_stable,3192196.2216375163,overnight,False,True,False,1.0,0.9,0.0
A05087,corporate_non_operational,4183627.8905137144,91d-1y,False,True,False,1.0,0.5,0.0
A05088,retail_less_stable,4597412.767674549,overnight,False,True,False,1.0,0.9,0.0
A05089,retail_stable,712795.3796506035,overnight,False,True,False,1.0,0.95,0.0
A05090,retail_less_stable,2638735.466123382,91d-1y,False,True,False,1.0,0.9,0.0
A05091,loans,1531637.8848367615,91d-1y,True,False,False,0.65,0.0,0.85
A05092,retail_stable,2940111.657084234,8d-30d,False,True,False,1.0,0.95,0.0
A05093,committed_facilities,1113723.7022992226,31d-90d,False,False,True,1.0,0.0,0.0
A05094,corporate_non_operational,1776497.493392318,8d-30d,False,True,False,1.0,0.5,0.0
A05095,retail_stable,3836243.615487351,overnight,False,True,False,1.0,0.95,0.0
A05096,retail_less_stable,6579268.171725083,91d-1y,False,True,False,1.0,0.9,0.0
A05097,corporate_bonds,6055834.713760771,31d-90d,True,False,False,0.2,0.0,0.5
A05098,corporate_non_operational,2781523.144271933,overnight,False,True,False,1.0,0.5,0.0
A05099,corporate_bonds,2467222.5470688757,>1y,True,False,False,0.2,0.0,0.5
A05100,retail_stable,1677363.9003046907,overnight,False,True,False,1.0,0.95,0.0
A05101,retail_less_stable,961857.427352286,overnight,False,True,False,1.0,0.9,0.0
A05102,treasury_hqla,9656363.660772935,91d-1y,True,False,False,0.05,0.0,0.05
A05103,corporate_non_operational,7234641.3013756415,31d-90d,False,True,False,1.0,0.5,0.0
A05104,retail_less_stable,3327265.9289902244,overnight,False,True,False,1.0,0.9,0.0
A05105,retail_less_stable,476854.14702128846,31d-90d,False,True,False,1.0,0.9,0.0
A05106,loans,1063983.7371163822,91d-1y,True,False,False,0.65,0.0,0.85
A05107,loans,828100.7520902874,overnight,True,False,False,0.65,0.0,0.85
A05108,retail_less_stable,7375387.779615525,91d-1y,False,True,False,1.0,0.9,0.0
A05109,loans,10513565.037133174,91d-1y,True,False,False,0.65,0.0,0.85
A05110,corporate_non_operational,25451075.86050243,8d-30d,False,True,False,1.0,0.5,0.0
A05111,retail_less_stable,687088.7563215393,2d-7d,False,True,False,1.0,0.9,0.0
A05112,committed_facilities,3038004.94693085,31d-90d,False,False,True,1.0,0.0,0.0
A05113,wholesale_unsecured,7303716.302371341,2d-7d,False,True,False,1.0,0.0,0.0
A05114,committed_facilities,3888726.9004718717,>1y,False,False,True,1.0,0.0,0.0
A05115,retail_stable,1703279.4271181666,2d-7d,False,True,False,1.0,0.95,0.0
A05116,corporate_bonds,1027554.8003464442,91d-1y,True,False,False,0.2,0.0,0.5
A05117,corporate_operational,235185.26275155554,31d-90d,False,True,False,1.0,0.5,0.0
A05118,equities,3134436.623498884,>1y,True,False,False,0.45,0.0,0.85
A05119,loans,1919754.2683332341,91d-1y,True,False,False,0.65,0.0,0.85
A05120,corporate_operational,2715591.999851694,8d-30d,False,True,False,1.0,0.5,0.0
A05121,corporate_operational,425321.202973934,8d-30d,False,True,False,1.0,0.5,0.0
A05122,committed_facilities,3185805.5709038367,8d-30d,False,False,True,1.0,0.0,0.0
A05123,equities,3914521.034322404,31d-90d,True,False,False,0.45,0.0,0.85
A05124,retail_stable,476243.494446068,overnight,False,True,False,1.0,0.95,0.0
A05125,corporate_non_operational,1464822.4245932586,2d-7d,False,True,False,1.0,0.5,0.0
A05126,committed_facilities,78281.13024929438,31d-90d,False,False,True,1.0,0.0,0.0
A05127,retail_stable,1376601.3273985083,overnight,False,True,False,1.0,0.95,0.0
A05128,wholesale_unsecured,2922991.0570050273,overnight,False,True,False,1.0,0.0,0.0
A05129,corporate_operational,7634444.742274554,2d-7d,False,True,False,1.0,0.5,0.0
A05130,corporate_non_operational,7286007.262502136,8d-30d,False,True,False,1.0,0.5,0.0
A05131,committed_facilities,854301.7451270744,31d-90d,False,False,True,1.0,0.0,0.0
A05132,retail_less_stable,1121452.6016689183,2d-7d,False,True,False,1.0,0.9,0.0
A05133,retail_stable,4152667.936007557,91d-1y,False,True,False,1.0,0.95,0.0
A05134,retail_stable,32926793.027773738,overnight,False,True,False,1.0,0.95,0.0
A05135,retail_stable,2463816.0179256354,overnight,False,True,False,1.0,0.95,0.0
A05136,equities,2617800.823139237,>1y,True,False,False,0.45,0.0,0.85
A05137,corporate_operational,11938617.00842781,>1y,False,True,False,1.0,0.5,0.0
A05138,retail_less_stable,319560.8736937432,2d-7d,False,True,False,1.0,0.9,0.0
A05139,corporate_operational,2427113.412523886,overnight,False,True,False,1.0,0.5,0.0
A05140,corporate_operational,207170.54799203572,overnight,False,True,False,1.0,0.5,0.0
A05141,loans,11363922.188201196,8d-30d,True,False,False,0.65,0.0,0.85
A05142,committed_facilities,2428094.6193302106,overnight,False,False,True,1.0,0.0,0.0
A05143,corporate_non_operational,3899722.5337093086,8d-30d,False,True,False,1.0,0.5,0.0
A05144,wholesale_unsecured,6066541.2029697485,8d-30d,False,True,False,1.0,0.0,0.0
A05145,retail_stable,612919.2237347261,2d-7d,False,True,False,1.0,0.95,0.0
A05146,loans,17661999.767243866,2d-7d,True,False,False,0.65,0.0,0.85
A05147,retail_stable,268197.98868208565,2d-7d,False,True,False,1.0,0.95,0.0
A05148,corporate_operational,904106.189896234,2d-7d,False,True,False,1.0,0.5,0.0
A05149,loans,7740810.740621007,>1y,True,False,False,0.65,0.0,0.85
A05150,retail_less_stable,2440272.2881883304,8d-30d,False,True,False,1.0,0.9,0.0
A05151,loans,1857730.2455925897,8d-30d,True,False,False,0.65,0.0,0.85
A05152,retail_stable,2038040.8190288963,overnight,False,True,False,1.0,0.95,0.0
A05153,corporate_non_operational,1446467.5619776133,>1y,False,True,False,1.0,0.5,0.0
A05154,loans,3453889.220836725,91d-1y,True,False,False,0.65,0.0,0.85
A05155,corporate_non_operational,4911799.472780895,overnight,False,True,False,1.0,0.5,0.0
A05156,retail_stable,1767891.5276652176,8d-30d,False,True,False,1.0,0.95,0.0
A05157,retail_less_stable,1991492.1171991834,>1y,False,True,False,1.0,0.9,0.0
A05158,retail_stable,2219019.030399192,31d-90d,False,True,False,1.0,0.95,0.0
A05159,corporate_operational,6985053.267302673,31d-90d,False,True,False,1.0,0.5,0.0
A05160,retail_stable,2118071.3435638887,8d-30d,False,True,False,1.0,0.95,0.0
A05161,retail_stable,1335309.8997656056,2d-7d,False,True,False,1.0,0.95,0.0
A05162,loans,4664585.2765522655,31d-90d,True,False,False,0.65,0.0,0.85
A05163,treasury_hqla,8785964.348971106,91d-1y,True,False,False,0.05,0.0,0.05
A05164,retail_less_stable,1423663.3679009418,2d-7d,False,True,False,1.0,0.9,0.0
A05165,retail_stable,1957377.075535157,8d-30d,False,True,False,1.0,0.95,0.0
A05166,treasury_hqla,8166800.472967925,91d-1y,True,False,False,0.05,0.0,0.05
A05167,retail_stable,4889751.940315188,8d-30d,False,True,False,1.0,0.95,0.0
A05168,retail_stable,715933.026011943,91d-1y,False,True,False,1.0,0.95,0.0
A05169,loans,1165582.0038823665,91d-1y,True,False,False,0.65,0.0,0.85
A05170,loans,2640387.498593004,>1y,True,False,False,0.65,0.0,0.85
A05171,corporate_bonds,34567936.48611005,31d-90d,True,False,False,0.2,0.0,0.5
A05172,corporate_non_operational,918335.2921922957,31d-90d,False,True,False,1.0,0.5,0.0
A05173,retail_less_stable,9295536.528457955,8d-30d,False,True,False,1.0,0.9,0.0
A05174,retail_less_stable,4096448.8917129003,overnight,False,True,False,1.0,0.9,0.0
A05175,retail_stable,13248074.746158667,8d-30d,False,True,False,1.0,0.95,0.0
A05176,retail_stable,741088.7114842421,2d-7d,False,True,False,1.0,0.95,0.0
A05177,wholesale_unsecured,2021829.267274491,8d-30d,False,True,False,1.0,0.0,0.0
A05178,treasury_hqla,5117139.676391241,31d-90d,True,False,False,0.05,0.0,0.05
A05179,retail_stable,10649272.39853052,overnight,False,True,False,1.0,0.95,0.0
A05180,retail_stable,288702.74111676274,2d-7d,False,True,False,1.0,0.95,0.0
A05181,retail_stable,813841.4252006897,>1y,False,True,False,1.0,0.95,0.0
A05182,loans,1675348.66780319,2d-7d,True,False,False,0.65,0.0,0.85
A05183,retail_stable,298725.2319969768,8d-30d,False,True,False,1.0,0.95,0.0
A05184,loans,1452686.5251395847,2d-7d,True,False,False,0.65,0.0,0.85
A05185,retail_stable,6896475.648476189,overnight,False,True,False,1.0,0.95,0.0
A05186,treasury_hqla,3046507.1655449774,91d-1y,True,False,False,0.05,0.0,0.05
A05187,corporate_operational,1153412.0505691776,8d-30d,False,True,False,1.0,0.5,0.0
A05188,retail_stable,12243754.41808285,overnight,False,True,False,1.0,0.95,0.0
A05189,corporate_operational,3000218.5783789456,8d-30d,False,True,False,1.0,0.5,0.0
A05190,retail_stable,232145.50417921768,2d-7d,False,True,False,1.0,0.95,0.0
A05191,retail_less_stable,1981520.343458378,91d-1y,False,True,False,1.0,0.9,0.0
A05192,retail_stable,764634.7712517551,overnight,False,True,False,1.0,0.95,0.0
A05193,committed_facilities,1869683.1579828088,8d-30d,False,False,True,1.0,0.0,0.0
A05194,retail_stable,1727731.259656887,2d-7d,False,True,False,1.0,0.95,0.0
A05195,retail_stable,638308.7871578569,2d-7d,False,True,False,1.0,0.95,0.0
A05196,retail_less_stable,25590286.911962897,8d-30d,False,True,False,1.0,0.9,0.0
A05197,wholesale_unsecured,4290371.691199608,overnight,False,True,False,1.0,0.0,0.0
A05198,loans,711918.1362493532,2d-7d,True,False,False,0.65,0.0,0.85
A05199,wholesale_unsecured,2252341.346047681,2d-7d,False,True,False,1.0,0.0,0.0
A05200,retail_less_stable,2745475.8381673535,overnight,False,True,False,1.0,0.9,0.0
A05201,retail_stable,1036344.6874989595,overnight,False,True,False,1.0,0.95,0.0
A05202,loans,3339626.229050462,>1y,True,False,False,0.65,0.0,0.85
A05203,treasury_hqla,19580586.78214256,91d-1y,True,False,False,0.05,0.0,0.05
A05204,corporate_bonds,3441216.2704258077,91d-1y,True,False,False,0.2,0.0,0.5
A05205,corporate_non_operational,2452252.2407819913,8d-30d,False,True,False,1.0,0.5,0.0
A05206,corporate_bonds,467961.90726197127,8d-30d,True,False,False,0.2,0.0,0.5
A05207,retail_less_stable,883723.7205213844,overnight,False,True,False,1.0,0.9,0.0
A05208,committed_facilities,1915095.563174442,91d-1y,False,False,True,1.0,0.0,0.0
A05209,treasury_hqla,10701974.201586105,91d-1y,True,False,False,0.05,0.0,0.05
A05210,treasury_hqla,2896733.032063662,>1y,True,False,False,0.05,0.0,0.05
A05211,retail_stable,9983087.768831372,8d-30d,False,True,False,1.0,0.95,0.0
A05212,retail_less_stable,2112249.162901,2d-7d,False,True,False,1.0,0.9,0.0
A05213,treasury_hqla,13991745.311985752,2d-7d,True,False,False,0.05,0.0,0.05
A05214,retail_stable,774119.3664249582,overnight,False,True,False,1.0,0.95,0.0
A05215,retail_stable,6865012.863243306,>1y,False,True,False,1.0,0.95,0.0
A05216,retail_stable,313526.5016811683,overnight,False,True,False,1.0,0.95,0.0
A05217,corporate_non_operational,8272537.967104359,2d-7d,False,True,False,1.0,0.5,0.0
A05218,corporate_non_operational,3142079.021410938,2d-7d,False,True,False,1.0,0.5,0.0
A05219,committed_facilities,10796658.611745335,overnight,False,False,True,1.0,0.0,0.0
A05220,treasury_hqla,5308469.607890263,>1y,True,False,False,0.05,0.0,0.05
A05221,corporate_operational,609346.1968801128,8d-30d,False,True,False,1.0,0.5,0.0
A05222,loans,8678329.546466224,overnight,True,False,False,0.65,0.0,0.85
A05223,committed_facilities,2199896.618497321,91d-1y,False,False,True,1.0,0.0,0.0
A05224,loans,9382374.409798078,8d-30d,True,False,False,0.65,0.0,0.85
A05225,committed_facilities,1774019.7931765078,>1y,False,False,True,1.0,0.0,0.0
A05226,loans,1369009.5847667682,8d-30d,True,False,False,0.65,0.0,0.85
A05227,corporate_non_operational,4929878.219107581,2d-7d,False,True,False,1.0,0.5,0.0
A05228,wholesale_unsecured,1624434.7897466803,31d-90d,False,True,False,1.0,0.0,0.0
A05229,treasury_hqla,575203.6420644552,>1y,True,False,False,0.05,0.0,0.05
A05230,treasury_hqla,4139669.6475269743,>1y,True,False,False,0.05,0.0,0.05
A05231,committed_facilities,701393.775449516,>1y,False,False,True,1.0,0.0,0.0
A05232,loans,13141159.005481254,>1y,True,False,False,0.65,0.0,0.85
A05233,retail_less_stable,6878989.167781695,8d-30d,False,True,False,1.0,0.9,0.0
A05234,corporate_bonds,3525779.5185942315,8d-30d,True,False,False,0.2,0.0,0.5
A05235,corporate_bonds,2070697.2801010034,91d-1y,True,False,False,0.2,0.0,0.5
A05236,loans,6552492.90460105,31d-90d,True,False,False,0.65,0.0,0.85
A05237,corporate_non_operational,6664473.323180011,2d-7d,False,True,False,1.0,0.5,0.0
A05238,loans,293783.89760069974,>1y,True,False,False,0.65,0.0,0.85
A05239,retail_stable,11573589.888207857,overnight,False,True,False,1.0,0.95,0.0
A05240,loans,5921388.440220113,>1y,True,False,False,0.65,0.0,0.85
A05241,retail_stable,1530746.7441112008,overnight,False,True,False,1.0,0.95,0.0
A05242,corporate_non_operational,5615009.716444067,91d-1y,False,True,False,1.0,0.5,0.0
A05243,wholesale_unsecured,9988645.22667304,2d-7d,False,True,False,1.0,0.0,0.0
A05244,committed_facilities,1345856.8482430764,overnight,False,False,True,1.0,0.0,0.0
A05245,retail_stable,5235206.250338226,overnight,False,True,False,1.0,0.95,0.0
A05246,loans,2106406.960681998,>1y,True,False,False,0.65,0.0,0.85
A05247,corporate_operational,9628521.35406005,overnight,False,True,False,1.0,0.5,0.0
A05248,treasury_hqla,3004332.1124436683,>1y,True,False,False,0.05,0.0,0.05
A05249,treasury_hqla,1411712.919158179,>1y,True,False,False,0.05,0.0,0.05
A05250,retail_stable,2723516.45326125,overnight,False,True,False,1.0,0.95,0.0
A05251,corporate_non_operational,2593757.1430529184,8d-30d,False,True,False,1.0,0.5,0.0
A05252,corporate_bonds,2875879.254759755,overnight,True,False,False,0.2,0.0,0.5
A05253,corporate_operational,3263491.686450651,overnight,False,True,False,1.0,0.5,0.0
A05254,retail_less_stable,10977945.646432983,8d-30d,False,True,False,1.0,0.9,0.0
A05255,retail_less_stable,9583086.704569485,91d-1y,False,True,False,1.0,0.9,0.0
A05256,loans,4053139.5520965066,>1y,True,False,False,0.65,0.0,0.85
A05257,retail_stable,1631305.8894748199,>1y,False,True,False,1.0,0.95,0.0
A05258,committed_facilities,3262454.399831707,91d-1y,False,False,True,1.0,0.0,0.0
A05259,retail_stable,6314946.877757548,overnight,False,True,False,1.0,0.95,0.0
A05260,retail_less_stable,8701750.861366663,31d-90d,False,True,False,1.0,0.9,0.0
A05261,retail_stable,765674.3737510104,overnight,False,True,False,1.0,0.95,0.0
A05262,retail_less_stable,4139342.269184597,overnight,False,True,False,1.0,0.9,0.0
A05263,retail_stable,1934843.6013504132,8d-30d,False,True,False,1.0,0.95,0.0
A05264,equities,27022086.87583219,>1y,True,False,False,0.45,0.0,0.85
A05265,loans,4419105.47301622,31d-90d,True,False,False,0.65,0.0,0.85
A05266,retail_stable,2671858.757715282,31d-90d,False,True,False,1.0,0.95,0.0
A05267,corporate_bonds,9997023.988641063,>1y,True,False,False,0.2,0.0,0.5
A05268,wholesale_unsecured,2096624.2319866896,overnight,False,True,False,1.0,0.0,0.0
A05269,loans,2403339.1103219185,91d-1y,True,False,False,0.65,0.0,0.85
A05270,corporate_operational,2051866.5036541852,overnight,False,True,False,1.0,0.5,0.0
A05271,loans,5135907.788730623,31d-90d,True,False,False,0.65,0.0,0.85
A05272,treasury_hqla,1810725.963651837,31d-90d,True,False,False,0.05,0.0,0.05
A05273,corporate_non_operational,5423472.219652345,overnight,False,True,False,1.0,0.5,0.0
A05274,wholesale_unsecured,2204113.7401499255,8d-30d,False,True,False,1.0,0.0,0.0
A05275,retail_less_stable,6602038.704528441,2d-7d,False,True,False,1.0,0.9,0.0
A05276,wholesale_unsecured,1788711.1671001576,>1y,False,True,False,1.0,0.0,0.0
A05277,corporate_non_operational,122947.491851344,>1y,False,True,False,1.0,0.5,0.0
A05278,retail_less_stable,1379583.2667140993,overnight,False,True,False,1.0,0.9,0.0
A05279,retail_stable,4782899.02639254,overnight,False,True,False,1.0,0.95,0.0
A05280,corporate_non_operational,3499035.326360651,91d-1y,False,True,False,1.0,0.5,0.0
A05281,retail_stable,7031851.86403676,2d-7d,False,True,False,1.0,0.95,0.0
A05282,treasury_hqla,4633210.101824337,8d-30d,True,False,False,0.05,0.0,0.05
A05283,loans,1207953.450751785,>1y,True,False,False,0.65,0.0,0.85
A05284,wholesale_unsecured,1262499.4472736777,overnight,False,True,False,1.0,0.0,0.0
A05285,corporate_non_operational,4286176.673924657,overnight,False,True,False,1.0,0.5,0.0
A05286,retail_stable,1040896.3333554595,overnight,False,True,False,1.0,0.95,0.0
A05287,retail_stable,2171822.476908015,overnight,False,True,False,1.0,0.95,0.0
A05288,retail_stable,977674.3463836553,>1y,False,True,False,1.0,0.95,0.0
A05289,loans,3679466.6633186787,>1y,True,False,False,0.65,0.0,0.85
A05290,treasury_hqla,903854.4934472175,2d-7d,True,False,False,0.05,0.0,0.05
A05291,loans,3186417.663320492,overnight,True,False,False,0.65,0.0,0.85
A05292,retail_stable,5461682.440697227,91d-1y,False,True,False,1.0,0.95,0.0
A05293,retail_stable,5529560.5838883305,8d-30d,False,True,False,1.0,0.95,0.0
A05294,corporate_operational,2608182.9541215105,overnight,False,True,False,1.0,0.5,0.0
A05295,treasury_hqla,1698580.9045290793,>1y,True,False,False,0.05,0.0,0.05
A05296,retail_less_stable,1737959.1770086812,overnight,False,True,False,1.0,0.9,0.0
A05297,corporate_non_operational,5473170.298359747,overnight,False,True,False,1.0,0.5,0.0
A05298,treasury_hqla,2429878.5051885513,31d-90d,True,False,False,0.05,0.0,0.05
A05299,loans,1770002.630078831,31d-90d,True,False,False,0.65,0.0,0.85
A05300,retail_stable,580031.1595530817,>1y,False,True,False,1.0,0.95,0.0
A05301,retail_less_stable,2702338.2296639625,overnight,False,True,False,1.0,0.9,0.0
A05302,wholesale_unsecured,1514471.0388088864,91d-1y,False,True,False,1.0,0.0,0.0
A05303,wholesale_unsecured,5374059.628837691,overnight,False,True,False,1.0,0.0,0.0
A05304,equities,5464897.36315527,8d-30d,True,False,False,0.45,0.0,0.85
A05305,corporate_non_operational,506251.91054923635,91d-1y,False,True,False,1.0,0.5,0.0
A05306,retail_stable,765527.3219957396,2d-7d,False,True,False,1.0,0.95,0.0
A05307,loans,6917659.227458114,91d-1y,True,False,False,0.65,0.0,0.85
A05308,corporate_non_operational,6674929.004441666,2d-7d,False,True,False,1.0,0.5,0.0
A05309,wholesale_unsecured,2219049.3657238428,overnight,False,True,False,1.0,0.0,0.0
A05310,retail_stable,416316.3409827088,8d-30d,False,True,False,1.0,0.95,0.0
A05311,corporate_operational,4965261.717270573,overnight,False,True,False,1.0,0.5,0.0
A05312,corporate_operational,7595167.430149183,overnight,False,True,False,1.0,0.5,0.0
A05313,loans,7940774.21494396,>1y,True,False,False,0.65,0.0,0.85
A05314,corporate_bonds,11162848.325814333,>1y,True,False,False,0.2,0.0,0.5
A05315,retail_stable,3670480.2111184373,91d-1y,False,True,False,1.0,0.95,0.0
A05316,corporate_operational,3457282.1656038025,2d-7d,False,True,False,1.0,0.5,0.0
A05317,loans,12563209.723803764,91d-1y,True,False,False,0.65,0.0,0.85
A05318,treasury_hqla,24471361.906004228,>1y,True,False,False,0.05,0.0,0.05
A05319,retail_stable,4039953.0694199167,>1y,False,True,False,1.0,0.95,0.0
A05320,corporate_non_operational,3599896.3691682746,overnight,False,True,False,1.0,0.5,0.0
A05321,retail_stable,1180714.2499360624,2d-7d,False,True,False,1.0,0.95,0.0
A05322,committed_facilities,1613636.1055398649,8d-30d,False,False,True,1.0,0.0,0.0
A05323,loans,3001583.116726989,>1y,True,False,False,0.65,0.0,0.85
A05324,loans,4109690.654663429,>1y,True,False,False,0.65,0.0,0.85
A05325,equities,176853138.14410833,>1y,True,False,False,0.45,0.0,0.85
A05326,retail_less_stable,466864.70692079933,overnight,False,True,False,1.0,0.9,0.0
A05327,retail_stable,2744489.7842089436,91d-1y,False,True,False,1.0,0.95,0.0
A05328,retail_stable,13476296.382355276,overnight,False,True,False,1.0,0.95,0.0
A05329,committed_facilities,894375.5516503237,91d-1y,False,False,True,1.0,0.0,0.0
A05330,corporate_bonds,1528667.8327614837,31d-90d,True,False,False,0.2,0.0,0.5
A05331,retail_stable,4027233.538431796,overnight,False,True,False,1.0,0.95,0.0
A05332,treasury_hqla,6105837.14030962,>1y,True,False,False,0.05,0.0,0.05
A05333,wholesale_unsecured,332944.7600533197,overnight,False,True,False,1.0,0.0,0.0
A05334,loans,1124843.9151962595,2d-7d,True,False,False,0.65,0.0,0.85
A05335,corporate_non_operational,5898850.171039025,8d-30d,False,True,False,1.0,0.5,0.0
A05336,retail_less_stable,6579187.814504212,overnight,False,True,False,1.0,0.9,0.0
A05337,corporate_operational,1846614.9565457725,31d-90d,False,True,False,1.0,0.5,0.0
A05338,treasury_hqla,7236042.092207758,>1y,True,False,False,0.05,0.0,0.05
A05339,treasury_hqla,1747413.6492501388,>1y,True,False,False,0.05,0.0,0.05
A05340,corporate_bonds,1280788.5969963914,overnight,True,False,False,0.2,0.0,0.5
A05341,corporate_non_operational,191517.16462489963,8d-30d,False,True,False,1.0,0.5,0.0
A05342,loans,700099.9607355254,91d-1y,True,False,False,0.65,0.0,0.85
A05343,corporate_non_operational,8277139.464485411,overnight,False,True,False,1.0,0.5,0.0
A05344,retail_less_stable,2427604.4026806853,>1y,False,True,False,1.0,0.9,0.0
A05345,retail_stable,670175.3014705684,2d-7d,False,True,False,1.0,0.95,0.0
A05346,retail_stable,3907302.2129382566,8d-30d,False,True,False,1.0,0.95,0.0
A05347,equities,1991187.3128150431,>1y,True,False,False,0.45,0.0,0.85
A05348,loans,3035578.591743777,91d-1y,True,False,False,0.65,0.0,0.85
A05349,treasury_hqla,5713714.401967748,>1y,True,False,False,0.05,0.0,0.05
A05350,corporate_operational,3783722.7414883804,>1y,False,True,False,1.0,0.5,0.0
A05351,retail_stable,839452.2230909736,>1y,False,True,False,1.0,0.95,0.0
A05352,retail_stable,5433310.220148456,overnight,False,True,False,1.0,0.95,0.0
A05353,retail_stable,2007064.1112241177,overnight,False,True,False,1.0,0.95,0.0
A05354,loans,12170332.976349741,>1y,True,False,False,0.65,0.0,0.85
A05355,corporate_non_operational,1669235.2965657155,31d-90d,False,True,False,1.0,0.5,0.0
A05356,corporate_non_operational,1067269.066844329,2d-7d,False,True,False,1.0,0.5,0.0
A05357,corporate_bonds,1971604.388266667,91d-1y,True,False,False,0.2,0.0,0.5
A05358,retail_stable,4726732.848585615,2d-7d,False,True,False,1.0,0.95,0.0
A05359,equities,5192824.649334811,8d-30d,True,False,False,0.45,0.0,0.85
A05360,equities,1147496.1729499896,>1y,True,False,False,0.45,0.0,0.85
A05361,retail_stable,5677007.625046823,overnight,False,True,False,1.0,0.95,0.0
A05362,loans,1288827.6170021049,91d-1y,True,False,False,0.65,0.0,0.85
A05363,loans,7340397.882605675,>1y,True,False,False,0.65,0.0,0.85
A05364,wholesale_unsecured,9906705.937321119,91d-1y,False,True,False,1.0,0.0,0.0
A05365,retail_less_stable,1585589.5441293588,91d-1y,False,True,False,1.0,0.9,0.0
A05366,equities,149777.1744354621,>1y,True,False,False,0.45,0.0,0.85
A05367,retail_less_stable,4971861.3704590555,overnight,False,True,False,1.0,0.9,0.0
A05368,corporate_operational,2688799.2370894793,8d-30d,False,True,False,1.0,0.5,0.0
A05369,corporate_bonds,2158912.5680355444,>1y,True,False,False,0.2,0.0,0.5
A05370,corporate_operational,1203420.439262064,overnight,False,True,False,1.0,0.5,0.0
A05371,corporate_non_operational,887725.6871794211,8d-30d,False,True,False,1.0,0.5,0.0
A05372,retail_less_stable,2451538.0743464865,8d-30d,False,True,False,1.0,0.9,0.0
A05373,corporate_bonds,9553498.686030256,>1y,True,False,False,0.2,0.0,0.5
A05374,corporate_operational,3517495.0045271316,overnight,False,True,False,1.0,0.5,0.0
A05375,retail_stable,383379.59257569775,31d-90d,False,True,False,1.0,0.95,0.0
A05376,wholesale_unsecured,2160958.7419491084,8d-30d,False,True,False,1.0,0.0,0.0
A05377,retail_stable,13432949.262035944,2d-7d,False,True,False,1.0,0.95,0.0
A05378,retail_stable,256940.44081052326,>1y,False,True,False,1.0,0.95,0.0
A05379,retail_less_stable,1875225.0527685941,91d-1y,False,True,False,1.0,0.9,0.0
A05380,retail_less_stable,3777426.864349686,8d-30d,False,True,False,1.0,0.9,0.0
A05381,loans,2214824.2594811767,31d-90d,True,False,False,0.65,0.0,0.85
A05382,loans,2556593.8396443278,31d-90d,True,False,False,0.65,0.0,0.85
A05383,loans,506949.40941661067,31d-90d,True,False,False,0.65,0.0,0.85
A05384,loans,381712.2334628715,8d-30d,True,False,False,0.65,0.0,0.85
A05385,loans,6169093.04863418,2d-7d,True,False,False,0.65,0.0,0.85
A05386,loans,1490381.6906152014,91d-1y,True,False,False,0.65,0.0,0.85
A05387,equities,3399212.1598262386,8d-30d,True,False,False,0.45,0.0,0.85
A05388,loans,5263773.400897649,31d-90d,True,False,False,0.65,0.0,0.85
A05389,retail_stable,1284836.2078566072,91d-1y,False,True,False,1.0,0.95,0.0
A05390,loans,4228854.350066624,8d-30d,True,False,False,0.65,0.0,0.85
A05391,corporate_operational,23260211.41038417,overnight,False,True,False,1.0,0.5,0.0
A05392,loans,6749231.8985544285,91d-1y,True,False,False,0.65,0.0,0.85
A05393,retail_stable,2902420.6217879127,8d-30d,False,True,False,1.0,0.95,0.0
A05394,corporate_non_operational,9452857.881623056,91d-1y,False,True,False,1.0,0.5,0.0
A05395,loans,2520467.2386026788,31d-90d,True,False,False,0.65,0.0,0.85
A05396,retail_less_stable,1166693.2489397158,2d-7d,False,True,False,1.0,0.9,0.0
A05397,retail_stable,778546.9660649509,8d-30d,False,True,False,1.0,0.95,0.0
A05398,corporate_bonds,3008195.937061757,91d-1y,True,False,False,0.2,0.0,0.5
A05399,loans,1694865.2889436828,8d-30d,True,False,False,0.65,0.0,0.85
A05400,corporate_bonds,7661864.32037464,>1y,True,False,False,0.2,0.0,0.5
A05401,committed_facilities,600284.869192466,2d-7d,False,False,True,1.0,0.0,0.0
A05402,retail_less_stable,2010960.2509279517,overnight,False,True,False,1.0,0.9,0.0
A05403,committed_facilities,8749297.363568667,31d-90d,False,False,True,1.0,0.0,0.0
A05404,equities,7050857.3000625605,8d-30d,True,False,False,0.45,0.0,0.85
A05405,retail_less_stable,2407164.2827103166,>1y,False,True,False,1.0,0.9,0.0
A05406,retail_less_stable,4205782.201822888,overnight,False,True,False,1.0,0.9,0.0
A05407,retail_stable,7581946.6479907,31d-90d,False,True,False,1.0,0.95,0.0
A05408,committed_facilities,3739140.163933074,overnight,False,False,True,1.0,0.0,0.0
A05409,corporate_non_operational,193432.37638746144,8d-30d,False,True,False,1.0,0.5,0.0
A05410,corporate_operational,1122918.5679599857,91d-1y,False,True,False,1.0,0.5,0.0
A05411,corporate_non_operational,8794141.635791862,overnight,False,True,False,1.0,0.5,0.0
A05412,treasury_hqla,5975069.641037514,>1y,True,False,False,0.05,0.0,0.05
A05413,loans,6316774.851491815,31d-90d,True,False,False,0.65,0.0,0.85
A05414,equities,3893946.6333141755,31d-90d,True,False,False,0.45,0.0,0.85
A05415,loans,10396143.887551447,91d-1y,True,False,False,0.65,0.0,0.85
A05416,loans,800562.0579221342,2d-7d,True,False,False,0.65,0.0,0.85
A05417,wholesale_unsecured,4426861.733200137,overnight,False,True,False,1.0,0.0,0.0
A05418,loans,20434349.448812217,>1y,True,False,False,0.65,0.0,0.85
A05419,corporate_non_operational,21384439.896407664,8d-30d,False,True,False,1.0,0.5,0.0
A05420,retail_stable,1870253.3442001152,8d-30d,False,True,False,1.0,0.95,0.0
A05421,corporate_non_operational,1988413.8901506623,8d-30d,False,True,False,1.0,0.5,0.0
A05422,corporate_operational,1517069.2014693497,overnight,False,True,False,1.0,0.5,0.0
A05423,loans,10107686.604538603,overnight,True,False,False,0.65,0.0,0.85
A05424,retail_less_stable,4579545.932199068,2d-7d,False,True,False,1.0,0.9,0.0
A05425,corporate_non_operational,18533906.02302551,2d-7d,False,True,False,1.0,0.5,0.0
A05426,retail_stable,1704324.0640681635,2d-7d,False,True,False,1.0,0.95,0.0
A05427,loans,3199763.205617641,31d-90d,True,False,False,0.65,0.0,0.85
A05428,retail_stable,5816804.861984466,91d-1y,False,True,False,1.0,0.95,0.0
A05429,treasury_hqla,15164930.106719818,>1y,True,False,False,0.05,0.0,0.05
A05430,corporate_operational,632462.4444234404,31d-90d,False,True,False,1.0,0.5,0.0
A05431,treasury_hqla,188805.29200342254,>1y,True,False,False,0.05,0.0,0.05
A05432,wholesale_unsecured,667127.1450862542,8d-30d,False,True,False,1.0,0.0,0.0
A05433,corporate_operational,3296326.058437423,8d-30d,False,True,False,1.0,0.5,0.0
A05434,treasury_hqla,2034855.652920033,31d-90d,True,False,False,0.05,0.0,0.05
A05435,corporate_bonds,1906347.321828871,31d-90d,True,False,False,0.2,0.0,0.5
A05436,retail_stable,4291160.160555506,8d-30d,False,True,False,1.0,0.95,0.0
A05437,treasury_hqla,1325041.7390560452,overnight,True,False,False,0.05,0.0,0.05
A05438,loans,3937816.9963060576,>1y,True,False,False,0.65,0.0,0.85
A05439,loans,1911320.2792618503,91d-1y,True,False,False,0.65,0.0,0.85
A05440,treasury_hqla,1573065.5832546265,>1y,True,False,False,0.05,0.0,0.05
A05441,retail_stable,2829021.810237656,overnight,False,True,False,1.0,0.95,0.0
A05442,treasury_hqla,3913841.2920687627,8d-30d,True,False,False,0.05,0.0,0.05
A05443,wholesale_unsecured,1053927.4567292277,31d-90d,False,True,False,1.0,0.0,0.0
A05444,corporate_non_operational,1557128.1155969552,overnight,False,True,False,1.0,0.5,0.0
A05445,treasury_hqla,2147171.6351748332,>1y,True,False,False,0.05,0.0,0.05
A05446,corporate_operational,1985232.7516118325,8d-30d,False,True,False,1.0,0.5,0.0
A05447,treasury_hqla,1191467.4222124286,31d-90d,True,False,False,0.05,0.0,0.05
A05448,retail_less_stable,8426394.731332885,91d-1y,False,True,False,1.0,0.9,0.0
A05449,retail_stable,11138006.213907318,2d-7d,False,True,False,1.0,0.95,0.0
A05450,retail_stable,6962113.03528924,2d-7d,False,True,False,1.0,0.95,0.0
A05451,retail_stable,11114133.290954018,2d-7d,False,True,False,1.0,0.95,0.0
A05452,loans,8386208.787344847,overnight,True,False,False,0.65,0.0,0.85
A05453,retail_less_stable,8304169.973738046,2d-7d,False,True,False,1.0,0.9,0.0
A05454,treasury_hqla,7613313.110809401,8d-30d,True,False,False,0.05,0.0,0.05
A05455,equities,1989504.8387323213,overnight,True,False,False,0.45,0.0,0.85
A05456,loans,2397280.2471344657,overnight,True,False,False,0.65,0.0,0.85
A05457,wholesale_unsecured,5604582.52446348,2d-7d,False,True,False,1.0,0.0,0.0
A05458,corporate_bonds,10584451.801881395,31d-90d,True,False,False,0.2,0.0,0.5
A05459,loans,15338386.188856632,91d-1y,True,False,False,0.65,0.0,0.85
A05460,retail_less_stable,1495926.070587317,8d-30d,False,True,False,1.0,0.9,0.0
A05461,corporate_non_operational,1691070.6836477926,8d-30d,False,True,False,1.0,0.5,0.0
A05462,loans,918351.4204851249,>1y,True,False,False,0.65,0.0,0.85
A05463,retail_stable,4630719.659594703,overnight,False,True,False,1.0,0.95,0.0
A05464,retail_less_stable,3251199.70966422,>1y,False,True,False,1.0,0.9,0.0
A05465,committed_facilities,3499357.117310725,8d-30d,False,False,True,1.0,0.0,0.0
A05466,corporate_non_operational,3316629.224775178,2d-7d,False,True,False,1.0,0.5,0.0
A05467,retail_less_stable,4965620.462527546,8d-30d,False,True,False,1.0,0.9,0.0
A05468,committed_facilities,2498671.5294844965,31d-90d,False,False,True,1.0,0.0,0.0
A05469,corporate_operational,981621.168223766,31d-90d,False,True,False,1.0,0.5,0.0
A05470,corporate_non_operational,6649785.017875167,8d-30d,False,True,False,1.0,0.5,0.0
A05471,wholesale_unsecured,1904547.7354865852,overnight,False,True,False,1.0,0.0,0.0
A05472,retail_stable,2448921.9647444542,2d-7d,False,True,False,1.0,0.95,0.0
A05473,corporate_non_operational,3066043.588661383,8d-30d,False,True,False,1.0,0.5,0.0
A05474,retail_stable,1001549.066892027,31d-90d,False,True,False,1.0,0.95,0.0
A05475,treasury_hqla,2704665.608039797,>1y,True,False,False,0.05,0.0,0.05
A05476,loans,15470798.17618253,>1y,True,False,False,0.65,0.0,0.85
A05477,equities,1292765.3271023547,>1y,True,False,False,0.45,0.0,0.85
A05478,retail_stable,13399371.429482346,overnight,False,True,False,1.0,0.95,0.0
A05479,corporate_bonds,8354864.831809269,overnight,True,False,False,0.2,0.0,0.5
A05480,retail_stable,9424500.0034346,overnight,False,True,False,1.0,0.95,0.0
A05481,committed_facilities,2738094.2589336815,8d-30d,False,False,True,1.0,0.0,0.0
A05482,treasury_hqla,1384430.765268284,>1y,True,False,False,0.05,0.0,0.05
A05483,retail_stable,2035153.9828077382,2d-7d,False,True,False,1.0,0.95,0.0
A05484,wholesale_unsecured,1218886.3949478108,8d-30d,False,True,False,1.0,0.0,0.0
A05485,retail_stable,1941531.4941823063,31d-90d,False,True,False,1.0,0.95,0.0
A05486,corporate_non_operational,6423412.912988851,31d-90d,False,True,False,1.0,0.5,0.0
A05487,retail_stable,17670259.44007726,overnight,False,True,False,1.0,0.95,0.0
A05488,wholesale_unsecured,2594438.4297387325,overnight,False,True,False,1.0,0.0,0.0
A05489,loans,2240560.0587728242,91d-1y,True,False,False,0.65,0.0,0.85
A05490,retail_stable,1366098.7734983906,2d-7d,False,True,False,1.0,0.95,0.0
A05491,loans,5927862.100259485,>1y,True,False,False,0.65,0.0,0.85
A05492,retail_stable,1389144.462711224,overnight,False,True,False,1.0,0.95,0.0
A05493,corporate_operational,1815128.341364209,8d-30d,False,True,False,1.0,0.5,0.0
A05494,wholesale_unsecured,9421525.884954354,31d-90d,False,True,False,1.0,0.0,0.0
A05495,corporate_operational,2532311.9951242064,2d-7d,False,True,False,1.0,0.5,0.0
A05496,treasury_hqla,1526241.9866564563,31d-90d,True,False,False,0.05,0.0,0.05
A05497,treasury_hqla,3654794.3902887627,31d-90d,True,False,False,0.05,0.0,0.05
A05498,loans,1336747.4389250488,>1y,True,False,False,0.65,0.0,0.85
A05499,corporate_bonds,267967.8190404473,91d-1y,True,False,False,0.2,0.0,0.5
A05500,retail_less_stable,9263183.259875102,overnight,False,True,False,1.0,0.9,0.0
A05501,wholesale_unsecured,2356005.2291224506,91d-1y,False,True,False,1.0,0.0,0.0
A05502,retail_stable,13374728.067723528,overnight,False,True,False,1.0,0.95,0.0
A05503,loans,8024218.039243849,8d-30d,True,False,False,0.65,0.0,0.85
A05504,corporate_bonds,9997483.492667083,91d-1y,True,False,False,0.2,0.0,0.5
A05505,loans,4058933.239882248,>1y,True,False,False,0.65,0.0,0.85
A05506,treasury_hqla,1263568.0110163137,8d-30d,True,False,False,0.05,0.0,0.05
A05507,retail_stable,1636407.7670032824,2d-7d,False,True,False,1.0,0.95,0.0
A05508,corporate_operational,14722119.272132728,overnight,False,True,False,1.0,0.5,0.0
A05509,equities,3615092.8338727537,91d-1y,True,False,False,0.45,0.0,0.85
A05510,retail_less_stable,1829316.8613336063,overnight,False,True,False,1.0,0.9,0.0
A05511,corporate_bonds,24610760.50643526,8d-30d,True,False,False,0.2,0.0,0.5
A05512,corporate_bonds,1393901.8954579325,>1y,True,False,False,0.2,0.0,0.5
A05513,retail_stable,140006.19556875015,overnight,False,True,False,1.0,0.95,0.0
A05514,retail_stable,2494821.0904199616,8d-30d,False,True,False,1.0,0.95,0.0
A05515,committed_facilities,2181802.6007927805,>1y,False,False,True,1.0,0.0,0.0
A05516,loans,15095866.352297295,8d-30d,True,False,False,0.65,0.0,0.85
A05517,equities,11947068.512420036,>1y,True,False,False,0.45,0.0,0.85
A05518,wholesale_unsecured,2096656.5409999385,overnight,False,True,False,1.0,0.0,0.0
A05519,corporate_bonds,2514288.265031402,>1y,True,False,False,0.2,0.0,0.5
A05520,retail_less_stable,3167760.8106999937,overnight,False,True,False,1.0,0.9,0.0
A05521,corporate_non_operational,2370040.6441668207,2d-7d,False,True,False,1.0,0.5,0.0
A05522,corporate_operational,8395826.913759327,2d-7d,False,True,False,1.0,0.5,0.0
A05523,corporate_bonds,5095684.129951588,>1y,True,False,False,0.2,0.0,0.5
A05524,corporate_bonds,2141381.9223181475,91d-1y,True,False,False,0.2,0.0,0.5
A05525,corporate_operational,16734165.260413837,overnight,False,True,False,1.0,0.5,0.0
A05526,corporate_operational,4032146.4638084397,2d-7d,False,True,False,1.0,0.5,0.0
A05527,retail_stable,664126.9995417043,overnight,False,True,False,1.0,0.95,0.0
A05528,committed_facilities,3988494.303606869,8d-30d,False,False,True,1.0,0.0,0.0
A05529,retail_stable,1314076.577399992,overnight,False,True,False,1.0,0.95,0.0
A05530,treasury_hqla,1950686.8030908732,2d-7d,True,False,False,0.05,0.0,0.05
A05531,treasury_hqla,561885.881643611,91d-1y,True,False,False,0.05,0.0,0.05
A05532,retail_stable,22761485.10358844,overnight,False,True,False,1.0,0.95,0.0
A05533,retail_stable,1136249.7134470083,8d-30d,False,True,False,1.0,0.95,0.0
A05534,retail_less_stable,1194975.7297929479,8d-30d,False,True,False,1.0,0.9,0.0
A05535,retail_stable,1589451.625574355,overnight,False,True,False,1.0,0.95,0.0
A05536,retail_stable,6924832.075234336,8d-30d,False,True,False,1.0,0.95,0.0
A05537,loans,11744297.658497151,31d-90d,True,False,False,0.65,0.0,0.85
A05538,treasury_hqla,7523531.9626882225,overnight,True,False,False,0.05,0.0,0.05
A05539,retail_stable,21267555.68116492,8d-30d,False,True,False,1.0,0.95,0.0
A05540,loans,5078786.160589857,31d-90d,True,False,False,0.65,0.0,0.85
A05541,retail_stable,3926075.254360228,91d-1y,False,True,False,1.0,0.95,0.0
A05542,retail_stable,734774.3094902551,91d-1y,False,True,False,1.0,0.95,0.0
A05543,retail_stable,1554570.5223432998,8d-30d,False,True,False,1.0,0.95,0.0
A05544,wholesale_unsecured,8396384.218764875,31d-90d,False,True,False,1.0,0.0,0.0
A05545,treasury_hqla,7115935.875824533,91d-1y,True,False,False,0.05,0.0,0.05
A05546,retail_less_stable,3989267.560033229,91d-1y,False,True,False,1.0,0.9,0.0
A05547,wholesale_unsecured,5264385.988885034,8d-30d,False,True,False,1.0,0.0,0.0
A05548,committed_facilities,5808419.1623496525,8d-30d,False,False,True,1.0,0.0,0.0
A05549,corporate_non_operational,2236953.037367258,8d-30d,False,True,False,1.0,0.5,0.0
A05550,corporate_operational,3041810.5380148296,overnight,False,True,False,1.0,0.5,0.0
A05551,retail_less_stable,2461968.7495633094,overnight,False,True,False,1.0,0.9,0.0
A05552,corporate_operational,2583946.2702018693,8d-30d,False,True,False,1.0,0.5,0.0
A05553,loans,1201960.8918428612,31d-90d,True,False,False,0.65,0.0,0.85
A05554,retail_less_stable,1152866.6797705875,8d-30d,False,True,False,1.0,0.9,0.0
A05555,retail_less_stable,3980677.033694152,31d-90d,False,True,False,1.0,0.9,0.0
A05556,retail_less_stable,726752.469191449,2d-7d,False,True,False,1.0,0.9,0.0
A05557,loans,3373521.3157121586,overnight,True,False,False,0.65,0.0,0.85
A05558,corporate_bonds,11912803.455971861,>1y,True,False,False,0.2,0.0,0.5
A05559,corporate_non_operational,6341594.496772967,overnight,False,True,False,1.0,0.5,0.0
A05560,retail_stable,1518923.7862175473,overnight,False,True,False,1.0,0.95,0.0
A05561,treasury_hqla,2722017.6754345973,91d-1y,True,False,False,0.05,0.0,0.05
A05562,retail_less_stable,3538698.472969648,>1y,False,True,False,1.0,0.9,0.0
A05563,corporate_operational,2970021.0944699235,91d-1y,False,True,False,1.0,0.5,0.0
A05564,retail_less_stable,2290806.3515952276,2d-7d,False,True,False,1.0,0.9,0.0
A05565,treasury_hqla,25334515.204503305,8d-30d,True,False,False,0.05,0.0,0.05
A05566,treasury_hqla,24988399.21050481,>1y,True,False,False,0.05,0.0,0.05
A05567,retail_stable,1541818.5303282286,8d-30d,False,True,False,1.0,0.95,0.0
A05568,retail_less_stable,3343640.336623534,8d-30d,False,True,False,1.0,0.9,0.0
A05569,retail_less_stable,1894135.1948812513,8d-30d,False,True,False,1.0,0.9,0.0
A05570,corporate_operational,4222663.438275472,overnight,False,True,False,1.0,0.5,0.0
A05571,retail_less_stable,975709.5681961728,91d-1y,False,True,False,1.0,0.9,0.0
A05572,wholesale_unsecured,4806021.260021339,2d-7d,False,True,False,1.0,0.0,0.0
A05573,loans,4822947.255035081,91d-1y,True,False,False,0.65,0.0,0.85
A05574,wholesale_unsecured,13675261.610239765,2d-7d,False,True,False,1.0,0.0,0.0
A05575,retail_stable,607236.9776487526,8d-30d,False,True,False,1.0,0.95,0.0
A05576,retail_stable,1750936.0721179212,2d-7d,False,True,False,1.0,0.95,0.0
A05577,loans,5128489.0256061945,31d-90d,True,False,False,0.65,0.0,0.85
A05578,wholesale_unsecured,564182.6621313356,8d-30d,False,True,False,1.0,0.0,0.0
A05579,retail_stable,411163.09574159124,91d-1y,False,True,False,1.0,0.95,0.0
A05580,treasury_hqla,21906625.26030676,8d-30d,True,False,False,0.05,0.0,0.05
A05581,retail_stable,2913529.2754036896,8d-30d,False,True,False,1.0,0.95,0.0
A05582,retail_less_stable,6343571.857952941,2d-7d,False,True,False,1.0,0.9,0.0
A05583,treasury_hqla,1005874.0160953242,8d-30d,True,False,False,0.05,0.0,0.05
A05584,corporate_bonds,1850027.322428634,8d-30d,True,False,False,0.2,0.0,0.5
A05585,treasury_hqla,1150686.2849200682,31d-90d,True,False,False,0.05,0.0,0.05
A05586,treasury_hqla,3741256.859325639,2d-7d,True,False,False,0.05,0.0,0.05
A05587,wholesale_unsecured,2716781.8242190643,31d-90d,False,True,False,1.0,0.0,0.0
A05588,retail_less_stable,10278400.465093954,31d-90d,False,True,False,1.0,0.9,0.0
A05589,treasury_hqla,1920777.079507521,31d-90d,True,False,False,0.05,0.0,0.05
A05590,corporate_non_operational,5099115.8532215245,overnight,False,True,False,1.0,0.5,0.0
A05591,retail_less_stable,1872051.6743761909,overnight,False,True,False,1.0,0.9,0.0
A05592,wholesale_unsecured,9697212.78829669,>1y,False,True,False,1.0,0.0,0.0
A05593,retail_less_stable,2162354.687421281,8d-30d,False,True,False,1.0,0.9,0.0
A05594,corporate_bonds,3381120.628779498,8d-30d,True,False,False,0.2,0.0,0.5
A05595,loans,1774624.6555598099,2d-7d,True,False,False,0.65,0.0,0.85
A05596,loans,881588.910570211,91d-1y,True,False,False,0.65,0.0,0.85
A05597,retail_less_stable,7364857.364018906,91d-1y,False,True,False,1.0,0.9,0.0
A05598,loans,4051963.6502836277,>1y,True,False,False,0.65,0.0,0.85
A05599,loans,787376.6579219092,91d-1y,True,False,False,0.65,0.0,0.85
A05600,loans,10373717.535711281,91d-1y,True,False,False,0.65,0.0,0.85
A05601,retail_less_stable,14738458.384773599,overnight,False,True,False,1.0,0.9,0.0
A05602,treasury_hqla,32699744.898932725,8d-30d,True,False,False,0.05,0.0,0.05
A05603,loans,4171910.107441874,31d-90d,True,False,False,0.65,0.0,0.85
A05604,corporate_non_operational,1458253.988631457,2d-7d,False,True,False,1.0,0.5,0.0
A05605,retail_stable,3690157.893296405,overnight,False,True,False,1.0,0.95,0.0
A05606,loans,3131576.6394914044,31d-90d,True,False,False,0.65,0.0,0.85
A05607,equities,3910244.161339217,91d-1y,True,False,False,0.45,0.0,0.85
A05608,treasury_hqla,637453.0061603491,8d-30d,True,False,False,0.05,0.0,0.05
A05609,committed_facilities,2214938.383941952,2d-7d,False,False,True,1.0,0.0,0.0
A05610,retail_stable,1715614.2634561062,31d-90d,False,True,False,1.0,0.95,0.0
A05611,loans,5671201.300527377,91d-1y,True,False,False,0.65,0.0,0.85
A05612,retail_less_stable,2484456.0446966235,overnight,False,True,False,1.0,0.9,0.0
A05613,retail_less_stable,2784957.8518838314,31d-90d,False,True,False,1.0,0.9,0.0
A05614,corporate_bonds,6921110.243884237,overnight,True,False,False,0.2,0.0,0.5
A05615,retail_less_stable,686001.2369712449,31d-90d,False,True,False,1.0,0.9,0.0
A05616,treasury_hqla,7518175.660690828,31d-90d,True,False,False,0.05,0.0,0.05
A05617,loans,8728767.805531705,91d-1y,True,False,False,0.65,0.0,0.85
A05618,wholesale_unsecured,507933.4741215067,>1y,False,True,False,1.0,0.0,0.0
A05619,retail_less_stable,4544280.534361404,2d-7d,False,True,False,1.0,0.9,0.0
A05620,loans,15577063.629184188,>1y,True,False,False,0.65,0.0,0.85
A05621,wholesale_unsecured,1042546.6897239424,>1y,False,True,False,1.0,0.0,0.0
A05622,retail_less_stable,4867157.298691105,2d-7d,False,True,False,1.0,0.9,0.0
A05623,wholesale_unsecured,1890509.3658106541,2d-7d,False,True,False,1.0,0.0,0.0
A05624,loans,11792085.254206888,8d-30d,True,False,False,0.65,0.0,0.85
A05625,corporate_bonds,2960692.812276474,31d-90d,True,False,False,0.2,0.0,0.5
A05626,corporate_operational,3485833.9693434765,overnight,False,True,False,1.0,0.5,0.0
A05627,retail_less_stable,10034049.802188525,2d-7d,False,True,False,1.0,0.9,0.0
A05628,corporate_non_operational,2067608.927194264,2d-7d,False,True,False,1.0,0.5,0.0
A05629,corporate_operational,1240897.9464638997,91d-1y,False,True,False,1.0,0.5,0.0
A05630,committed_facilities,1555731.347060563,8d-30d,False,False,True,1.0,0.0,0.0
A05631,wholesale_unsecured,1004835.0808654387,overnight,False,True,False,1.0,0.0,0.0
A05632,loans,12921238.583303848,overnight,True,False,False,0.65,0.0,0.85
A05633,retail_stable,1787950.2386415517,31d-90d,False,True,False,1.0,0.95,0.0
A05634,committed_facilities,18834733.75303294,8d-30d,False,False,True,1.0,0.0,0.0
A05635,loans,4727244.680307851,8d-30d,True,False,False,0.65,0.0,0.85
A05636,treasury_hqla,4584547.0549715515,91d-1y,True,False,False,0.05,0.0,0.05
A05637,retail_stable,7287179.795387805,8d-30d,False,True,False,1.0,0.95,0.0
A05638,retail_stable,2956315.268581239,overnight,False,True,False,1.0,0.95,0.0
A05639,retail_less_stable,591507.9378002961,8d-30d,False,True,False,1.0,0.9,0.0
A05640,loans,1607171.7527537243,91d-1y,True,False,False,0.65,0.0,0.85
A05641,loans,1585787.2692891282,>1y,True,False,False,0.65,0.0,0.85
A05642,corporate_operational,2024177.9636935124,overnight,False,True,False,1.0,0.5,0.0
A05643,treasury_hqla,2256532.309467154,91d-1y,True,False,False,0.05,0.0,0.05
A05644,corporate_operational,2562817.4596340884,8d-30d,False,True,False,1.0,0.5,0.0
A05645,treasury_hqla,1882622.5406345678,91d-1y,True,False,False,0.05,0.0,0.05
A05646,committed_facilities,944158.604988669,31d-90d,False,False,True,1.0,0.0,0.0
A05647,committed_facilities,2261811.3450525277,>1y,False,False,True,1.0,0.0,0.0
A05648,retail_stable,3516636.1845612666,overnight,False,True,False,1.0,0.95,0.0
A05649,corporate_bonds,55624494.19566538,>1y,True,False,False,0.2,0.0,0.5
A05650,treasury_hqla,1232408.033064281,overnight,True,False,False,0.05,0.0,0.05
A05651,corporate_non_operational,2536913.1760400874,overnight,False,True,False,1.0,0.5,0.0
A05652,treasury_hqla,1036723.8580740613,>1y,True,False,False,0.05,0.0,0.05
A05653,corporate_bonds,2016939.8635315872,>1y,True,False,False,0.2,0.0,0.5
A05654,corporate_operational,3315767.2539285156,overnight,False,True,False,1.0,0.5,0.0
A05655,retail_less_stable,3923464.4512246666,overnight,False,True,False,1.0,0.9,0.0
A05656,committed_facilities,7011603.228413541,>1y,False,False,True,1.0,0.0,0.0
A05657,treasury_hqla,32112743.01114483,overnight,True,False,False,0.05,0.0,0.05
A05658,retail_stable,165332.86367098545,overnight,False,True,False,1.0,0.95,0.0
A05659,treasury_hqla,1018131.6495031376,>1y,True,False,False,0.05,0.0,0.05
A05660,corporate_non_operational,2995113.5573851215,overnight,False,True,False,1.0,0.5,0.0
A05661,loans,605946.0656276359,31d-90d,True,False,False,0.65,0.0,0.85
A05662,treasury_hqla,1475295.8926102754,>1y,True,False,False,0.05,0.0,0.05
A05663,retail_stable,5221530.321200148,overnight,False,True,False,1.0,0.95,0.0
A05664,corporate_non_operational,5056208.85643401,8d-30d,False,True,False,1.0,0.5,0.0
A05665,committed_facilities,542231.1487313118,8d-30d,False,False,True,1.0,0.0,0.0
A05666,retail_stable,780076.1126436903,>1y,False,True,False,1.0,0.95,0.0
A05667,treasury_hqla,3677164.6712423684,91d-1y,True,False,False,0.05,0.0,0.05
A05668,loans,17576742.35966165,8d-30d,True,False,False,0.65,0.0,0.85
A05669,retail_less_stable,9084420.76118823,2d-7d,False,True,False,1.0,0.9,0.0
A05670,loans,5012045.173804834,>1y,True,False,False,0.65,0.0,0.85
A05671,treasury_hqla,877444.0495474478,31d-90d,True,False,False,0.05,0.0,0.05
A05672,loans,2361028.3942229566,31d-90d,True,False,False,0.65,0.0,0.85
A05673,treasury_hqla,423005.2499751409,91d-1y,True,False,False,0.05,0.0,0.05
A05674,corporate_bonds,9061983.24177022,>1y,True,False,False,0.2,0.0,0.5
A05675,loans,1740546.2078742555,91d-1y,True,False,False,0.65,0.0,0.85
A05676,retail_stable,822966.4181271387,overnight,False,True,False,1.0,0.95,0.0
A05677,corporate_non_operational,1908135.9147085415,91d-1y,False,True,False,1.0,0.5,0.0
A05678,treasury_hqla,712899.0261069457,2d-7d,True,False,False,0.05,0.0,0.05
A05679,retail_stable,1950473.1310880617,91d-1y,False,True,False,1.0,0.95,0.0
A05680,retail_stable,3155475.2315962776,overnight,False,True,False,1.0,0.95,0.0
A05681,corporate_non_operational,2354508.8398825484,91d-1y,False,True,False,1.0,0.5,0.0
A05682,corporate_bonds,5374661.365063903,31d-90d,True,False,False,0.2,0.0,0.5
A05683,wholesale_unsecured,2097825.582134938,>1y,False,True,False,1.0,0.0,0.0
A05684,loans,1061981.5934520345,91d-1y,True,False,False,0.65,0.0,0.85
A05685,retail_less_stable,1212181.337235184,>1y,False,True,False,1.0,0.9,0.0
A05686,retail_stable,374123.44426081976,overnight,False,True,False,1.0,0.95,0.0
A05687,retail_less_stable,895076.728087954,overnight,False,True,False,1.0,0.9,0.0
A05688,retail_stable,7257472.942103049,2d-7d,False,True,False,1.0,0.95,0.0
A05689,retail_stable,7909422.961587638,overnight,False,True,False,1.0,0.95,0.0
A05690,retail_stable,9549671.445608832,overnight,False,True,False,1.0,0.95,0.0
A05691,retail_less_stable,1019071.3516740871,overnight,False,True,False,1.0,0.9,0.0
A05692,corporate_non_operational,22042414.327509917,8d-30d,False,True,False,1.0,0.5,0.0
A05693,retail_stable,361409.60158276657,overnight,False,True,False,1.0,0.95,0.0
A05694,retail_less_stable,3395644.3329724576,31d-90d,False,True,False,1.0,0.9,0.0
A05695,loans,2030969.1516419891,91d-1y,True,False,False,0.65,0.0,0.85
A05696,loans,1182977.580229493,91d-1y,True,False,False,0.65,0.0,0.85
A05697,treasury_hqla,730562.976776423,2d-7d,True,False,False,0.05,0.0,0.05
A05698,wholesale_unsecured,1556992.0046793986,31d-90d,False,True,False,1.0,0.0,0.0
A05699,committed_facilities,1536680.1582815219,31d-90d,False,False,True,1.0,0.0,0.0
A05700,loans,2398926.445243508,91d-1y,True,False,False,0.65,0.0,0.85
A05701,corporate_bonds,1064952.14821883,31d-90d,True,False,False,0.2,0.0,0.5
A05702,retail_stable,679441.0764008262,8d-30d,False,True,False,1.0,0.95,0.0
A05703,corporate_non_operational,4009049.6244959785,91d-1y,False,True,False,1.0,0.5,0.0
A05704,retail_stable,858300.1215167465,8d-30d,False,True,False,1.0,0.95,0.0
A05705,corporate_operational,5010065.404681416,overnight,False,True,False,1.0,0.5,0.0
A05706,corporate_operational,5333652.096999855,91d-1y,False,True,False,1.0,0.5,0.0
A05707,loans,5203075.075276574,8d-30d,True,False,False,0.65,0.0,0.85
A05708,equities,2989982.828654725,>1y,True,False,False,0.45,0.0,0.85
A05709,retail_stable,7461059.939363123,overnight,False,True,False,1.0,0.95,0.0
A05710,committed_facilities,2460280.1032248694,2d-7d,False,False,True,1.0,0.0,0.0
A05711,corporate_operational,1075263.2614870816,>1y,False,True,False,1.0,0.5,0.0
A05712,retail_less_stable,1241214.1609732718,overnight,False,True,False,1.0,0.9,0.0
A05713,equities,1519529.091476308,31d-90d,True,False,False,0.45,0.0,0.85
A05714,loans,3309077.574702103,31d-90d,True,False,False,0.65,0.0,0.85
A05715,loans,1653892.1696600227,>1y,True,False,False,0.65,0.0,0.85
A05716,committed_facilities,320708.20305253187,31d-90d,False,False,True,1.0,0.0,0.0
A05717,retail_stable,3002763.3489996847,overnight,False,True,False,1.0,0.95,0.0
A05718,treasury_hqla,1498859.2372289095,8d-30d,True,False,False,0.05,0.0,0.05
A05719,retail_stable,4168663.918174626,overnight,False,True,False,1.0,0.95,0.0
A05720,loans,674836.9371210404,2d-7d,True,False,False,0.65,0.0,0.85
A05721,retail_stable,1179058.1789549752,31d-90d,False,True,False,1.0,0.95,0.0
A05722,retail_less_stable,3096505.065314435,2d-7d,False,True,False,1.0,0.9,0.0
A05723,retail_stable,1160901.5555229348,overnight,False,True,False,1.0,0.95,0.0
A05724,loans,2934456.801550877,overnight,True,False,False,0.65,0.0,0.85
A05725,retail_stable,3859505.3974492075,8d-30d,False,True,False,1.0,0.95,0.0
A05726,retail_stable,3206681.8351986967,overnight,False,True,False,1.0,0.95,0.0
A05727,wholesale_unsecured,8969451.049775744,31d-90d,False,True,False,1.0,0.0,0.0
A05728,loans,3365284.5303677074,overnight,True,False,False,0.65,0.0,0.85
A05729,wholesale_unsecured,3983136.871859451,overnight,False,True,False,1.0,0.0,0.0
A05730,loans,984313.623483002,>1y,True,False,False,0.65,0.0,0.85
A05731,treasury_hqla,4275591.212802592,2d-7d,True,False,False,0.05,0.0,0.05
A05732,corporate_non_operational,2425352.5727082863,2d-7d,False,True,False,1.0,0.5,0.0
A05733,retail_less_stable,4263853.951278523,overnight,False,True,False,1.0,0.9,0.0
A05734,treasury_hqla,3236083.5573573494,>1y,True,False,False,0.05,0.0,0.05
A05735,corporate_operational,646790.7168200364,overnight,False,True,False,1.0,0.5,0.0
A05736,retail_stable,30461670.37547169,31d-90d,False,True,False,1.0,0.95,0.0
A05737,wholesale_unsecured,5530274.944458667,31d-90d,False,True,False,1.0,0.0,0.0
A05738,retail_stable,8700763.987008844,overnight,False,True,False,1.0,0.95,0.0
A05739,corporate_operational,3566313.7164283507,overnight,False,True,False,1.0,0.5,0.0
A05740,retail_stable,11639113.967637163,8d-30d,False,True,False,1.0,0.95,0.0
A05741,retail_stable,1028992.7182265184,8d-30d,False,True,False,1.0,0.95,0.0
A05742,retail_stable,4053456.6375887105,8d-30d,False,True,False,1.0,0.95,0.0
A05743,treasury_hqla,4711358.377599694,31d-90d,True,False,False,0.05,0.0,0.05
A05744,retail_less_stable,1513145.5827557635,91d-1y,False,True,False,1.0,0.9,0.0
A05745,corporate_non_operational,743804.0936917731,2d-7d,False,True,False,1.0,0.5,0.0
A05746,retail_less_stable,4524337.764259191,overnight,False,True,False,1.0,0.9,0.0
A05747,committed_facilities,1464440.418879469,91d-1y,False,False,True,1.0,0.0,0.0
A05748,committed_facilities,297712.3549785863,8d-30d,False,False,True,1.0,0.0,0.0
A05749,retail_stable,16656778.83479292,2d-7d,False,True,False,1.0,0.95,0.0
A05750,loans,2346753.4444333855,>1y,True,False,False,0.65,0.0,0.85
A05751,loans,3306579.8339868337,>1y,True,False,False,0.65,0.0,0.85
A05752,corporate_bonds,11293466.74611548,>1y,True,False,False,0.2,0.0,0.5
A05753,retail_stable,5417924.049244686,8d-30d,False,True,False,1.0,0.95,0.0
A05754,committed_facilities,10375117.98467812,91d-1y,False,False,True,1.0,0.0,0.0
A05755,treasury_hqla,2344344.8792422693,>1y,True,False,False,0.05,0.0,0.05
A05756,retail_less_stable,2141776.0749916215,>1y,False,True,False,1.0,0.9,0.0
A05757,equities,684360.5280609136,91d-1y,True,False,False,0.45,0.0,0.85
A05758,retail_stable,9789270.04319282,2d-7d,False,True,False,1.0,0.95,0.0
A05759,corporate_bonds,2384936.263031903,>1y,True,False,False,0.2,0.0,0.5
A05760,corporate_operational,2009458.9981915224,91d-1y,False,True,False,1.0,0.5,0.0
A05761,corporate_operational,5890021.456798241,2d-7d,False,True,False,1.0,0.5,0.0
A05762,treasury_hqla,5641049.232925478,8d-30d,True,False,False,0.05,0.0,0.05
A05763,wholesale_unsecured,2438998.4769482403,overnight,False,True,False,1.0,0.0,0.0
A05764,loans,4761493.51338641,>1y,True,False,False,0.65,0.0,0.85
A05765,corporate_bonds,2188719.001414399,8d-30d,True,False,False,0.2,0.0,0.5
A05766,corporate_non_operational,11787410.60626879,8d-30d,False,True,False,1.0,0.5,0.0
A05767,corporate_non_operational,2180234.253629334,2d-7d,False,True,False,1.0,0.5,0.0
A05768,corporate_operational,7067302.278029112,8d-30d,False,True,False,1.0,0.5,0.0
A05769,corporate_non_operational,2744841.254298543,2d-7d,False,True,False,1.0,0.5,0.0
A05770,treasury_hqla,4252630.274118496,>1y,True,False,False,0.05,0.0,0.05
A05771,wholesale_unsecured,5931373.739677396,overnight,False,True,False,1.0,0.0,0.0
A05772,wholesale_unsecured,142294.055637737,8d-30d,False,True,False,1.0,0.0,0.0
A05773,loans,14222445.536650417,91d-1y,True,False,False,0.65,0.0,0.85
A05774,wholesale_unsecured,3696504.085376526,overnight,False,True,False,1.0,0.0,0.0
A05775,wholesale_unsecured,450342.68288603274,8d-30d,False,True,False,1.0,0.0,0.0
A05776,corporate_operational,816441.9423999068,8d-30d,False,True,False,1.0,0.5,0.0
A05777,loans,3961302.0276146578,>1y,True,False,False,0.65,0.0,0.85
A05778,loans,1386097.7227143114,31d-90d,True,False,False,0.65,0.0,0.85
A05779,wholesale_unsecured,1924613.728205268,2d-7d,False,True,False,1.0,0.0,0.0
A05780,loans,1762155.8089598943,91d-1y,True,False,False,0.65,0.0,0.85
A05781,corporate_operational,3342522.507251884,91d-1y,False,True,False,1.0,0.5,0.0
A05782,corporate_operational,2858907.59148476,overnight,False,True,False,1.0,0.5,0.0
A05783,retail_stable,1452991.1244896553,>1y,False,True,False,1.0,0.95,0.0
A05784,retail_stable,2818872.0179662593,2d-7d,False,True,False,1.0,0.95,0.0
A05785,retail_less_stable,21476670.548318006,overnight,False,True,False,1.0,0.9,0.0
A05786,loans,2989334.459798495,91d-1y,True,False,False,0.65,0.0,0.85
A05787,corporate_non_operational,1383136.7476371943,overnight,False,True,False,1.0,0.5,0.0
A05788,committed_facilities,1657252.0499676277,8d-30d,False,False,True,1.0,0.0,0.0
A05789,corporate_bonds,1578077.8367213681,>1y,True,False,False,0.2,0.0,0.5
A05790,corporate_operational,2490616.3013715483,8d-30d,False,True,False,1.0,0.5,0.0
A05791,loans,7655084.267375911,8d-30d,True,False,False,0.65,0.0,0.85
A05792,corporate_non_operational,4069684.1437187977,2d-7d,False,True,False,1.0,0.5,0.0
A05793,loans,635744.8037067576,overnight,True,False,False,0.65,0.0,0.85
A05794,wholesale_unsecured,4551112.051758992,31d-90d,False,True,False,1.0,0.0,0.0
A05795,corporate_non_operational,30377455.407349538,31d-90d,False,True,False,1.0,0.5,0.0
A05796,loans,84607164.2517887,8d-30d,True,False,False,0.65,0.0,0.85
A05797,corporate_non_operational,720282.6068039206,91d-1y,False,True,False,1.0,0.5,0.0
A05798,corporate_non_operational,2705558.275422659,overnight,False,True,False,1.0,0.5,0.0
A05799,treasury_hqla,534717.5670955669,31d-90d,True,False,False,0.05,0.0,0.05
A05800,retail_less_stable,10464030.222151635,8d-30d,False,True,False,1.0,0.9,0.0
A05801,retail_stable,4129920.5102025387,>1y,False,True,False,1.0,0.95,0.0
A05802,committed_facilities,917875.4537304717,91d-1y,False,False,True,1.0,0.0,0.0
A05803,retail_stable,1794979.4228117694,31d-90d,False,True,False,1.0,0.95,0.0
A05804,corporate_bonds,10638704.896299709,91d-1y,True,False,False,0.2,0.0,0.5
A05805,loans,1210250.5945138573,31d-90d,True,False,False,0.65,0.0,0.85
A05806,loans,3775837.490831121,91d-1y,True,False,False,0.65,0.0,0.85
A05807,retail_less_stable,2687080.877767503,2d-7d,False,True,False,1.0,0.9,0.0
A05808,retail_less_stable,1489089.0145607716,91d-1y,False,True,False,1.0,0.9,0.0
A05809,treasury_hqla,9046162.31771439,91d-1y,True,False,False,0.05,0.0,0.05
A05810,corporate_operational,54293639.88977343,8d-30d,False,True,False,1.0,0.5,0.0
A05811,committed_facilities,872195.5744786509,2d-7d,False,False,True,1.0,0.0,0.0
A05812,retail_less_stable,2599344.659758703,2d-7d,False,True,False,1.0,0.9,0.0
A05813,retail_stable,1767608.6521094772,overnight,False,True,False,1.0,0.95,0.0
A05814,treasury_hqla,6051300.770122669,>1y,True,False,False,0.05,0.0,0.05
A05815,retail_less_stable,2759985.0026656426,91d-1y,False,True,False,1.0,0.9,0.0
A05816,committed_facilities,4378446.40697562,8d-30d,False,False,True,1.0,0.0,0.0
A05817,retail_less_stable,5079542.514982368,2d-7d,False,True,False,1.0,0.9,0.0
A05818,retail_stable,183055.88872848498,overnight,False,True,False,1.0,0.95,0.0
A05819,retail_less_stable,2212100.3414191264,31d-90d,False,True,False,1.0,0.9,0.0
A05820,equities,25827763.54705839,2d-7d,True,False,False,0.45,0.0,0.85
A05821,equities,19464434.887067292,8d-30d,True,False,False,0.45,0.0,0.85
A05822,corporate_bonds,1430190.9890963323,91d-1y,True,False,False,0.2,0.0,0.5
A05823,loans,3347250.0305519234,31d-90d,True,False,False,0.65,0.0,0.85
A05824,loans,3585472.7784347236,31d-90d,True,False,False,0.65,0.0,0.85
A05825,retail_stable,3034586.5473715076,91d-1y,False,True,False,1.0,0.95,0.0
A05826,committed_facilities,3110375.5675154272,91d-1y,False,False,True,1.0,0.0,0.0
A05827,equities,5181235.123131664,8d-30d,True,False,False,0.45,0.0,0.85
A05828,corporate_bonds,4797542.80235914,2d-7d,True,False,False,0.2,0.0,0.5
A05829,committed_facilities,5110300.200741624,91d-1y,False,False,True,1.0,0.0,0.0
A05830,loans,14784128.696521677,91d-1y,True,False,False,0.65,0.0,0.85
A05831,retail_less_stable,1619878.5411350462,overnight,False,True,False,1.0,0.9,0.0
A05832,retail_stable,1819032.385069076,overnight,False,True,False,1.0,0.95,0.0
A05833,retail_stable,5795999.108525085,31d-90d,False,True,False,1.0,0.95,0.0
A05834,loans,6140322.08295862,8d-30d,True,False,False,0.65,0.0,0.85
A05835,retail_less_stable,14048013.279122733,8d-30d,False,True,False,1.0,0.9,0.0
A05836,committed_facilities,798588.3859384923,31d-90d,False,False,True,1.0,0.0,0.0
A05837,retail_less_stable,14649334.178289708,31d-90d,False,True,False,1.0,0.9,0.0
A05838,retail_less_stable,455773.4631560725,8d-30d,False,True,False,1.0,0.9,0.0
A05839,loans,6262024.421587689,8d-30d,True,False,False,0.65,0.0,0.85
A05840,committed_facilities,3584346.5415302077,31d-90d,False,False,True,1.0,0.0,0.0
A05841,retail_stable,641792.4251889706,>1y,False,True,False,1.0,0.95,0.0
A05842,corporate_operational,769009.8945360319,overnight,False,True,False,1.0,0.5,0.0
A05843,wholesale_unsecured,7385622.782287674,overnight,False,True,False,1.0,0.0,0.0
A05844,loans,33626998.90328674,91d-1y,True,False,False,0.65,0.0,0.85
A05845,corporate_bonds,372449.95994208613,31d-90d,True,False,False,0.2,0.0,0.5
A05846,treasury_hqla,2259727.515268942,>1y,True,False,False,0.05,0.0,0.05
A05847,corporate_operational,7038422.04377681,overnight,False,True,False,1.0,0.5,0.0
A05848,corporate_non_operational,16123056.405419845,overnight,False,True,False,1.0,0.5,0.0
A05849,corporate_non_operational,21549253.353917576,91d-1y,False,True,False,1.0,0.5,0.0
A05850,retail_stable,4244248.145643402,2d-7d,False,True,False,1.0,0.95,0.0
A05851,retail_stable,8334538.615384296,8d-30d,False,True,False,1.0,0.95,0.0
A05852,loans,4296979.892439468,91d-1y,True,False,False,0.65,0.0,0.85
A05853,treasury_hqla,7401785.433996166,>1y,True,False,False,0.05,0.0,0.05
A05854,treasury_hqla,4270782.348311107,31d-90d,True,False,False,0.05,0.0,0.05
A05855,corporate_operational,2381504.943011054,8d-30d,False,True,False,1.0,0.5,0.0
A05856,treasury_hqla,3865080.051264017,>1y,True,False,False,0.05,0.0,0.05
A05857,corporate_non_operational,3831886.4999917652,overnight,False,True,False,1.0,0.5,0.0
A05858,retail_stable,2337595.4070547507,2d-7d,False,True,False,1.0,0.95,0.0
A05859,retail_stable,3276212.733183777,overnight,False,True,False,1.0,0.95,0.0
A05860,retail_stable,1401439.0096853466,2d-7d,False,True,False,1.0,0.95,0.0
A05861,corporate_operational,1410816.0929848205,overnight,False,True,False,1.0,0.5,0.0
A05862,wholesale_unsecured,1998292.9460543809,31d-90d,False,True,False,1.0,0.0,0.0
A05863,treasury_hqla,840745.3170543942,>1y,True,False,False,0.05,0.0,0.05
A05864,retail_stable,1109809.5878662886,overnight,False,True,False,1.0,0.95,0.0
A05865,retail_less_stable,542654.2938832464,91d-1y,False,True,False,1.0,0.9,0.0
A05866,retail_stable,10260175.192608453,8d-30d,False,True,False,1.0,0.95,0.0
A05867,corporate_non_operational,4620053.40118476,8d-30d,False,True,False,1.0,0.5,0.0
A05868,treasury_hqla,5737956.98519783,91d-1y,True,False,False,0.05,0.0,0.05
A05869,retail_stable,1216715.2045454367,8d-30d,False,True,False,1.0,0.95,0.0
A05870,corporate_non_operational,42036480.89491595,overnight,False,True,False,1.0,0.5,0.0
A05871,corporate_bonds,10263540.828203026,8d-30d,True,False,False,0.2,0.0,0.5
A05872,retail_stable,3842088.3577093906,overnight,False,True,False,1.0,0.95,0.0
A05873,retail_stable,427047.1570923374,overnight,False,True,False,1.0,0.95,0.0
A05874,retail_stable,8237583.194759685,overnight,False,True,False,1.0,0.95,0.0
A05875,committed_facilities,16914887.48393942,>1y,False,False,True,1.0,0.0,0.0
A05876,equities,707165.3937044353,>1y,True,False,False,0.45,0.0,0.85
A05877,corporate_bonds,1898628.7567591157,>1y,True,False,False,0.2,0.0,0.5
A05878,corporate_bonds,11813714.024362432,>1y,True,False,False,0.2,0.0,0.5
A05879,loans,1219721.6688974968,31d-90d,True,False,False,0.65,0.0,0.85
A05880,loans,1118301.5035740484,31d-90d,True,False,False,0.65,0.0,0.85
A05881,corporate_bonds,1499098.928597942,31d-90d,True,False,False,0.2,0.0,0.5
A05882,corporate_bonds,8763343.339278594,8d-30d,True,False,False,0.2,0.0,0.5
A05883,equities,3269120.7491758103,>1y,True,False,False,0.45,0.0,0.85
A05884,loans,4741858.310148849,8d-30d,True,False,False,0.65,0.0,0.85
A05885,corporate_operational,1189126.265740829,2d-7d,False,True,False,1.0,0.5,0.0
A05886,treasury_hqla,17639884.737620525,91d-1y,True,False,False,0.05,0.0,0.05
A05887,treasury_hqla,2012730.6479729784,8d-30d,True,False,False,0.05,0.0,0.05
A05888,loans,1241171.777579092,>1y,True,False,False,0.65,0.0,0.85
A05889,corporate_bonds,16741529.334677393,91d-1y,True,False,False,0.2,0.0,0.5
A05890,wholesale_unsecured,586628.03289458,2d-7d,False,True,False,1.0,0.0,0.0
A05891,retail_less_stable,1500625.2148623867,8d-30d,False,True,False,1.0,0.9,0.0
A05892,corporate_operational,2490038.3230612013,8d-30d,False,True,False,1.0,0.5,0.0
A05893,retail_stable,1681774.902626723,2d-7d,False,True,False,1.0,0.95,0.0
A05894,loans,636423.5692689307,overnight,True,False,False,0.65,0.0,0.85
A05895,loans,736614.8762072396,8d-30d,True,False,False,0.65,0.0,0.85
A05896,loans,4468397.24582683,overnight,True,False,False,0.65,0.0,0.85
A05897,corporate_non_operational,3817473.12122589,>1y,False,True,False,1.0,0.5,0.0
A05898,corporate_operational,1754807.6522274632,31d-90d,False,True,False,1.0,0.5,0.0
A05899,loans,5728645.22938996,91d-1y,True,False,False,0.65,0.0,0.85
A05900,retail_less_stable,7183568.700860507,31d-90d,False,True,False,1.0,0.9,0.0
A05901,retail_less_stable,4887331.477503111,overnight,False,True,False,1.0,0.9,0.0
A05902,wholesale_unsecured,5900466.42907113,31d-90d,False,True,False,1.0,0.0,0.0
A05903,loans,2060289.4787244403,91d-1y,True,False,False,0.65,0.0,0.85
A05904,corporate_operational,31654391.87993743,31d-90d,False,True,False,1.0,0.5,0.0
A05905,corporate_operational,236848.17268241054,2d-7d,False,True,False,1.0,0.5,0.0
A05906,loans,3081080.0926552694,91d-1y,True,False,False,0.65,0.0,0.85
A05907,retail_less_stable,6563172.738652165,overnight,False,True,False,1.0,0.9,0.0
A05908,corporate_non_operational,6072458.46291803,overnight,False,True,False,1.0,0.5,0.0
A05909,loans,3502618.054199255,91d-1y,True,False,False,0.65,0.0,0.85
A05910,corporate_operational,20966726.089345805,8d-30d,False,True,False,1.0,0.5,0.0
A05911,retail_less_stable,4895733.130929165,2d-7d,False,True,False,1.0,0.9,0.0
A05912,retail_stable,1072653.7664040343,8d-30d,False,True,False,1.0,0.95,0.0
A05913,loans,4433812.608768771,overnight,True,False,False,0.65,0.0,0.85
A05914,retail_less_stable,6446970.335773206,8d-30d,False,True,False,1.0,0.9,0.0
A05915,corporate_operational,1782074.1137782517,91d-1y,False,True,False,1.0,0.5,0.0
A05916,wholesale_unsecured,1314798.8932912126,overnight,False,True,False,1.0,0.0,0.0
A05917,loans,349602.4346566845,8d-30d,True,False,False,0.65,0.0,0.85
A05918,loans,39544206.22906637,91d-1y,True,False,False,0.65,0.0,0.85
A05919,retail_stable,4700923.714523392,>1y,False,True,False,1.0,0.95,0.0
A05920,retail_less_stable,1279637.3084537762,31d-90d,False,True,False,1.0,0.9,0.0
A05921,treasury_hqla,935078.8071711267,>1y,True,False,False,0.05,0.0,0.05
A05922,equities,6432809.367696856,8d-30d,True,False,False,0.45,0.0,0.85
A05923,retail_stable,2110124.0816276246,31d-90d,False,True,False,1.0,0.95,0.0
A05924,retail_less_stable,1868145.3315834675,overnight,False,True,False,1.0,0.9,0.0
A05925,retail_stable,565055.2367812648,overnight,False,True,False,1.0,0.95,0.0
A05926,retail_stable,2917947.7421731,overnight,False,True,False,1.0,0.95,0.0
A05927,retail_stable,987722.5423082866,2d-7d,False,True,False,1.0,0.95,0.0
A05928,retail_stable,3398135.0742512858,31d-90d,False,True,False,1.0,0.95,0.0
A05929,retail_less_stable,5697497.692675508,31d-90d,False,True,False,1.0,0.9,0.0
A05930,retail_stable,3310119.9700073786,31d-90d,False,True,False,1.0,0.95,0.0
A05931,corporate_bonds,3116138.474929399,>1y,True,False,False,0.2,0.0,0.5
A05932,corporate_operational,1575371.9057181838,overnight,False,True,False,1.0,0.5,0.0
A05933,committed_facilities,5649239.965090449,91d-1y,False,False,True,1.0,0.0,0.0
A05934,treasury_hqla,14691119.257145505,>1y,True,False,False,0.05,0.0,0.05
A05935,retail_stable,2699226.240140886,31d-90d,False,True,False,1.0,0.95,0.0
A05936,wholesale_unsecured,14402695.741189213,31d-90d,False,True,False,1.0,0.0,0.0
A05937,retail_stable,2922358.6291032727,91d-1y,False,True,False,1.0,0.95,0.0
A05938,equities,3852676.976353729,>1y,True,False,False,0.45,0.0,0.85
A05939,treasury_hqla,8307299.018165106,2d-7d,True,False,False,0.05,0.0,0.05
A05940,loans,7666742.781321859,2d-7d,True,False,False,0.65,0.0,0.85
A05941,retail_stable,8343398.128188951,91d-1y,False,True,False,1.0,0.95,0.0
A05942,retail_less_stable,6302226.61931991,overnight,False,True,False,1.0,0.9,0.0
A05943,loans,7919430.466953697,8d-30d,True,False,False,0.65,0.0,0.85
A05944,retail_less_stable,5260016.336312526,>1y,False,True,False,1.0,0.9,0.0
A05945,treasury_hqla,22995446.08687559,>1y,True,False,False,0.05,0.0,0.05
A05946,retail_stable,16285015.747550197,overnight,False,True,False,1.0,0.95,0.0
A05947,retail_less_stable,26821345.635634888,2d-7d,False,True,False,1.0,0.9,0.0
A05948,wholesale_unsecured,4229146.638892649,overnight,False,True,False,1.0,0.0,0.0
A05949,corporate_non_operational,637816.2416834438,>1y,False,True,False,1.0,0.5,0.0
A05950,loans,6182281.038715382,8d-30d,True,False,False,0.65,0.0,0.85
A05951,corporate_operational,21969738.087391585,31d-90d,False,True,False,1.0,0.5,0.0
A05952,corporate_operational,9089409.957992544,overnight,False,True,False,1.0,0.5,0.0
A05953,retail_less_stable,392624.9417036752,overnight,False,True,False,1.0,0.9,0.0
A05954,corporate_operational,3042126.365883924,2d-7d,False,True,False,1.0,0.5,0.0
A05955,retail_less_stable,2955901.4328987943,91d-1y,False,True,False,1.0,0.9,0.0
A05956,corporate_non_operational,984022.9040736831,8d-30d,False,True,False,1.0,0.5,0.0
A05957,retail_stable,2994124.4395077047,overnight,False,True,False,1.0,0.95,0.0
A05958,committed_facilities,326673.02374178334,91d-1y,False,False,True,1.0,0.0,0.0
A05959,corporate_operational,248415.57037032105,31d-90d,False,True,False,1.0,0.5,0.0
A05960,corporate_bonds,1184464.4139463142,>1y,True,False,False,0.2,0.0,0.5
A05961,treasury_hqla,1085319.1531840032,>1y,True,False,False,0.05,0.0,0.05
A05962,loans,952564.8475115631,8d-30d,True,False,False,0.65,0.0,0.85
A05963,corporate_operational,1721976.9195820347,8d-30d,False,True,False,1.0,0.5,0.0
A05964,treasury_hqla,2757611.292983462,2d-7d,True,False,False,0.05,0.0,0.05
A05965,retail_less_stable,11516862.5975089,2d-7d,False,True,False,1.0,0.9,0.0
A05966,retail_less_stable,2090188.0873668664,overnight,False,True,False,1.0,0.9,0.0
A05967,loans,10237184.632239642,overnight,True,False,False,0.65,0.0,0.85
A05968,retail_stable,5235366.726353595,31d-90d,False,True,False,1.0,0.95,0.0
A05969,retail_less_stable,406972.5355457346,8d-30d,False,True,False,1.0,0.9,0.0
A05970,loans,4055523.391478081,>1y,True,False,False,0.65,0.0,0.85
A05971,retail_stable,9066148.621409597,overnight,False,True,False,1.0,0.95,0.0
A05972,retail_stable,6379012.383182753,31d-90d,False,True,False,1.0,0.95,0.0
A05973,retail_stable,2784905.925258031,>1y,False,True,False,1.0,0.95,0.0
A05974,wholesale_unsecured,962344.2010542545,overnight,False,True,False,1.0,0.0,0.0
A05975,treasury_hqla,823357.8969317138,>1y,True,False,False,0.05,0.0,0.05
A05976,retail_stable,8079291.2053654855,overnight,False,True,False,1.0,0.95,0.0
A05977,committed_facilities,2498167.055056627,>1y,False,False,True,1.0,0.0,0.0
A05978,retail_stable,2157339.626542827,overnight,False,True,False,1.0,0.95,0.0
A05979,corporate_operational,7784147.410022792,overnight,False,True,False,1.0,0.5,0.0
A05980,equities,2080638.625026843,91d-1y,True,False,False,0.45,0.0,0.85
A05981,loans,13360160.02075996,31d-90d,True,False,False,0.65,0.0,0.85
A05982,retail_less_stable,12999120.335224763,overnight,False,True,False,1.0,0.9,0.0
A05983,retail_stable,36479604.269773506,91d-1y,False,True,False,1.0,0.95,0.0
A05984,retail_stable,40182165.260813415,91d-1y,False,True,False,1.0,0.95,0.0
A05985,wholesale_unsecured,1354294.3359098395,2d-7d,False,True,False,1.0,0.0,0.0
A05986,corporate_bonds,9968145.581161672,>1y,True,False,False,0.2,0.0,0.5
A05987,treasury_hqla,4079702.6176031143,>1y,True,False,False,0.05,0.0,0.05
A05988,retail_stable,5228310.483987387,8d-30d,False,True,False,1.0,0.95,0.0
A05989,retail_stable,3950204.6574571896,8d-30d,False,True,False,1.0,0.95,0.0
A05990,retail_stable,4365672.857830113,2d-7d,False,True,False,1.0,0.95,0.0
A05991,loans,16252452.605430866,8d-30d,True,False,False,0.65,0.0,0.85
A05992,equities,1468614.2904977615,31d-90d,True,False,False,0.45,0.0,0.85
A05993,retail_stable,971737.064813965,8d-30d,False,True,False,1.0,0.95,0.0
A05994,retail_less_stable,5768174.467266564,overnight,False,True,False,1.0,0.9,0.0
A05995,retail_less_stable,1632314.0968472415,>1y,False,True,False,1.0,0.9,0.0
A05996,retail_stable,2020443.0528496807,31d-90d,False,True,False,1.0,0.95,0.0
A05997,retail_stable,3149568.8497360195,overnight,False,True,False,1.0,0.95,0.0
A05998,treasury_hqla,2175240.6183714755,31d-90d,True,False,False,0.05,0.0,0.05
A05999,retail_less_stable,1727650.6342701372,overnight,False,True,False,1.0,0.9,0.0
A06000,retail_stable,5199133.963581589,8d-30d,False,True,False,1.0,0.95,0.0
A06001,corporate_operational,7165148.273592576,2d-7d,False,True,False,1.0,0.5,0.0
A06002,retail_less_stable,1155926.0231816352,overnight,False,True,False,1.0,0.9,0.0
A06003,retail_stable,5482775.547541084,31d-90d,False,True,False,1.0,0.95,0.0
A06004,corporate_non_operational,2686712.45043486,overnight,False,True,False,1.0,0.5,0.0
A06005,retail_less_stable,2052767.8051591374,overnight,False,True,False,1.0,0.9,0.0
A06006,retail_stable,3090465.8642332046,31d-90d,False,True,False,1.0,0.95,0.0
A06007,loans,6405885.213908639,8d-30d,True,False,False,0.65,0.0,0.85
A06008,wholesale_unsecured,9863784.649260506,91d-1y,False,True,False,1.0,0.0,0.0
A06009,retail_stable,1397249.2676518299,31d-90d,False,True,False,1.0,0.95,0.0
A06010,treasury_hqla,4429702.797676929,91d-1y,True,False,False,0.05,0.0,0.05
A06011,committed_facilities,1404591.7698652782,31d-90d,False,False,True,1.0,0.0,0.0
A06012,loans,3814918.5911643915,>1y,True,False,False,0.65,0.0,0.85
A06013,corporate_operational,1180964.4201816497,overnight,False,True,False,1.0,0.5,0.0
A06014,retail_stable,6466719.384756112,overnight,False,True,False,1.0,0.95,0.0
A06015,treasury_hqla,7882480.405547455,31d-90d,True,False,False,0.05,0.0,0.05
A06016,retail_less_stable,1082248.2627468593,2d-7d,False,True,False,1.0,0.9,0.0
A06017,retail_less_stable,2703908.8788492368,91d-1y,False,True,False,1.0,0.9,0.0
A06018,retail_stable,4477387.445975176,overnight,False,True,False,1.0,0.95,0.0
A06019,corporate_bonds,1175662.5232978389,91d-1y,True,False,False,0.2,0.0,0.5
A06020,retail_less_stable,1225022.8294275692,91d-1y,False,True,False,1.0,0.9,0.0
A06021,retail_less_stable,1988187.9099340057,>1y,False,True,False,1.0,0.9,0.0
A06022,loans,944124.7620880493,2d-7d,True,False,False,0.65,0.0,0.85
A06023,retail_less_stable,5039613.921585569,31d-90d,False,True,False,1.0,0.9,0.0
A06024,retail_stable,4353150.379475438,91d-1y,False,True,False,1.0,0.95,0.0
A06025,retail_stable,5879745.453172521,overnight,False,True,False,1.0,0.95,0.0
A06026,equities,2365782.425644372,31d-90d,True,False,False,0.45,0.0,0.85
A06027,retail_stable,674972.3521589651,2d-7d,False,True,False,1.0,0.95,0.0
A06028,corporate_operational,3173863.4612663207,overnight,False,True,False,1.0,0.5,0.0
A06029,corporate_operational,1712066.6206295681,overnight,False,True,False,1.0,0.5,0.0
A06030,committed_facilities,1904973.461073889,91d-1y,False,False,True,1.0,0.0,0.0
A06031,equities,1206212.5893436773,2d-7d,True,False,False,0.45,0.0,0.85
A06032,corporate_operational,5442427.258721212,8d-30d,False,True,False,1.0,0.5,0.0
A06033,retail_stable,4046695.759958606,overnight,False,True,False,1.0,0.95,0.0
A06034,equities,3367839.215534879,31d-90d,True,False,False,0.45,0.0,0.85
A06035,retail_less_stable,7131704.523388985,2d-7d,False,True,False,1.0,0.9,0.0
A06036,retail_less_stable,11891106.567295194,91d-1y,False,True,False,1.0,0.9,0.0
A06037,retail_less_stable,8065314.469658418,2d-7d,False,True,False,1.0,0.9,0.0
A06038,retail_stable,3859832.064346348,overnight,False,True,False,1.0,0.95,0.0
A06039,wholesale_unsecured,9442184.45679848,2d-7d,False,True,False,1.0,0.0,0.0
A06040,corporate_operational,2853067.879446363,2d-7d,False,True,False,1.0,0.5,0.0
A06041,loans,4950209.952396864,91d-1y,True,False,False,0.65,0.0,0.85
A06042,committed_facilities,6276500.360707295,91d-1y,False,False,True,1.0,0.0,0.0
A06043,retail_less_stable,436104.7737423438,91d-1y,False,True,False,1.0,0.9,0.0
A06044,loans,834922.7913422245,91d-1y,True,False,False,0.65,0.0,0.85
A06045,corporate_bonds,1172348.1673936665,>1y,True,False,False,0.2,0.0,0.5
A06046,loans,11138664.150816824,>1y,True,False,False,0.65,0.0,0.85
A06047,retail_stable,1598279.2553685685,overnight,False,True,False,1.0,0.95,0.0
A06048,loans,2235221.010916953,overnight,True,False,False,0.65,0.0,0.85
A06049,corporate_bonds,1627005.756158746,91d-1y,True,False,False,0.2,0.0,0.5
A06050,retail_stable,2080884.1761675216,31d-90d,False,True,False,1.0,0.95,0.0
A06051,corporate_bonds,4752917.62551941,>1y,True,False,False,0.2,0.0,0.5
A06052,loans,9385995.976476591,overnight,True,False,False,0.65,0.0,0.85
A06053,loans,555616.8475764202,91d-1y,True,False,False,0.65,0.0,0.85
A06054,retail_stable,5130786.534935095,overnight,False,True,False,1.0,0.95,0.0
A06055,equities,880705.4164507473,8d-30d,True,False,False,0.45,0.0,0.85
A06056,loans,2432926.8126483746,31d-90d,True,False,False,0.65,0.0,0.85
A06057,retail_less_stable,5520851.3445168,8d-30d,False,True,False,1.0,0.9,0.0
A06058,retail_stable,235306.0262299204,2d-7d,False,True,False,1.0,0.95,0.0
A06059,retail_stable,894385.0294328724,2d-7d,False,True,False,1.0,0.95,0.0
A06060,retail_less_stable,461088.7454461473,2d-7d,False,True,False,1.0,0.9,0.0
A06061,treasury_hqla,1815858.4346151797,8d-30d,True,False,False,0.05,0.0,0.05
A06062,retail_less_stable,6756555.702753252,overnight,False,True,False,1.0,0.9,0.0
A06063,retail_stable,2016772.2224222147,91d-1y,False,True,False,1.0,0.95,0.0
A06064,corporate_operational,6042171.388100641,2d-7d,False,True,False,1.0,0.5,0.0
A06065,corporate_operational,4645984.205509649,2d-7d,False,True,False,1.0,0.5,0.0
A06066,treasury_hqla,168459.50936793172,>1y,True,False,False,0.05,0.0,0.05
A06067,retail_stable,7009385.961520623,91d-1y,False,True,False,1.0,0.95,0.0
A06068,treasury_hqla,3172347.3806478586,2d-7d,True,False,False,0.05,0.0,0.05
A06069,loans,3101758.719848266,>1y,True,False,False,0.65,0.0,0.85
A06070,retail_less_stable,31560339.244196024,31d-90d,False,True,False,1.0,0.9,0.0
A06071,retail_stable,1389619.5089234374,31d-90d,False,True,False,1.0,0.95,0.0
A06072,retail_stable,3141870.093137927,8d-30d,False,True,False,1.0,0.95,0.0
A06073,retail_less_stable,10800024.699541649,91d-1y,False,True,False,1.0,0.9,0.0
A06074,retail_stable,4037058.627342561,2d-7d,False,True,False,1.0,0.95,0.0
A06075,wholesale_unsecured,3965083.0607484328,31d-90d,False,True,False,1.0,0.0,0.0
A06076,retail_less_stable,4463688.919625549,overnight,False,True,False,1.0,0.9,0.0
A06077,retail_stable,3281779.322166385,8d-30d,False,True,False,1.0,0.95,0.0
A06078,retail_less_stable,4988026.694815958,overnight,False,True,False,1.0,0.9,0.0
A06079,loans,8433379.60104597,2d-7d,True,False,False,0.65,0.0,0.85
A06080,retail_stable,4214884.227725092,8d-30d,False,True,False,1.0,0.95,0.0
A06081,retail_stable,1812787.513349846,overnight,False,True,False,1.0,0.95,0.0
A06082,corporate_bonds,1294793.211664246,8d-30d,True,False,False,0.2,0.0,0.5
A06083,corporate_operational,3585871.0334500386,8d-30d,False,True,False,1.0,0.5,0.0
A06084,retail_stable,1294058.7688590027,overnight,False,True,False,1.0,0.95,0.0
A06085,treasury_hqla,346245.5730371077,>1y,True,False,False,0.05,0.0,0.05
A06086,loans,4947427.751464427,91d-1y,True,False,False,0.65,0.0,0.85
A06087,retail_stable,3390994.309042089,2d-7d,False,True,False,1.0,0.95,0.0
A06088,corporate_operational,3515825.4165137983,overnight,False,True,False,1.0,0.5,0.0
A06089,committed_facilities,1907684.9603860057,91d-1y,False,False,True,1.0,0.0,0.0
A06090,retail_stable,3278746.029038201,>1y,False,True,False,1.0,0.95,0.0
A06091,treasury_hqla,12870414.114987645,31d-90d,True,False,False,0.05,0.0,0.05
A06092,committed_facilities,14523808.61042467,overnight,False,False,True,1.0,0.0,0.0
A06093,committed_facilities,13859922.805580098,91d-1y,False,False,True,1.0,0.0,0.0
A06094,treasury_hqla,897804.0196074261,>1y,True,False,False,0.05,0.0,0.05
A06095,wholesale_unsecured,6491725.858348432,>1y,False,True,False,1.0,0.0,0.0
A06096,wholesale_unsecured,17941674.937145866,8d-30d,False,True,False,1.0,0.0,0.0
A06097,treasury_hqla,5614577.2596613495,91d-1y,True,False,False,0.05,0.0,0.05
A06098,retail_stable,329353.78604477766,2d-7d,False,True,False,1.0,0.95,0.0
A06099,retail_less_stable,720412.3912937449,overnight,False,True,False,1.0,0.9,0.0
A06100,corporate_bonds,5201304.14026251,31d-90d,True,False,False,0.2,0.0,0.5
A06101,committed_facilities,13459426.19481228,>1y,False,False,True,1.0,0.0,0.0
A06102,retail_less_stable,3793144.5833274173,2d-7d,False,True,False,1.0,0.9,0.0
A06103,corporate_operational,13252981.211988278,overnight,False,True,False,1.0,0.5,0.0
A06104,retail_stable,5698935.026878213,2d-7d,False,True,False,1.0,0.95,0.0
A06105,loans,3510609.836610719,8d-30d,True,False,False,0.65,0.0,0.85
A06106,wholesale_unsecured,2985605.7014060025,91d-1y,False,True,False,1.0,0.0,0.0
A06107,wholesale_unsecured,2288759.8578589763,overnight,False,True,False,1.0,0.0,0.0
A06108,corporate_non_operational,2978173.7124857656,91d-1y,False,True,False,1.0,0.5,0.0
A06109,retail_less_stable,4439895.439595915,overnight,False,True,False,1.0,0.9,0.0
A06110,loans,4879176.283055273,91d-1y,True,False,False,0.65,0.0,0.85
A06111,loans,3593195.3264522655,31d-90d,True,False,False,0.65,0.0,0.85
A06112,loans,13237028.079782387,>1y,True,False,False,0.65,0.0,0.85
A06113,corporate_operational,1073583.2203207195,overnight,False,True,False,1.0,0.5,0.0
A06114,corporate_bonds,1380956.3432573376,91d-1y,True,False,False,0.2,0.0,0.5
A06115,wholesale_unsecured,1910566.3923167964,overnight,False,True,False,1.0,0.0,0.0
A06116,corporate_operational,5392475.526892755,8d-30d,False,True,False,1.0,0.5,0.0
A06117,corporate_non_operational,3169524.0390661866,>1y,False,True,False,1.0,0.5,0.0
A06118,corporate_non_operational,1091969.3205315014,2d-7d,False,True,False,1.0,0.5,0.0
A06119,equities,442294.39237889135,91d-1y,True,False,False,0.45,0.0,0.85
A06120,retail_less_stable,5606476.632896736,91d-1y,False,True,False,1.0,0.9,0.0
A06121,equities,1222822.7009700409,91d-1y,True,False,False,0.45,0.0,0.85
A06122,retail_less_stable,9661259.209963145,overnight,False,True,False,1.0,0.9,0.0
A06123,loans,1102737.6413350503,31d-90d,True,False,False,0.65,0.0,0.85
A06124,retail_stable,1433979.3001773194,31d-90d,False,True,False,1.0,0.95,0.0
A06125,corporate_non_operational,2617359.578902012,overnight,False,True,False,1.0,0.5,0.0
A06126,retail_stable,302776.5907552018,overnight,False,True,False,1.0,0.95,0.0
A06127,retail_stable,1246226.7435447585,8d-30d,False,True,False,1.0,0.95,0.0
A06128,treasury_hqla,9052567.527288921,8d-30d,True,False,False,0.05,0.0,0.05
A06129,committed_facilities,254532.24690063397,91d-1y,False,False,True,1.0,0.0,0.0
A06130,wholesale_unsecured,5344528.055270509,2d-7d,False,True,False,1.0,0.0,0.0
A06131,loans,11995511.756094432,91d-1y,True,False,False,0.65,0.0,0.85
A06132,wholesale_unsecured,1416534.807540237,2d-7d,False,True,False,1.0,0.0,0.0
A06133,retail_stable,16073461.685143478,overnight,False,True,False,1.0,0.95,0.0
A06134,retail_stable,1005919.901330336,overnight,False,True,False,1.0,0.95,0.0
A06135,treasury_hqla,2144577.88524091,91d-1y,True,False,False,0.05,0.0,0.05
A06136,retail_stable,3054820.97496468,overnight,False,True,False,1.0,0.95,0.0
A06137,loans,2366230.0460111913,>1y,True,False,False,0.65,0.0,0.85
A06138,loans,7460546.401753179,31d-90d,True,False,False,0.65,0.0,0.85
A06139,retail_stable,3601995.024480818,8d-30d,False,True,False,1.0,0.95,0.0
A06140,committed_facilities,4069351.685300459,8d-30d,False,False,True,1.0,0.0,0.0
A06141,corporate_non_operational,10495731.685531475,91d-1y,False,True,False,1.0,0.5,0.0
A06142,corporate_non_operational,3394549.7485141363,91d-1y,False,True,False,1.0,0.5,0.0
A06143,corporate_operational,2323190.556418375,overnight,False,True,False,1.0,0.5,0.0
A06144,retail_stable,10199171.886237415,31d-90d,False,True,False,1.0,0.95,0.0
A06145,wholesale_unsecured,2036510.9219447286,overnight,False,True,False,1.0,0.0,0.0
A06146,wholesale_unsecured,594674.5181600426,overnight,False,True,False,1.0,0.0,0.0
A06147,treasury_hqla,2304540.96786014,8d-30d,True,False,False,0.05,0.0,0.05
A06148,committed_facilities,8062312.707164997,8d-30d,False,False,True,1.0,0.0,0.0
A06149,loans,3226783.5004737545,2d-7d,True,False,False,0.65,0.0,0.85
A06150,treasury_hqla,2292107.67104386,91d-1y,True,False,False,0.05,0.0,0.05
A06151,corporate_bonds,1568312.905917372,91d-1y,True,False,False,0.2,0.0,0.5
A06152,loans,4031421.3826321396,31d-90d,True,False,False,0.65,0.0,0.85
A06153,committed_facilities,6241999.150810656,91d-1y,False,False,True,1.0,0.0,0.0
A06154,equities,5380971.692439047,2d-7d,True,False,False,0.45,0.0,0.85
A06155,corporate_operational,3558880.721207529,8d-30d,False,True,False,1.0,0.5,0.0
A06156,committed_facilities,6650805.776497298,91d-1y,False,False,True,1.0,0.0,0.0
A06157,treasury_hqla,8903344.020193849,91d-1y,True,False,False,0.05,0.0,0.05
A06158,corporate_operational,2788493.533398709,31d-90d,False,True,False,1.0,0.5,0.0
A06159,loans,8274428.574692871,>1y,True,False,False,0.65,0.0,0.85
A06160,corporate_bonds,3605213.6794058704,>1y,True,False,False,0.2,0.0,0.5
A06161,loans,1165079.7228767942,31d-90d,True,False,False,0.65,0.0,0.85
A06162,equities,6033783.867758014,31d-90d,True,False,False,0.45,0.0,0.85
A06163,retail_less_stable,687887.3573468667,2d-7d,False,True,False,1.0,0.9,0.0
A06164,loans,8240772.691584643,>1y,True,False,False,0.65,0.0,0.85
A06165,corporate_bonds,15067415.906087644,8d-30d,True,False,False,0.2,0.0,0.5
A06166,retail_stable,2435343.242053019,8d-30d,False,True,False,1.0,0.95,0.0
A06167,loans,8985437.207804427,>1y,True,False,False,0.65,0.0,0.85
A06168,corporate_non_operational,1818974.5731778967,91d-1y,False,True,False,1.0,0.5,0.0
A06169,retail_stable,2315992.549587548,2d-7d,False,True,False,1.0,0.95,0.0
A06170,corporate_operational,3638112.732083033,overnight,False,True,False,1.0,0.5,0.0
A06171,retail_stable,7010723.90531066,2d-7d,False,True,False,1.0,0.95,0.0
A06172,loans,1374055.2871456686,91d-1y,True,False,False,0.65,0.0,0.85
A06173,loans,650466.9215742068,31d-90d,True,False,False,0.65,0.0,0.85
A06174,corporate_bonds,1157928.817886245,8d-30d,True,False,False,0.2,0.0,0.5
A06175,treasury_hqla,5029321.975366733,31d-90d,True,False,False,0.05,0.0,0.05
A06176,retail_stable,3622578.5671768207,2d-7d,False,True,False,1.0,0.95,0.0
A06177,corporate_operational,1223942.318022905,31d-90d,False,True,False,1.0,0.5,0.0
A06178,loans,631860.3039484394,8d-30d,True,False,False,0.65,0.0,0.85
A06179,retail_stable,1101388.0547106448,overnight,False,True,False,1.0,0.95,0.0
A06180,retail_less_stable,1987189.5491613992,overnight,False,True,False,1.0,0.9,0.0
A06181,loans,5797433.650209326,>1y,True,False,False,0.65,0.0,0.85
A06182,loans,2266033.3140940415,91d-1y,True,False,False,0.65,0.0,0.85
A06183,corporate_operational,12739414.84086301,8d-30d,False,True,False,1.0,0.5,0.0
A06184,wholesale_unsecured,5630137.158436217,overnight,False,True,False,1.0,0.0,0.0
A06185,retail_less_stable,5341441.256357381,2d-7d,False,True,False,1.0,0.9,0.0
A06186,committed_facilities,2362232.1919627064,overnight,False,False,True,1.0,0.0,0.0
A06187,loans,3875568.279889684,91d-1y,True,False,False,0.65,0.0,0.85
A06188,treasury_hqla,6609743.258700463,2d-7d,True,False,False,0.05,0.0,0.05
A06189,equities,3906428.479847713,91d-1y,True,False,False,0.45,0.0,0.85
A06190,corporate_operational,7080577.964973386,overnight,False,True,False,1.0,0.5,0.0
A06191,corporate_operational,1139042.3801645308,overnight,False,True,False,1.0,0.5,0.0
A06192,loans,4350708.778449323,2d-7d,True,False,False,0.65,0.0,0.85
A06193,corporate_bonds,3744342.7622341737,>1y,True,False,False,0.2,0.0,0.5
A06194,retail_stable,4376623.894207191,91d-1y,False,True,False,1.0,0.95,0.0
A06195,treasury_hqla,7249940.097456949,>1y,True,False,False,0.05,0.0,0.05
A06196,loans,1408025.624862892,91d-1y,True,False,False,0.65,0.0,0.85
A06197,treasury_hqla,8575822.533552036,91d-1y,True,False,False,0.05,0.0,0.05
A06198,corporate_non_operational,9258485.287300522,2d-7d,False,True,False,1.0,0.5,0.0
A06199,retail_less_stable,5583463.977368659,91d-1y,False,True,False,1.0,0.9,0.0
A06200,retail_stable,10473214.894760279,overnight,False,True,False,1.0,0.95,0.0
A06201,loans,16787575.46761262,>1y,True,False,False,0.65,0.0,0.85
A06202,treasury_hqla,613479.3439635074,91d-1y,True,False,False,0.05,0.0,0.05
A06203,retail_stable,2670359.353089152,overnight,False,True,False,1.0,0.95,0.0
A06204,retail_stable,4889154.242478212,8d-30d,False,True,False,1.0,0.95,0.0
A06205,retail_less_stable,12009625.506124552,2d-7d,False,True,False,1.0,0.9,0.0
A06206,corporate_non_operational,3586144.173308322,31d-90d,False,True,False,1.0,0.5,0.0
A06207,retail_stable,1202796.601264554,overnight,False,True,False,1.0,0.95,0.0
A06208,treasury_hqla,6883370.435540229,91d-1y,True,False,False,0.05,0.0,0.05
A06209,retail_stable,16210434.531444088,overnight,False,True,False,1.0,0.95,0.0
A06210,corporate_operational,6803896.735938932,overnight,False,True,False,1.0,0.5,0.0
A06211,loans,5506957.485238868,91d-1y,True,False,False,0.65,0.0,0.85
A06212,treasury_hqla,6607999.049601996,31d-90d,True,False,False,0.05,0.0,0.05
A06213,corporate_non_operational,1932185.7408637614,overnight,False,True,False,1.0,0.5,0.0
A06214,treasury_hqla,8446642.980821818,>1y,True,False,False,0.05,0.0,0.05
A06215,retail_stable,6429496.58492415,2d-7d,False,True,False,1.0,0.95,0.0
A06216,loans,2715090.6677456847,overnight,True,False,False,0.65,0.0,0.85
A06217,retail_less_stable,760582.1440005129,>1y,False,True,False,1.0,0.9,0.0
A06218,retail_less_stable,453306.22485289746,2d-7d,False,True,False,1.0,0.9,0.0
A06219,loans,5110615.422179786,8d-30d,True,False,False,0.65,0.0,0.85
A06220,retail_stable,3151646.501981173,31d-90d,False,True,False,1.0,0.95,0.0
A06221,loans,4465601.245296646,>1y,True,False,False,0.65,0.0,0.85
A06222,retail_less_stable,26695483.591426,91d-1y,False,True,False,1.0,0.9,0.0
A06223,treasury_hqla,1005862.5629846391,>1y,True,False,False,0.05,0.0,0.05
A06224,loans,1207119.078913441,31d-90d,True,False,False,0.65,0.0,0.85
A06225,retail_stable,5154734.9302822575,8d-30d,False,True,False,1.0,0.95,0.0
A06226,loans,1194504.835848839,91d-1y,True,False,False,0.65,0.0,0.85
A06227,committed_facilities,3424115.388926568,overnight,False,False,True,1.0,0.0,0.0
A06228,corporate_non_operational,1345897.616394891,91d-1y,False,True,False,1.0,0.5,0.0
A06229,corporate_bonds,425761.49934946303,2d-7d,True,False,False,0.2,0.0,0.5
A06230,retail_less_stable,2671938.7268670043,2d-7d,False,True,False,1.0,0.9,0.0
A06231,retail_stable,407543.9068750484,31d-90d,False,True,False,1.0,0.95,0.0
A06232,retail_stable,4985828.355644589,overnight,False,True,False,1.0,0.95,0.0
A06233,corporate_non_operational,1436347.8465632033,overnight,False,True,False,1.0,0.5,0.0
A06234,loans,6085407.7904845495,91d-1y,True,False,False,0.65,0.0,0.85
A06235,loans,2064456.698405016,>1y,True,False,False,0.65,0.0,0.85
A06236,retail_stable,14546245.559723768,31d-90d,False,True,False,1.0,0.95,0.0
A06237,corporate_non_operational,12037679.21974606,overnight,False,True,False,1.0,0.5,0.0
A06238,loans,4089862.7599802865,>1y,True,False,False,0.65,0.0,0.85
A06239,wholesale_unsecured,3271984.3357561463,2d-7d,False,True,False,1.0,0.0,0.0
A06240,loans,1396968.1188547844,91d-1y,True,False,False,0.65,0.0,0.85
A06241,retail_less_stable,1257305.6520301597,8d-30d,False,True,False,1.0,0.9,0.0
A06242,committed_facilities,4033480.276613191,>1y,False,False,True,1.0,0.0,0.0
A06243,retail_stable,8545985.86044638,overnight,False,True,False,1.0,0.95,0.0
A06244,treasury_hqla,5462679.609531786,8d-30d,True,False,False,0.05,0.0,0.05
A06245,retail_stable,4985568.122498689,2d-7d,False,True,False,1.0,0.95,0.0
A06246,corporate_non_operational,5262389.916399523,8d-30d,False,True,False,1.0,0.5,0.0
A06247,retail_stable,1572588.8871973136,8d-30d,False,True,False,1.0,0.95,0.0
A06248,loans,7315857.651348002,>1y,True,False,False,0.65,0.0,0.85
A06249,retail_stable,8290531.190058293,>1y,False,True,False,1.0,0.95,0.0
A06250,retail_less_stable,15447495.821274405,overnight,False,True,False,1.0,0.9,0.0
A06251,corporate_bonds,4187812.7319628242,31d-90d,True,False,False,0.2,0.0,0.5
A06252,wholesale_unsecured,778037.6196520329,2d-7d,False,True,False,1.0,0.0,0.0
A06253,loans,1662021.3665796665,91d-1y,True,False,False,0.65,0.0,0.85
A06254,loans,1358207.6757486004,>1y,True,False,False,0.65,0.0,0.85
A06255,loans,30803552.82101048,91d-1y,True,False,False,0.65,0.0,0.85
A06256,corporate_operational,2679491.2562243086,overnight,False,True,False,1.0,0.5,0.0
A06257,treasury_hqla,16950208.352443498,91d-1y,True,False,False,0.05,0.0,0.05
A06258,wholesale_unsecured,2616505.9727188796,overnight,False,True,False,1.0,0.0,0.0
A06259,retail_less_stable,2132143.9321291503,8d-30d,False,True,False,1.0,0.9,0.0
A06260,treasury_hqla,2666733.8826612467,overnight,True,False,False,0.05,0.0,0.05
A06261,retail_stable,5829504.5699976,8d-30d,False,True,False,1.0,0.95,0.0
A06262,corporate_operational,877092.5010304248,8d-30d,False,True,False,1.0,0.5,0.0
A06263,corporate_non_operational,4115090.288631814,91d-1y,False,True,False,1.0,0.5,0.0
A06264,equities,1240909.5551148527,31d-90d,True,False,False,0.45,0.0,0.85
A06265,retail_stable,3730756.7702755234,8d-30d,False,True,False,1.0,0.95,0.0
A06266,corporate_bonds,1361208.0537225548,>1y,True,False,False,0.2,0.0,0.5
A06267,equities,3760620.968504926,91d-1y,True,False,False,0.45,0.0,0.85
A06268,loans,2020625.0430710167,>1y,True,False,False,0.65,0.0,0.85
A06269,corporate_bonds,7073218.73554359,overnight,True,False,False,0.2,0.0,0.5
A06270,corporate_operational,1399408.464415978,91d-1y,False,True,False,1.0,0.5,0.0
A06271,corporate_non_operational,2819872.7723570657,overnight,False,True,False,1.0,0.5,0.0
A06272,treasury_hqla,335227.296532555,31d-90d,True,False,False,0.05,0.0,0.05
A06273,corporate_non_operational,1207042.0753403087,91d-1y,False,True,False,1.0,0.5,0.0
A06274,retail_stable,781987.0324173489,8d-30d,False,True,False,1.0,0.95,0.0
A06275,retail_stable,5652746.423908867,overnight,False,True,False,1.0,0.95,0.0
A06276,loans,7381235.896919174,>1y,True,False,False,0.65,0.0,0.85
A06277,wholesale_unsecured,977130.0407612034,2d-7d,False,True,False,1.0,0.0,0.0
A06278,retail_stable,3398788.0550639527,8d-30d,False,True,False,1.0,0.95,0.0
A06279,loans,2254581.704673185,31d-90d,True,False,False,0.65,0.0,0.85
A06280,treasury_hqla,4022373.9888664936,91d-1y,True,False,False,0.05,0.0,0.05
A06281,retail_stable,2353570.87029266,31d-90d,False,True,False,1.0,0.95,0.0
A06282,equities,1658416.4258982316,2d-7d,True,False,False,0.45,0.0,0.85
A06283,retail_less_stable,14838076.288728602,8d-30d,False,True,False,1.0,0.9,0.0
A06284,loans,5311892.95629569,8d-30d,True,False,False,0.65,0.0,0.85
A06285,loans,989446.0509592107,>1y,True,False,False,0.65,0.0,0.85
A06286,retail_stable,4066800.5184826017,91d-1y,False,True,False,1.0,0.95,0.0
A06287,retail_less_stable,9221020.470161118,2d-7d,False,True,False,1.0,0.9,0.0
A06288,wholesale_unsecured,8867878.424866034,31d-90d,False,True,False,1.0,0.0,0.0
A06289,loans,2573421.5015125326,91d-1y,True,False,False,0.65,0.0,0.85
A06290,treasury_hqla,1574423.1513960066,>1y,True,False,False,0.05,0.0,0.05
A06291,committed_facilities,33369187.608196456,>1y,False,False,True,1.0,0.0,0.0
A06292,loans,1124270.9899168813,8d-30d,True,False,False,0.65,0.0,0.85
A06293,retail_less_stable,10560365.911772959,91d-1y,False,True,False,1.0,0.9,0.0
A06294,treasury_hqla,4293905.613902491,31d-90d,True,False,False,0.05,0.0,0.05
A06295,retail_stable,6429079.0006287545,8d-30d,False,True,False,1.0,0.95,0.0
A06296,retail_stable,6951965.874033984,8d-30d,False,True,False,1.0,0.95,0.0
A06297,retail_less_stable,1564392.2038067353,overnight,False,True,False,1.0,0.9,0.0
A06298,retail_stable,481857.9010288402,>1y,False,True,False,1.0,0.95,0.0
A06299,retail_less_stable,3136457.838529753,31d-90d,False,True,False,1.0,0.9,0.0
A06300,loans,3862891.94105249,91d-1y,True,False,False,0.65,0.0,0.85
A06301,loans,1601533.923816758,8d-30d,True,False,False,0.65,0.0,0.85
A06302,wholesale_unsecured,784995.53732904,2d-7d,False,True,False,1.0,0.0,0.0
A06303,retail_less_stable,4975334.133829028,overnight,False,True,False,1.0,0.9,0.0
A06304,corporate_operational,724435.3041030612,8d-30d,False,True,False,1.0,0.5,0.0
A06305,wholesale_unsecured,3334483.140486113,31d-90d,False,True,False,1.0,0.0,0.0
A06306,equities,4013727.0919303466,31d-90d,True,False,False,0.45,0.0,0.85
A06307,corporate_bonds,4276465.602623461,>1y,True,False,False,0.2,0.0,0.5
A06308,retail_less_stable,5382679.602880222,31d-90d,False,True,False,1.0,0.9,0.0
A06309,treasury_hqla,2943843.445678002,>1y,True,False,False,0.05,0.0,0.05
A06310,retail_less_stable,3292830.4158173637,8d-30d,False,True,False,1.0,0.9,0.0
A06311,corporate_operational,191959.1866132407,91d-1y,False,True,False,1.0,0.5,0.0
A06312,retail_less_stable,15755733.682178225,2d-7d,False,True,False,1.0,0.9,0.0
A06313,loans,3143128.9138387134,91d-1y,True,False,False,0.65,0.0,0.85
A06314,retail_stable,1248145.8632296275,31d-90d,False,True,False,1.0,0.95,0.0
A06315,loans,7907672.51853654,31d-90d,True,False,False,0.65,0.0,0.85
A06316,loans,542786.8859184054,91d-1y,True,False,False,0.65,0.0,0.85
A06317,treasury_hqla,984979.5146335858,>1y,True,False,False,0.05,0.0,0.05
A06318,treasury_hqla,6864179.289331658,>1y,True,False,False,0.05,0.0,0.05
A06319,corporate_bonds,5480441.30689193,91d-1y,True,False,False,0.2,0.0,0.5
A06320,retail_stable,3011304.5080527468,91d-1y,False,True,False,1.0,0.95,0.0
A06321,retail_less_stable,1032505.2003100318,>1y,False,True,False,1.0,0.9,0.0
A06322,wholesale_unsecured,2885632.232534622,8d-30d,False,True,False,1.0,0.0,0.0
A06323,corporate_non_operational,5247152.861597105,91d-1y,False,True,False,1.0,0.5,0.0
A06324,loans,17603616.435640574,overnight,True,False,False,0.65,0.0,0.85
A06325,retail_stable,3254613.0901235295,overnight,False,True,False,1.0,0.95,0.0
A06326,committed_facilities,1040301.7511622985,31d-90d,False,False,True,1.0,0.0,0.0
A06327,loans,11853202.05563964,overnight,True,False,False,0.65,0.0,0.85
A06328,committed_facilities,2517355.093953619,91d-1y,False,False,True,1.0,0.0,0.0
A06329,loans,3144612.33486191,31d-90d,True,False,False,0.65,0.0,0.85
A06330,retail_less_stable,4298175.876858611,91d-1y,False,True,False,1.0,0.9,0.0
A06331,committed_facilities,3089440.5835013567,31d-90d,False,False,True,1.0,0.0,0.0
A06332,wholesale_unsecured,5442700.164376147,overnight,False,True,False,1.0,0.0,0.0
A06333,retail_stable,9610872.617636211,31d-90d,False,True,False,1.0,0.95,0.0
A06334,loans,10575988.673351567,overnight,True,False,False,0.65,0.0,0.85
A06335,corporate_non_operational,10818630.07014984,31d-90d,False,True,False,1.0,0.5,0.0
A06336,corporate_non_operational,806333.345904023,31d-90d,False,True,False,1.0,0.5,0.0
A06337,retail_less_stable,53125053.521782026,8d-30d,False,True,False,1.0,0.9,0.0
A06338,retail_stable,699374.5599427514,31d-90d,False,True,False,1.0,0.95,0.0
A06339,retail_stable,824460.8215794252,8d-30d,False,True,False,1.0,0.95,0.0
A06340,loans,741961.2554488566,8d-30d,True,False,False,0.65,0.0,0.85
A06341,corporate_non_operational,4646449.356526852,2d-7d,False,True,False,1.0,0.5,0.0
A06342,equities,4798312.568982592,8d-30d,True,False,False,0.45,0.0,0.85
A06343,loans,591584.6566034722,>1y,True,False,False,0.65,0.0,0.85
A06344,retail_stable,4800944.610189211,overnight,False,True,False,1.0,0.95,0.0
A06345,committed_facilities,5330409.816262981,91d-1y,False,False,True,1.0,0.0,0.0
A06346,loans,1013880.3707386381,>1y,True,False,False,0.65,0.0,0.85
A06347,retail_stable,2310111.089934045,31d-90d,False,True,False,1.0,0.95,0.0
A06348,retail_stable,3180013.473030818,overnight,False,True,False,1.0,0.95,0.0
A06349,retail_stable,22735499.016047563,overnight,False,True,False,1.0,0.95,0.0
A06350,retail_stable,376188.2709861899,8d-30d,False,True,False,1.0,0.95,0.0
A06351,treasury_hqla,2738118.847195277,31d-90d,True,False,False,0.05,0.0,0.05
A06352,corporate_bonds,1372382.1992688181,>1y,True,False,False,0.2,0.0,0.5
A06353,retail_stable,1823051.7502048218,31d-90d,False,True,False,1.0,0.95,0.0
A06354,corporate_operational,1088355.5470947651,31d-90d,False,True,False,1.0,0.5,0.0
A06355,equities,770567.1909403275,91d-1y,True,False,False,0.45,0.0,0.85
A06356,loans,15012128.117661227,>1y,True,False,False,0.65,0.0,0.85
A06357,retail_stable,3122275.758306981,2d-7d,False,True,False,1.0,0.95,0.0
A06358,retail_less_stable,4322593.124184752,overnight,False,True,False,1.0,0.9,0.0
A06359,loans,767612.1602775244,31d-90d,True,False,False,0.65,0.0,0.85
A06360,retail_stable,1406274.157544721,overnight,False,True,False,1.0,0.95,0.0
A06361,retail_stable,479661.2418180193,2d-7d,False,True,False,1.0,0.95,0.0
A06362,retail_stable,15610616.057925949,2d-7d,False,True,False,1.0,0.95,0.0
A06363,loans,3746019.1751246043,>1y,True,False,False,0.65,0.0,0.85
A06364,corporate_operational,2963807.845243128,91d-1y,False,True,False,1.0,0.5,0.0
A06365,corporate_non_operational,53853994.01411106,overnight,False,True,False,1.0,0.5,0.0
A06366,corporate_bonds,2316926.895986123,overnight,True,False,False,0.2,0.0,0.5
A06367,loans,674560.6072162895,31d-90d,True,False,False,0.65,0.0,0.85
A06368,loans,10934605.332213426,overnight,True,False,False,0.65,0.0,0.85
A06369,treasury_hqla,1093854.0967511993,91d-1y,True,False,False,0.05,0.0,0.05
A06370,corporate_bonds,173421.055657733,>1y,True,False,False,0.2,0.0,0.5
A06371,loans,3177595.0634666258,8d-30d,True,False,False,0.65,0.0,0.85
A06372,corporate_operational,514878.0610011331,overnight,False,True,False,1.0,0.5,0.0
A06373,corporate_operational,2349586.426166311,8d-30d,False,True,False,1.0,0.5,0.0
A06374,loans,6460491.257939462,overnight,True,False,False,0.65,0.0,0.85
A06375,corporate_non_operational,7973851.275439745,overnight,False,True,False,1.0,0.5,0.0
A06376,retail_stable,18583994.850148555,8d-30d,False,True,False,1.0,0.95,0.0
A06377,retail_less_stable,4603540.191746244,2d-7d,False,True,False,1.0,0.9,0.0
A06378,loans,1518056.9548351546,2d-7d,True,False,False,0.65,0.0,0.85
A06379,wholesale_unsecured,1247287.1291885013,31d-90d,False,True,False,1.0,0.0,0.0
A06380,loans,6431725.375533378,8d-30d,True,False,False,0.65,0.0,0.85
A06381,retail_less_stable,10195419.832631692,31d-90d,False,True,False,1.0,0.9,0.0
A06382,loans,4786275.138463445,8d-30d,True,False,False,0.65,0.0,0.85
A06383,retail_less_stable,1647413.3782612057,overnight,False,True,False,1.0,0.9,0.0
A06384,retail_less_stable,4517046.4113827245,2d-7d,False,True,False,1.0,0.9,0.0
A06385,retail_stable,7899862.18990444,8d-30d,False,True,False,1.0,0.95,0.0
A06386,retail_less_stable,5367252.799977013,2d-7d,False,True,False,1.0,0.9,0.0
A06387,retail_stable,687129.9492536017,8d-30d,False,True,False,1.0,0.95,0.0
A06388,loans,524298.363302373,91d-1y,True,False,False,0.65,0.0,0.85
A06389,loans,7166431.642854745,91d-1y,True,False,False,0.65,0.0,0.85
A06390,treasury_hqla,4627359.468944842,31d-90d,True,False,False,0.05,0.0,0.05
A06391,retail_stable,7560232.51007731,overnight,False,True,False,1.0,0.95,0.0
A06392,corporate_non_operational,3286534.8002493773,8d-30d,False,True,False,1.0,0.5,0.0
A06393,loans,3566130.389259916,2d-7d,True,False,False,0.65,0.0,0.85
A06394,corporate_bonds,5296380.483905161,31d-90d,True,False,False,0.2,0.0,0.5
A06395,retail_stable,4472312.342638072,overnight,False,True,False,1.0,0.95,0.0
A06396,retail_less_stable,424676.9814126539,overnight,False,True,False,1.0,0.9,0.0
A06397,wholesale_unsecured,2158756.2663170043,8d-30d,False,True,False,1.0,0.0,0.0
A06398,corporate_operational,2023204.0581380925,overnight,False,True,False,1.0,0.5,0.0
A06399,wholesale_unsecured,2643696.6865156535,91d-1y,False,True,False,1.0,0.0,0.0
A06400,corporate_operational,454337.910402024,8d-30d,False,True,False,1.0,0.5,0.0
A06401,loans,5854289.284572635,>1y,True,False,False,0.65,0.0,0.85
A06402,treasury_hqla,2137674.937068634,91d-1y,True,False,False,0.05,0.0,0.05
A06403,corporate_operational,8223385.452761838,overnight,False,True,False,1.0,0.5,0.0
A06404,corporate_operational,18015021.421861805,91d-1y,False,True,False,1.0,0.5,0.0
A06405,corporate_non_operational,1602590.9558054442,8d-30d,False,True,False,1.0,0.5,0.0
A06406,loans,2345601.9003028646,2d-7d,True,False,False,0.65,0.0,0.85
A06407,corporate_non_operational,3763160.821334948,2d-7d,False,True,False,1.0,0.5,0.0
A06408,wholesale_unsecured,1332455.8397981164,overnight,False,True,False,1.0,0.0,0.0
A06409,retail_stable,14392333.778403472,8d-30d,False,True,False,1.0,0.95,0.0
A06410,corporate_operational,4732558.582152506,2d-7d,False,True,False,1.0,0.5,0.0
A06411,corporate_non_operational,10783667.761854831,overnight,False,True,False,1.0,0.5,0.0
A06412,loans,15327484.569179239,8d-30d,True,False,False,0.65,0.0,0.85
A06413,retail_stable,30406392.90410065,>1y,False,True,False,1.0,0.95,0.0
A06414,corporate_operational,5160417.480360432,overnight,False,True,False,1.0,0.5,0.0
A06415,corporate_operational,30796333.78549281,8d-30d,False,True,False,1.0,0.5,0.0
A06416,retail_less_stable,2069462.3556673664,>1y,False,True,False,1.0,0.9,0.0
A06417,corporate_operational,514947.3046969627,8d-30d,False,True,False,1.0,0.5,0.0
A06418,loans,1569432.240855632,2d-7d,True,False,False,0.65,0.0,0.85
A06419,retail_stable,2917709.712918801,overnight,False,True,False,1.0,0.95,0.0
A06420,treasury_hqla,1749742.1595008993,>1y,True,False,False,0.05,0.0,0.05
A06421,committed_facilities,1510198.2852724898,91d-1y,False,False,True,1.0,0.0,0.0
A06422,retail_stable,45820624.809079625,8d-30d,False,True,False,1.0,0.95,0.0
A06423,treasury_hqla,1345351.7093395903,91d-1y,True,False,False,0.05,0.0,0.05
A06424,committed_facilities,10665536.604715494,8d-30d,False,False,True,1.0,0.0,0.0
A06425,retail_stable,14633982.672036495,91d-1y,False,True,False,1.0,0.95,0.0
A06426,corporate_non_operational,1779251.5472578432,8d-30d,False,True,False,1.0,0.5,0.0
A06427,retail_less_stable,5837353.817660575,overnight,False,True,False,1.0,0.9,0.0
A06428,corporate_bonds,2289828.179064013,2d-7d,True,False,False,0.2,0.0,0.5
A06429,retail_less_stable,6262786.421229865,31d-90d,False,True,False,1.0,0.9,0.0
A06430,retail_stable,7962270.768786547,2d-7d,False,True,False,1.0,0.95,0.0
A06431,retail_less_stable,5537957.177255193,31d-90d,False,True,False,1.0,0.9,0.0
A06432,retail_stable,6403366.812053812,31d-90d,False,True,False,1.0,0.95,0.0
A06433,loans,3382316.8087173915,2d-7d,True,False,False,0.65,0.0,0.85
A06434,loans,14691155.689987376,>1y,True,False,False,0.65,0.0,0.85
A06435,equities,4944962.374891526,2d-7d,True,False,False,0.45,0.0,0.85
A06436,corporate_non_operational,558973.9770861309,2d-7d,False,True,False,1.0,0.5,0.0
A06437,retail_stable,4381364.000347994,overnight,False,True,False,1.0,0.95,0.0
A06438,loans,3466428.523340533,>1y,True,False,False,0.65,0.0,0.85
A06439,retail_stable,8558279.53270886,>1y,False,True,False,1.0,0.95,0.0
A06440,retail_stable,3722896.0368657373,2d-7d,False,True,False,1.0,0.95,0.0
A06441,loans,1093216.079047539,>1y,True,False,False,0.65,0.0,0.85
A06442,retail_less_stable,1174558.9675251762,overnight,False,True,False,1.0,0.9,0.0
A06443,loans,13259503.700508054,>1y,True,False,False,0.65,0.0,0.85
A06444,loans,395786.5889816243,31d-90d,True,False,False,0.65,0.0,0.85
A06445,retail_less_stable,8726681.704998748,31d-90d,False,True,False,1.0,0.9,0.0
A06446,loans,1056949.2983098745,91d-1y,True,False,False,0.65,0.0,0.85
A06447,loans,4215952.818239966,91d-1y,True,False,False,0.65,0.0,0.85
A06448,corporate_bonds,19675420.003685605,>1y,True,False,False,0.2,0.0,0.5
A06449,retail_less_stable,7364521.334172579,8d-30d,False,True,False,1.0,0.9,0.0
A06450,retail_stable,3743517.3923485586,2d-7d,False,True,False,1.0,0.95,0.0
A06451,retail_less_stable,1684237.2235550773,overnight,False,True,False,1.0,0.9,0.0
A06452,retail_stable,5401074.936919733,overnight,False,True,False,1.0,0.95,0.0
A06453,retail_stable,3382498.4060661793,overnight,False,True,False,1.0,0.95,0.0
A06454,corporate_non_operational,1053693.7894312595,>1y,False,True,False,1.0,0.5,0.0
A06455,corporate_bonds,32522133.27463363,91d-1y,True,False,False,0.2,0.0,0.5
A06456,retail_stable,1487026.7709052565,8d-30d,False,True,False,1.0,0.95,0.0
A06457,committed_facilities,3823320.8171118605,>1y,False,False,True,1.0,0.0,0.0
A06458,retail_less_stable,2728106.6692736344,8d-30d,False,True,False,1.0,0.9,0.0
A06459,retail_less_stable,6698664.10043716,8d-30d,False,True,False,1.0,0.9,0.0
A06460,loans,867174.7577449915,2d-7d,True,False,False,0.65,0.0,0.85
A06461,loans,13639307.293732028,8d-30d,True,False,False,0.65,0.0,0.85
A06462,loans,2162279.904513942,8d-30d,True,False,False,0.65,0.0,0.85
A06463,retail_less_stable,2967937.687246038,2d-7d,False,True,False,1.0,0.9,0.0
A06464,treasury_hqla,4218213.199888311,91d-1y,True,False,False,0.05,0.0,0.05
A06465,equities,302378.72255479597,91d-1y,True,False,False,0.45,0.0,0.85
A06466,loans,5759110.232725665,2d-7d,True,False,False,0.65,0.0,0.85
A06467,corporate_operational,4971580.361334528,8d-30d,False,True,False,1.0,0.5,0.0
A06468,committed_facilities,2627083.610508575,8d-30d,False,False,True,1.0,0.0,0.0
A06469,treasury_hqla,32696855.66688481,>1y,True,False,False,0.05,0.0,0.05
A06470,retail_stable,2263935.169857717,overnight,False,True,False,1.0,0.95,0.0
A06471,retail_stable,1399933.6863184003,overnight,False,True,False,1.0,0.95,0.0
A06472,retail_stable,7614963.6070772335,8d-30d,False,True,False,1.0,0.95,0.0
A06473,corporate_non_operational,5907603.30814283,91d-1y,False,True,False,1.0,0.5,0.0
A06474,corporate_non_operational,785170.6253055104,8d-30d,False,True,False,1.0,0.5,0.0
A06475,retail_stable,7479270.106959171,>1y,False,True,False,1.0,0.95,0.0
A06476,corporate_bonds,1730732.8465522,>1y,True,False,False,0.2,0.0,0.5
A06477,retail_less_stable,516191.5882895799,2d-7d,False,True,False,1.0,0.9,0.0
A06478,loans,12989597.080203744,31d-90d,True,False,False,0.65,0.0,0.85
A06479,treasury_hqla,4475188.860188908,>1y,True,False,False,0.05,0.0,0.05
A06480,committed_facilities,1797588.67135375,91d-1y,False,False,True,1.0,0.0,0.0
A06481,retail_stable,13912261.112563686,31d-90d,False,True,False,1.0,0.95,0.0
A06482,loans,1613391.5493679664,>1y,True,False,False,0.65,0.0,0.85
A06483,loans,1561015.68874127,31d-90d,True,False,False,0.65,0.0,0.85
A06484,loans,2585227.21895779,91d-1y,True,False,False,0.65,0.0,0.85
A06485,loans,11767553.5467384,91d-1y,True,False,False,0.65,0.0,0.85
A06486,retail_stable,3460924.465343666,overnight,False,True,False,1.0,0.95,0.0
A06487,retail_less_stable,1461349.5154249463,overnight,False,True,False,1.0,0.9,0.0
A06488,corporate_operational,428326.3795035164,2d-7d,False,True,False,1.0,0.5,0.0
A06489,retail_stable,1258046.4536182843,91d-1y,False,True,False,1.0,0.95,0.0
A06490,corporate_operational,5513685.990736835,2d-7d,False,True,False,1.0,0.5,0.0
A06491,treasury_hqla,1936714.7578770695,31d-90d,True,False,False,0.05,0.0,0.05
A06492,loans,8861106.669936743,91d-1y,True,False,False,0.65,0.0,0.85
A06493,retail_less_stable,1894815.058657858,8d-30d,False,True,False,1.0,0.9,0.0
A06494,retail_stable,9183508.202621397,overnight,False,True,False,1.0,0.95,0.0
A06495,retail_less_stable,2534753.2881065547,2d-7d,False,True,False,1.0,0.9,0.0
A06496,retail_stable,2043143.482912199,overnight,False,True,False,1.0,0.95,0.0
A06497,treasury_hqla,463743.2543807447,>1y,True,False,False,0.05,0.0,0.05
A06498,retail_less_stable,1413040.4976499535,2d-7d,False,True,False,1.0,0.9,0.0
A06499,loans,3391206.623083619,overnight,True,False,False,0.65,0.0,0.85
A06500,treasury_hqla,1809695.3453944158,31d-90d,True,False,False,0.05,0.0,0.05
A06501,wholesale_unsecured,1242187.757842667,overnight,False,True,False,1.0,0.0,0.0
A06502,corporate_operational,1602439.692617888,8d-30d,False,True,False,1.0,0.5,0.0
A06503,loans,828815.9072916844,2d-7d,True,False,False,0.65,0.0,0.85
A06504,loans,1974987.357443933,2d-7d,True,False,False,0.65,0.0,0.85
A06505,retail_less_stable,3959759.992076489,8d-30d,False,True,False,1.0,0.9,0.0
A06506,treasury_hqla,1658884.6098964496,31d-90d,True,False,False,0.05,0.0,0.05
A06507,corporate_non_operational,11727939.491477076,2d-7d,False,True,False,1.0,0.5,0.0
A06508,loans,7676918.555456892,91d-1y,True,False,False,0.65,0.0,0.85
A06509,retail_less_stable,7477403.061232354,overnight,False,True,False,1.0,0.9,0.0
A06510,loans,3131800.7310702316,>1y,True,False,False,0.65,0.0,0.85
A06511,wholesale_unsecured,3426280.440073205,2d-7d,False,True,False,1.0,0.0,0.0
A06512,retail_stable,726421.0353913524,overnight,False,True,False,1.0,0.95,0.0
A06513,committed_facilities,5216464.88365394,31d-90d,False,False,True,1.0,0.0,0.0
A06514,retail_stable,1390873.4454988388,2d-7d,False,True,False,1.0,0.95,0.0
A06515,retail_stable,6112190.590324083,overnight,False,True,False,1.0,0.95,0.0
A06516,retail_less_stable,2692451.8870675047,overnight,False,True,False,1.0,0.9,0.0
A06517,equities,7457840.14030307,overnight,True,False,False,0.45,0.0,0.85
A06518,committed_facilities,883973.5867291642,>1y,False,False,True,1.0,0.0,0.0
A06519,wholesale_unsecured,669277.6236373809,2d-7d,False,True,False,1.0,0.0,0.0
A06520,retail_stable,6576639.031590917,2d-7d,False,True,False,1.0,0.95,0.0
A06521,loans,2461841.9596995823,91d-1y,True,False,False,0.65,0.0,0.85
A06522,loans,3249007.3570258655,91d-1y,True,False,False,0.65,0.0,0.85
A06523,retail_less_stable,547336.5466488618,2d-7d,False,True,False,1.0,0.9,0.0
A06524,treasury_hqla,16329559.188826455,31d-90d,True,False,False,0.05,0.0,0.05
A06525,treasury_hqla,4265053.999480389,91d-1y,True,False,False,0.05,0.0,0.05
A06526,wholesale_unsecured,235256.75403251298,31d-90d,False,True,False,1.0,0.0,0.0
A06527,loans,6152620.625664333,91d-1y,True,False,False,0.65,0.0,0.85
A06528,retail_stable,2648953.3535652165,91d-1y,False,True,False,1.0,0.95,0.0
A06529,loans,4467992.758130457,91d-1y,True,False,False,0.65,0.0,0.85
A06530,loans,1651620.284208413,91d-1y,True,False,False,0.65,0.0,0.85
A06531,retail_less_stable,806428.8080729637,91d-1y,False,True,False,1.0,0.9,0.0
A06532,retail_less_stable,3555441.400587982,overnight,False,True,False,1.0,0.9,0.0
A06533,corporate_non_operational,4728725.422744457,91d-1y,False,True,False,1.0,0.5,0.0
A06534,retail_less_stable,4449458.072777995,8d-30d,False,True,False,1.0,0.9,0.0
A06535,corporate_non_operational,734942.0423873967,31d-90d,False,True,False,1.0,0.5,0.0
A06536,treasury_hqla,903355.7870192623,2d-7d,True,False,False,0.05,0.0,0.05
A06537,loans,5387741.465847408,31d-90d,True,False,False,0.65,0.0,0.85
A06538,retail_stable,11168497.593244528,overnight,False,True,False,1.0,0.95,0.0
A06539,corporate_operational,8957925.528852327,2d-7d,False,True,False,1.0,0.5,0.0
A06540,corporate_bonds,1334210.1838616296,>1y,True,False,False,0.2,0.0,0.5
A06541,committed_facilities,429000.56924132945,31d-90d,False,False,True,1.0,0.0,0.0
A06542,retail_stable,6394348.630392134,overnight,False,True,False,1.0,0.95,0.0
A06543,retail_less_stable,2582441.2415195964,91d-1y,False,True,False,1.0,0.9,0.0
A06544,retail_stable,1449776.1793265094,31d-90d,False,True,False,1.0,0.95,0.0
A06545,retail_stable,16344429.968215816,>1y,False,True,False,1.0,0.95,0.0
A06546,treasury_hqla,2697078.165053025,>1y,True,False,False,0.05,0.0,0.05
A06547,retail_less_stable,2875945.3379688915,91d-1y,False,True,False,1.0,0.9,0.0
A06548,corporate_bonds,2391425.5291492026,>1y,True,False,False,0.2,0.0,0.5
A06549,retail_stable,8369010.334766569,31d-90d,False,True,False,1.0,0.95,0.0
A06550,committed_facilities,26767220.68265934,overnight,False,False,True,1.0,0.0,0.0
A06551,retail_stable,2553389.9654753543,31d-90d,False,True,False,1.0,0.95,0.0
A06552,treasury_hqla,4483957.894393675,91d-1y,True,False,False,0.05,0.0,0.05
A06553,loans,1392762.1841011965,91d-1y,True,False,False,0.65,0.0,0.85
A06554,loans,5001188.138055022,31d-90d,True,False,False,0.65,0.0,0.85
A06555,loans,1490886.8073066766,overnight,True,False,False,0.65,0.0,0.85
A06556,loans,33486824.586741567,91d-1y,True,False,False,0.65,0.0,0.85
A06557,equities,1735966.0500275576,91d-1y,True,False,False,0.45,0.0,0.85
A06558,corporate_operational,11177141.991735043,8d-30d,False,True,False,1.0,0.5,0.0
A06559,retail_less_stable,2125403.8320098054,31d-90d,False,True,False,1.0,0.9,0.0
A06560,wholesale_unsecured,1329359.2138791142,overnight,False,True,False,1.0,0.0,0.0
A06561,retail_less_stable,9546023.863650672,overnight,False,True,False,1.0,0.9,0.0
A06562,corporate_non_operational,5392861.982061769,2d-7d,False,True,False,1.0,0.5,0.0
A06563,retail_less_stable,3758797.5320136826,2d-7d,False,True,False,1.0,0.9,0.0
A06564,loans,2863243.6387815303,>1y,True,False,False,0.65,0.0,0.85
A06565,corporate_operational,9451898.430612456,91d-1y,False,True,False,1.0,0.5,0.0
A06566,retail_stable,2690953.7684724014,overnight,False,True,False,1.0,0.95,0.0
A06567,loans,6141457.10025513,8d-30d,True,False,False,0.65,0.0,0.85
A06568,retail_less_stable,1016530.3818501262,31d-90d,False,True,False,1.0,0.9,0.0
A06569,loans,6888216.470291873,overnight,True,False,False,0.65,0.0,0.85
A06570,retail_less_stable,3343903.2856636406,2d-7d,False,True,False,1.0,0.9,0.0
A06571,retail_stable,3562550.670901403,91d-1y,False,True,False,1.0,0.95,0.0
A06572,retail_less_stable,3270465.913456178,31d-90d,False,True,False,1.0,0.9,0.0
A06573,retail_less_stable,660162.281884525,overnight,False,True,False,1.0,0.9,0.0
A06574,treasury_hqla,8666474.840308009,31d-90d,True,False,False,0.05,0.0,0.05
A06575,corporate_non_operational,1524414.9742642674,overnight,False,True,False,1.0,0.5,0.0
A06576,wholesale_unsecured,5195753.11033231,2d-7d,False,True,False,1.0,0.0,0.0
A06577,retail_less_stable,1636866.4262906746,2d-7d,False,True,False,1.0,0.9,0.0
A06578,committed_facilities,3476977.1806985238,91d-1y,False,False,True,1.0,0.0,0.0
A06579,treasury_hqla,1036561.7127308596,>1y,True,False,False,0.05,0.0,0.05
A06580,treasury_hqla,21668684.631383374,>1y,True,False,False,0.05,0.0,0.05
A06581,treasury_hqla,2679801.582164967,8d-30d,True,False,False,0.05,0.0,0.05
A06582,retail_less_stable,3767821.2779567065,31d-90d,False,True,False,1.0,0.9,0.0
A06583,corporate_non_operational,1934303.3796636167,2d-7d,False,True,False,1.0,0.5,0.0
A06584,wholesale_unsecured,1204118.309085399,>1y,False,True,False,1.0,0.0,0.0
A06585,retail_stable,1176766.7751911536,31d-90d,False,True,False,1.0,0.95,0.0
A06586,retail_stable,563839.6147873667,8d-30d,False,True,False,1.0,0.95,0.0
A06587,loans,1036773.8641603896,91d-1y,True,False,False,0.65,0.0,0.85
A06588,corporate_bonds,7082907.89255314,91d-1y,True,False,False,0.2,0.0,0.5
A06589,retail_less_stable,1621879.804561698,91d-1y,False,True,False,1.0,0.9,0.0
A06590,corporate_bonds,1039082.5155372546,>1y,True,False,False,0.2,0.0,0.5
A06591,treasury_hqla,1364368.2965051432,>1y,True,False,False,0.05,0.0,0.05
A06592,loans,1835525.3662314536,>1y,True,False,False,0.65,0.0,0.85
A06593,corporate_operational,411088.2796187997,91d-1y,False,True,False,1.0,0.5,0.0
A06594,corporate_non_operational,3434909.2875354323,2d-7d,False,True,False,1.0,0.5,0.0
A06595,retail_less_stable,1267057.038948883,8d-30d,False,True,False,1.0,0.9,0.0
A06596,corporate_non_operational,1421017.3489537258,8d-30d,False,True,False,1.0,0.5,0.0
A06597,committed_facilities,12908672.640149746,8d-30d,False,False,True,1.0,0.0,0.0
A06598,retail_less_stable,19743893.597929597,8d-30d,False,True,False,1.0,0.9,0.0
A06599,retail_stable,5694954.523393327,overnight,False,True,False,1.0,0.95,0.0
A06600,retail_less_stable,277897.27297141444,8d-30d,False,True,False,1.0,0.9,0.0
A06601,loans,24062361.78511785,2d-7d,True,False,False,0.65,0.0,0.85
A06602,retail_stable,6701132.612507726,overnight,False,True,False,1.0,0.95,0.0
A06603,retail_less_stable,906045.701808913,91d-1y,False,True,False,1.0,0.9,0.0
A06604,retail_less_stable,12853484.680279989,overnight,False,True,False,1.0,0.9,0.0
A06605,retail_stable,6376433.353901392,2d-7d,False,True,False,1.0,0.95,0.0
A06606,retail_less_stable,2866455.0806133104,2d-7d,False,True,False,1.0,0.9,0.0
A06607,retail_less_stable,524315.1993346227,overnight,False,True,False,1.0,0.9,0.0
A06608,treasury_hqla,3497826.334564095,>1y,True,False,False,0.05,0.0,0.05
A06609,corporate_bonds,9426860.600638332,31d-90d,True,False,False,0.2,0.0,0.5
A06610,retail_less_stable,5052628.861230855,8d-30d,False,True,False,1.0,0.9,0.0
A06611,committed_facilities,7804834.996265582,31d-90d,False,False,True,1.0,0.0,0.0
A06612,wholesale_unsecured,560303.7502583435,2d-7d,False,True,False,1.0,0.0,0.0
A06613,retail_less_stable,2558853.2967756223,31d-90d,False,True,False,1.0,0.9,0.0
A06614,corporate_non_operational,807402.786459404,2d-7d,False,True,False,1.0,0.5,0.0
A06615,loans,576894.8965857931,8d-30d,True,False,False,0.65,0.0,0.85
A06616,corporate_operational,3103594.585263022,overnight,False,True,False,1.0,0.5,0.0
A06617,loans,7166475.66279142,31d-90d,True,False,False,0.65,0.0,0.85
A06618,committed_facilities,4744513.746072129,8d-30d,False,False,True,1.0,0.0,0.0
A06619,loans,1728493.58900817,8d-30d,True,False,False,0.65,0.0,0.85
A06620,retail_stable,4036695.8716707183,overnight,False,True,False,1.0,0.95,0.0
A06621,corporate_operational,13893196.86387973,2d-7d,False,True,False,1.0,0.5,0.0
A06622,retail_less_stable,3199811.6692934986,overnight,False,True,False,1.0,0.9,0.0
A06623,committed_facilities,1967742.5892880117,91d-1y,False,False,True,1.0,0.0,0.0
A06624,wholesale_unsecured,1998227.0558713665,31d-90d,False,True,False,1.0,0.0,0.0
A06625,treasury_hqla,1024980.2032223077,>1y,True,False,False,0.05,0.0,0.05
A06626,loans,4177590.5967069557,91d-1y,True,False,False,0.65,0.0,0.85
A06627,wholesale_unsecured,594831.3058386293,8d-30d,False,True,False,1.0,0.0,0.0
A06628,retail_less_stable,3926281.919803839,2d-7d,False,True,False,1.0,0.9,0.0
A06629,retail_stable,291583.8386162886,8d-30d,False,True,False,1.0,0.95,0.0
A06630,retail_stable,641132.0632124285,overnight,False,True,False,1.0,0.95,0.0
A06631,treasury_hqla,2383231.391657233,91d-1y,True,False,False,0.05,0.0,0.05
A06632,loans,3283555.6573597845,31d-90d,True,False,False,0.65,0.0,0.85
A06633,retail_stable,402819.8950040315,8d-30d,False,True,False,1.0,0.95,0.0
A06634,retail_stable,4344479.989631321,overnight,False,True,False,1.0,0.95,0.0
A06635,retail_stable,1656733.5228183735,2d-7d,False,True,False,1.0,0.95,0.0
A06636,retail_stable,1652352.5014793552,overnight,False,True,False,1.0,0.95,0.0
A06637,corporate_operational,6007028.652621693,overnight,False,True,False,1.0,0.5,0.0
A06638,retail_less_stable,1188933.2530265518,8d-30d,False,True,False,1.0,0.9,0.0
A06639,loans,14438676.492696408,>1y,True,False,False,0.65,0.0,0.85
A06640,corporate_non_operational,602747.141319531,2d-7d,False,True,False,1.0,0.5,0.0
A06641,committed_facilities,475322.12882957293,31d-90d,False,False,True,1.0,0.0,0.0
A06642,committed_facilities,2112907.075194262,2d-7d,False,False,True,1.0,0.0,0.0
A06643,loans,5543372.699784828,31d-90d,True,False,False,0.65,0.0,0.85
A06644,loans,9393005.398904286,8d-30d,True,False,False,0.65,0.0,0.85
A06645,retail_stable,2407575.162582313,overnight,False,True,False,1.0,0.95,0.0
A06646,treasury_hqla,215823.04960418527,91d-1y,True,False,False,0.05,0.0,0.05
A06647,loans,1797264.4189847913,>1y,True,False,False,0.65,0.0,0.85
A06648,corporate_operational,106405966.32382458,overnight,False,True,False,1.0,0.5,0.0
A06649,corporate_bonds,789133.701327173,>1y,True,False,False,0.2,0.0,0.5
A06650,treasury_hqla,1057651.6414146882,>1y,True,False,False,0.05,0.0,0.05
A06651,loans,2193830.606290031,91d-1y,True,False,False,0.65,0.0,0.85
A06652,committed_facilities,538044.0313704214,31d-90d,False,False,True,1.0,0.0,0.0
A06653,treasury_hqla,3997739.1517944364,>1y,True,False,False,0.05,0.0,0.05
A06654,treasury_hqla,4555805.557570993,>1y,True,False,False,0.05,0.0,0.05
A06655,corporate_operational,3640252.816649218,2d-7d,False,True,False,1.0,0.5,0.0
A06656,retail_stable,6392389.483977173,overnight,False,True,False,1.0,0.95,0.0
A06657,corporate_non_operational,2406322.581143457,overnight,False,True,False,1.0,0.5,0.0
A06658,retail_stable,8375184.783517865,overnight,False,True,False,1.0,0.95,0.0
A06659,committed_facilities,1252702.484847804,31d-90d,False,False,True,1.0,0.0,0.0
A06660,committed_facilities,3692585.1107074018,91d-1y,False,False,True,1.0,0.0,0.0
A06661,corporate_operational,4547585.302257812,overnight,False,True,False,1.0,0.5,0.0
A06662,retail_less_stable,18223851.81759496,91d-1y,False,True,False,1.0,0.9,0.0
A06663,retail_stable,37653128.27633359,overnight,False,True,False,1.0,0.95,0.0
A06664,corporate_operational,516699.7423977452,overnight,False,True,False,1.0,0.5,0.0
A06665,loans,1953657.4766809037,8d-30d,True,False,False,0.65,0.0,0.85
A06666,committed_facilities,1015448.5506388145,31d-90d,False,False,True,1.0,0.0,0.0
A06667,corporate_operational,3368837.0506644603,31d-90d,False,True,False,1.0,0.5,0.0
A06668,loans,8410056.310523495,31d-90d,True,False,False,0.65,0.0,0.85
A06669,corporate_non_operational,6731863.170547411,overnight,False,True,False,1.0,0.5,0.0
A06670,retail_stable,1766248.485161006,2d-7d,False,True,False,1.0,0.95,0.0
A06671,treasury_hqla,975514.1759159707,8d-30d,True,False,False,0.05,0.0,0.05
A06672,loans,1374539.8931019846,91d-1y,True,False,False,0.65,0.0,0.85
A06673,retail_less_stable,5677110.293310118,8d-30d,False,True,False,1.0,0.9,0.0
A06674,equities,1623173.8020548509,8d-30d,True,False,False,0.45,0.0,0.85
A06675,loans,3091174.7799066147,>1y,True,False,False,0.65,0.0,0.85
A06676,retail_stable,4770380.157521566,2d-7d,False,True,False,1.0,0.95,0.0
A06677,loans,15581145.708449908,31d-90d,True,False,False,0.65,0.0,0.85
A06678,retail_stable,1067857.912291416,8d-30d,False,True,False,1.0,0.95,0.0
A06679,corporate_non_operational,5372770.121834543,overnight,False,True,False,1.0,0.5,0.0
A06680,corporate_bonds,2778304.190997905,91d-1y,True,False,False,0.2,0.0,0.5
A06681,corporate_operational,3650954.783065632,2d-7d,False,True,False,1.0,0.5,0.0
A06682,treasury_hqla,1247272.7910742033,>1y,True,False,False,0.05,0.0,0.05
A06683,corporate_bonds,18124232.820416916,>1y,True,False,False,0.2,0.0,0.5
A06684,loans,1933570.7718197035,>1y,True,False,False,0.65,0.0,0.85
A06685,retail_stable,2807537.58172719,overnight,False,True,False,1.0,0.95,0.0
A06686,corporate_bonds,23782943.632948183,2d-7d,True,False,False,0.2,0.0,0.5
A06687,loans,4644823.148131689,91d-1y,True,False,False,0.65,0.0,0.85
A06688,loans,6075539.933906261,>1y,True,False,False,0.65,0.0,0.85
A06689,retail_stable,7763530.717508513,overnight,False,True,False,1.0,0.95,0.0
A06690,retail_stable,2423929.141940267,2d-7d,False,True,False,1.0,0.95,0.0
A06691,retail_stable,9447955.84131449,91d-1y,False,True,False,1.0,0.95,0.0
A06692,loans,1025620.5969384953,>1y,True,False,False,0.65,0.0,0.85
A06693,retail_stable,3254196.864240015,31d-90d,False,True,False,1.0,0.95,0.0
A06694,treasury_hqla,647601.9059960071,91d-1y,True,False,False,0.05,0.0,0.05
A06695,loans,4466024.467212597,91d-1y,True,False,False,0.65,0.0,0.85
A06696,retail_less_stable,4336100.057105234,91d-1y,False,True,False,1.0,0.9,0.0
A06697,loans,1027450.696750898,>1y,True,False,False,0.65,0.0,0.85
A06698,corporate_non_operational,4054319.4306334676,overnight,False,True,False,1.0,0.5,0.0
A06699,corporate_non_operational,1476687.4598201725,overnight,False,True,False,1.0,0.5,0.0
A06700,corporate_non_operational,36326410.01388557,overnight,False,True,False,1.0,0.5,0.0
A06701,retail_less_stable,8985478.302264882,91d-1y,False,True,False,1.0,0.9,0.0
A06702,committed_facilities,2948315.5335999867,2d-7d,False,False,True,1.0,0.0,0.0
A06703,committed_facilities,7218358.913000178,8d-30d,False,False,True,1.0,0.0,0.0
A06704,corporate_non_operational,533252.1809852667,overnight,False,True,False,1.0,0.5,0.0
A06705,loans,2421143.025719695,31d-90d,True,False,False,0.65,0.0,0.85
A06706,corporate_operational,1875591.6668867914,overnight,False,True,False,1.0,0.5,0.0
A06707,committed_facilities,1286711.1974152972,>1y,False,False,True,1.0,0.0,0.0
A06708,loans,2684170.1058451086,>1y,True,False,False,0.65,0.0,0.85
A06709,corporate_operational,3323203.7856660876,overnight,False,True,False,1.0,0.5,0.0
A06710,corporate_operational,9608434.178441178,overnight,False,True,False,1.0,0.5,0.0
A06711,corporate_non_operational,5012241.580381886,>1y,False,True,False,1.0,0.5,0.0
A06712,treasury_hqla,1972953.9803738391,2d-7d,True,False,False,0.05,0.0,0.05
A06713,treasury_hqla,4294455.105321475,91d-1y,True,False,False,0.05,0.0,0.05
A06714,loans,742246.3996699877,31d-90d,True,False,False,0.65,0.0,0.85
A06715,corporate_non_operational,771814.5327297872,8d-30d,False,True,False,1.0,0.5,0.0
A06716,equities,9797854.663087433,>1y,True,False,False,0.45,0.0,0.85
A06717,wholesale_unsecured,1384814.6076638987,8d-30d,False,True,False,1.0,0.0,0.0
A06718,committed_facilities,1191616.461272521,31d-90d,False,False,True,1.0,0.0,0.0
A06719,wholesale_unsecured,10416103.589237222,overnight,False,True,False,1.0,0.0,0.0
A06720,retail_stable,3680221.5681100804,2d-7d,False,True,False,1.0,0.95,0.0
A06721,treasury_hqla,9356191.716265786,2d-7d,True,False,False,0.05,0.0,0.05
A06722,corporate_operational,23401006.567690633,overnight,False,True,False,1.0,0.5,0.0
A06723,corporate_bonds,5378771.711826879,2d-7d,True,False,False,0.2,0.0,0.5
A06724,retail_less_stable,1361330.7377528925,>1y,False,True,False,1.0,0.9,0.0
A06725,corporate_non_operational,976627.0378928575,91d-1y,False,True,False,1.0,0.5,0.0
A06726,loans,8788011.271084227,overnight,True,False,False,0.65,0.0,0.85
A06727,retail_stable,1706550.9072326033,8d-30d,False,True,False,1.0,0.95,0.0
A06728,corporate_operational,5723737.997363189,2d-7d,False,True,False,1.0,0.5,0.0
A06729,retail_less_stable,1226372.2191465385,2d-7d,False,True,False,1.0,0.9,0.0
A06730,treasury_hqla,12993215.265150454,31d-90d,True,False,False,0.05,0.0,0.05
A06731,retail_stable,358488.89163541084,2d-7d,False,True,False,1.0,0.95,0.0
A06732,corporate_non_operational,11521557.301237803,8d-30d,False,True,False,1.0,0.5,0.0
A06733,retail_stable,1488914.2601309938,8d-30d,False,True,False,1.0,0.95,0.0
A06734,loans,3264936.117386038,31d-90d,True,False,False,0.65,0.0,0.85
A06735,corporate_non_operational,811028.9695961743,>1y,False,True,False,1.0,0.5,0.0
A06736,treasury_hqla,918749.0313629457,>1y,True,False,False,0.05,0.0,0.05
A06737,treasury_hqla,1010209.2202353028,31d-90d,True,False,False,0.05,0.0,0.05
A06738,corporate_operational,8981216.67777164,8d-30d,False,True,False,1.0,0.5,0.0
A06739,corporate_operational,2906822.6155381445,8d-30d,False,True,False,1.0,0.5,0.0
A06740,committed_facilities,11125488.832584884,31d-90d,False,False,True,1.0,0.0,0.0
A06741,retail_stable,383362.20572946756,overnight,False,True,False,1.0,0.95,0.0
A06742,treasury_hqla,3553498.1918822387,91d-1y,True,False,False,0.05,0.0,0.05
A06743,committed_facilities,4910908.385314878,91d-1y,False,False,True,1.0,0.0,0.0
A06744,retail_less_stable,408824.8492239504,overnight,False,True,False,1.0,0.9,0.0
A06745,retail_stable,7174229.065076318,8d-30d,False,True,False,1.0,0.95,0.0
A06746,retail_stable,4101736.847006566,overnight,False,True,False,1.0,0.95,0.0
A06747,retail_less_stable,2769522.0173804695,>1y,False,True,False,1.0,0.9,0.0
A06748,retail_less_stable,21481889.782329544,91d-1y,False,True,False,1.0,0.9,0.0
A06749,retail_stable,2899441.4978894554,overnight,False,True,False,1.0,0.95,0.0
A06750,corporate_non_operational,3152396.6664605443,31d-90d,False,True,False,1.0,0.5,0.0
A06751,retail_less_stable,26047817.457698062,overnight,False,True,False,1.0,0.9,0.0
A06752,retail_stable,2015029.4874395009,overnight,False,True,False,1.0,0.95,0.0
A06753,corporate_operational,2888490.3272190783,31d-90d,False,True,False,1.0,0.5,0.0
A06754,wholesale_unsecured,826629.5915072872,91d-1y,False,True,False,1.0,0.0,0.0
A06755,loans,3496825.4260025984,>1y,True,False,False,0.65,0.0,0.85
A06756,wholesale_unsecured,2187159.6891394155,overnight,False,True,False,1.0,0.0,0.0
A06757,corporate_bonds,4919289.896501794,>1y,True,False,False,0.2,0.0,0.5
A06758,corporate_non_operational,7235730.117118414,31d-90d,False,True,False,1.0,0.5,0.0
A06759,wholesale_unsecured,2378030.7747639264,91d-1y,False,True,False,1.0,0.0,0.0
A06760,corporate_operational,578729.0692307889,8d-30d,False,True,False,1.0,0.5,0.0
A06761,wholesale_unsecured,1680508.5982626767,31d-90d,False,True,False,1.0,0.0,0.0
A06762,retail_stable,3046424.1142254095,overnight,False,True,False,1.0,0.95,0.0
A06763,loans,1816456.745145135,2d-7d,True,False,False,0.65,0.0,0.85
A06764,corporate_bonds,5287977.068497054,8d-30d,True,False,False,0.2,0.0,0.5
A06765,wholesale_unsecured,2037604.4169524286,2d-7d,False,True,False,1.0,0.0,0.0
A06766,retail_stable,3050345.61967214,overnight,False,True,False,1.0,0.95,0.0
A06767,corporate_non_operational,651061.4326685511,31d-90d,False,True,False,1.0,0.5,0.0
A06768,corporate_operational,3652498.138667333,overnight,False,True,False,1.0,0.5,0.0
A06769,corporate_non_operational,468592.9620507825,2d-7d,False,True,False,1.0,0.5,0.0
A06770,retail_stable,998366.9574701157,31d-90d,False,True,False,1.0,0.95,0.0
A06771,retail_stable,5133885.741590273,8d-30d,False,True,False,1.0,0.95,0.0
A06772,retail_less_stable,21578640.12121228,overnight,False,True,False,1.0,0.9,0.0
A06773,loans,2116153.7966337446,31d-90d,True,False,False,0.65,0.0,0.85
A06774,loans,512240.8891385696,91d-1y,True,False,False,0.65,0.0,0.85
A06775,loans,1789167.5676791426,91d-1y,True,False,False,0.65,0.0,0.85
A06776,committed_facilities,854187.8795776773,>1y,False,False,True,1.0,0.0,0.0
A06777,retail_less_stable,1615349.915389381,overnight,False,True,False,1.0,0.9,0.0
A06778,loans,651353.5097919852,>1y,True,False,False,0.65,0.0,0.85
A06779,corporate_non_operational,7631104.481309191,overnight,False,True,False,1.0,0.5,0.0
A06780,retail_stable,1468288.4433932132,91d-1y,False,True,False,1.0,0.95,0.0
A06781,retail_less_stable,36563615.47695039,8d-30d,False,True,False,1.0,0.9,0.0
A06782,treasury_hqla,3139987.6624601977,>1y,True,False,False,0.05,0.0,0.05
A06783,committed_facilities,7636422.955275229,31d-90d,False,False,True,1.0,0.0,0.0
A06784,retail_less_stable,8039128.209246201,8d-30d,False,True,False,1.0,0.9,0.0
A06785,loans,9779191.922675224,>1y,True,False,False,0.65,0.0,0.85
A06786,loans,3732506.0539180045,>1y,True,False,False,0.65,0.0,0.85
A06787,retail_stable,5029185.957341919,overnight,False,True,False,1.0,0.95,0.0
A06788,loans,6572322.898984162,>1y,True,False,False,0.65,0.0,0.85
A06789,corporate_operational,63735886.15619167,overnight,False,True,False,1.0,0.5,0.0
A06790,retail_stable,9375258.074071988,8d-30d,False,True,False,1.0,0.95,0.0
A06791,retail_less_stable,2337720.8860473237,2d-7d,False,True,False,1.0,0.9,0.0
A06792,corporate_operational,2563786.1474265046,overnight,False,True,False,1.0,0.5,0.0
A06793,corporate_operational,5792836.960725631,8d-30d,False,True,False,1.0,0.5,0.0
A06794,retail_stable,6542526.636495586,overnight,False,True,False,1.0,0.95,0.0
A06795,treasury_hqla,7415034.153694581,overnight,True,False,False,0.05,0.0,0.05
A06796,loans,683773.2523477173,>1y,True,False,False,0.65,0.0,0.85
A06797,retail_less_stable,8703006.775315545,8d-30d,False,True,False,1.0,0.9,0.0
A06798,corporate_non_operational,8427786.53959171,31d-90d,False,True,False,1.0,0.5,0.0
A06799,retail_less_stable,1644042.1464727912,2d-7d,False,True,False,1.0,0.9,0.0
A06800,retail_stable,2128591.3324137395,2d-7d,False,True,False,1.0,0.95,0.0
A06801,retail_less_stable,1834818.5426835245,8d-30d,False,True,False,1.0,0.9,0.0
A06802,corporate_operational,32865.94914408156,8d-30d,False,True,False,1.0,0.5,0.0
A06803,loans,1072216.2949563838,91d-1y,True,False,False,0.65,0.0,0.85
A06804,retail_less_stable,5530987.391162878,overnight,False,True,False,1.0,0.9,0.0
A06805,committed_facilities,1903750.9001745456,8d-30d,False,False,True,1.0,0.0,0.0
A06806,corporate_bonds,193955.8336635236,2d-7d,True,False,False,0.2,0.0,0.5
A06807,corporate_non_operational,22585102.364359833,8d-30d,False,True,False,1.0,0.5,0.0
A06808,equities,2755845.8401218336,>1y,True,False,False,0.45,0.0,0.85
A06809,loans,16338250.252774581,91d-1y,True,False,False,0.65,0.0,0.85
A06810,retail_less_stable,5582786.328866999,2d-7d,False,True,False,1.0,0.9,0.0
A06811,wholesale_unsecured,1690933.477138848,2d-7d,False,True,False,1.0,0.0,0.0
A06812,retail_less_stable,7474225.494706638,2d-7d,False,True,False,1.0,0.9,0.0
A06813,retail_less_stable,3822651.713762056,31d-90d,False,True,False,1.0,0.9,0.0
A06814,retail_less_stable,1625011.41984053,overnight,False,True,False,1.0,0.9,0.0
A06815,retail_less_stable,22961895.638828237,>1y,False,True,False,1.0,0.9,0.0
A06816,corporate_bonds,3989043.636676777,2d-7d,True,False,False,0.2,0.0,0.5
A06817,retail_less_stable,1444755.6102369723,overnight,False,True,False,1.0,0.9,0.0
A06818,treasury_hqla,2475462.377496325,8d-30d,True,False,False,0.05,0.0,0.05
A06819,corporate_operational,462216.356561667,8d-30d,False,True,False,1.0,0.5,0.0
A06820,loans,5362124.709538841,31d-90d,True,False,False,0.65,0.0,0.85
A06821,corporate_non_operational,12749435.981521076,2d-7d,False,True,False,1.0,0.5,0.0
A06822,retail_stable,4299605.324050741,2d-7d,False,True,False,1.0,0.95,0.0
A06823,retail_stable,1401988.0996077394,2d-7d,False,True,False,1.0,0.95,0.0
A06824,retail_less_stable,1755531.8447221667,8d-30d,False,True,False,1.0,0.9,0.0
A06825,treasury_hqla,9480349.977908457,91d-1y,True,False,False,0.05,0.0,0.05
A06826,corporate_non_operational,997085.2362964938,overnight,False,True,False,1.0,0.5,0.0
A06827,corporate_operational,11913125.158710185,2d-7d,False,True,False,1.0,0.5,0.0
A06828,retail_stable,6380357.348516219,31d-90d,False,True,False,1.0,0.95,0.0
A06829,corporate_bonds,1957357.5128372149,8d-30d,True,False,False,0.2,0.0,0.5
A06830,loans,1172990.7364693768,2d-7d,True,False,False,0.65,0.0,0.85
A06831,corporate_non_operational,2722053.6199824195,overnight,False,True,False,1.0,0.5,0.0
A06832,corporate_operational,17330751.95823945,2d-7d,False,True,False,1.0,0.5,0.0
A06833,retail_less_stable,5893988.703443176,31d-90d,False,True,False,1.0,0.9,0.0
A06834,treasury_hqla,27642407.45179182,91d-1y,True,False,False,0.05,0.0,0.05
A06835,corporate_operational,755025.7241374255,8d-30d,False,True,False,1.0,0.5,0.0
A06836,retail_stable,10939443.256782554,8d-30d,False,True,False,1.0,0.95,0.0
A06837,loans,565561.8112669536,31d-90d,True,False,False,0.65,0.0,0.85
A06838,corporate_operational,3144540.72866854,8d-30d,False,True,False,1.0,0.5,0.0
A06839,corporate_bonds,1279090.3299834093,31d-90d,True,False,False,0.2,0.0,0.5
A06840,loans,1050262.3016626886,2d-7d,True,False,False,0.65,0.0,0.85
A06841,corporate_operational,20182305.866242748,>1y,False,True,False,1.0,0.5,0.0
A06842,retail_less_stable,4346237.289896625,overnight,False,True,False,1.0,0.9,0.0
A06843,retail_less_stable,2963356.203079491,overnight,False,True,False,1.0,0.9,0.0
A06844,corporate_bonds,5311226.070316904,>1y,True,False,False,0.2,0.0,0.5
A06845,loans,2060520.7116351537,overnight,True,False,False,0.65,0.0,0.85
A06846,corporate_operational,3856223.2478745244,8d-30d,False,True,False,1.0,0.5,0.0
A06847,treasury_hqla,1553100.2251621985,overnight,True,False,False,0.05,0.0,0.05
A06848,loans,5060906.300430731,91d-1y,True,False,False,0.65,0.0,0.85
A06849,loans,3899626.971942395,31d-90d,True,False,False,0.65,0.0,0.85
A06850,treasury_hqla,3028901.007720577,91d-1y,True,False,False,0.05,0.0,0.05
A06851,retail_stable,1593611.754791266,91d-1y,False,True,False,1.0,0.95,0.0
A06852,retail_stable,1741974.609641223,overnight,False,True,False,1.0,0.95,0.0
A06853,wholesale_unsecured,4952283.277864564,31d-90d,False,True,False,1.0,0.0,0.0
A06854,committed_facilities,4040947.5968242274,>1y,False,False,True,1.0,0.0,0.0
A06855,retail_stable,592710.0181984352,>1y,False,True,False,1.0,0.95,0.0
A06856,corporate_non_operational,2549203.386403432,31d-90d,False,True,False,1.0,0.5,0.0
A06857,treasury_hqla,3465889.2735412833,>1y,True,False,False,0.05,0.0,0.05
A06858,wholesale_unsecured,6868118.611313434,overnight,False,True,False,1.0,0.0,0.0
A06859,corporate_non_operational,979282.4361427479,overnight,False,True,False,1.0,0.5,0.0
A06860,retail_stable,3696466.37024798,overnight,False,True,False,1.0,0.95,0.0
A06861,corporate_non_operational,2648782.877576461,overnight,False,True,False,1.0,0.5,0.0
A06862,retail_less_stable,5709030.644096333,8d-30d,False,True,False,1.0,0.9,0.0
A06863,committed_facilities,17079147.160910532,91d-1y,False,False,True,1.0,0.0,0.0
A06864,treasury_hqla,16594274.163625605,8d-30d,True,False,False,0.05,0.0,0.05
A06865,treasury_hqla,8289228.342848754,91d-1y,True,False,False,0.05,0.0,0.05
A06866,retail_stable,680757.5970515253,overnight,False,True,False,1.0,0.95,0.0
A06867,corporate_operational,1368837.652281632,91d-1y,False,True,False,1.0,0.5,0.0
A06868,retail_less_stable,18418020.102016497,8d-30d,False,True,False,1.0,0.9,0.0
A06869,wholesale_unsecured,8905491.326716606,overnight,False,True,False,1.0,0.0,0.0
A06870,loans,2882314.89306052,91d-1y,True,False,False,0.65,0.0,0.85
A06871,committed_facilities,7005590.59001152,2d-7d,False,False,True,1.0,0.0,0.0
A06872,retail_less_stable,3830235.839807778,2d-7d,False,True,False,1.0,0.9,0.0
A06873,wholesale_unsecured,3765652.4354618364,>1y,False,True,False,1.0,0.0,0.0
A06874,committed_facilities,2440671.564609629,8d-30d,False,False,True,1.0,0.0,0.0
A06875,retail_stable,2812248.7967538666,8d-30d,False,True,False,1.0,0.95,0.0
A06876,corporate_operational,545387.9593845577,2d-7d,False,True,False,1.0,0.5,0.0
A06877,loans,9825470.096714815,>1y,True,False,False,0.65,0.0,0.85
A06878,treasury_hqla,2535653.896119855,2d-7d,True,False,False,0.05,0.0,0.05
A06879,corporate_bonds,444111.4004811259,>1y,True,False,False,0.2,0.0,0.5
A06880,loans,1647893.5006534075,>1y,True,False,False,0.65,0.0,0.85
A06881,corporate_non_operational,125828.77931026173,8d-30d,False,True,False,1.0,0.5,0.0
A06882,loans,3221903.5243496886,2d-7d,True,False,False,0.65,0.0,0.85
A06883,retail_stable,6848917.400947491,2d-7d,False,True,False,1.0,0.95,0.0
A06884,treasury_hqla,11050696.38434116,91d-1y,True,False,False,0.05,0.0,0.05
A06885,loans,4580431.479646485,>1y,True,False,False,0.65,0.0,0.85
A06886,treasury_hqla,12909438.007864097,31d-90d,True,False,False,0.05,0.0,0.05
A06887,treasury_hqla,1896446.1043624543,>1y,True,False,False,0.05,0.0,0.05
A06888,corporate_operational,4196605.766670388,2d-7d,False,True,False,1.0,0.5,0.0
A06889,loans,26299154.057928417,2d-7d,True,False,False,0.65,0.0,0.85
A06890,corporate_operational,1264517.483619556,overnight,False,True,False,1.0,0.5,0.0
A06891,committed_facilities,5473965.22760983,>1y,False,False,True,1.0,0.0,0.0
A06892,corporate_non_operational,3449460.3222739054,8d-30d,False,True,False,1.0,0.5,0.0
A06893,loans,6324063.636928892,31d-90d,True,False,False,0.65,0.0,0.85
A06894,corporate_operational,8243103.430520335,2d-7d,False,True,False,1.0,0.5,0.0
A06895,corporate_bonds,6373968.39764264,31d-90d,True,False,False,0.2,0.0,0.5
A06896,corporate_operational,4229367.699463453,overnight,False,True,False,1.0,0.5,0.0
A06897,corporate_operational,4824108.0433415,2d-7d,False,True,False,1.0,0.5,0.0
A06898,retail_stable,7750603.191024902,overnight,False,True,False,1.0,0.95,0.0
A06899,retail_stable,14127285.54745204,2d-7d,False,True,False,1.0,0.95,0.0
A06900,loans,924857.7753623272,overnight,True,False,False,0.65,0.0,0.85
A06901,retail_stable,3007409.7367477315,>1y,False,True,False,1.0,0.95,0.0
A06902,corporate_bonds,750962.0557859266,31d-90d,True,False,False,0.2,0.0,0.5
A06903,retail_stable,3360208.029092969,31d-90d,False,True,False,1.0,0.95,0.0
A06904,wholesale_unsecured,9439315.937436346,2d-7d,False,True,False,1.0,0.0,0.0
A06905,corporate_operational,4990891.340466626,overnight,False,True,False,1.0,0.5,0.0
A06906,corporate_non_operational,3960319.585394047,8d-30d,False,True,False,1.0,0.5,0.0
A06907,loans,13286353.242331985,8d-30d,True,False,False,0.65,0.0,0.85
A06908,retail_stable,1494286.8914518394,overnight,False,True,False,1.0,0.95,0.0
A06909,corporate_operational,1605289.1000994775,8d-30d,False,True,False,1.0,0.5,0.0
A06910,retail_stable,25026891.256569903,overnight,False,True,False,1.0,0.95,0.0
A06911,retail_less_stable,9364257.918332865,overnight,False,True,False,1.0,0.9,0.0
A06912,loans,2427966.9155249028,2d-7d,True,False,False,0.65,0.0,0.85
A06913,retail_stable,4342958.798456422,overnight,False,True,False,1.0,0.95,0.0
A06914,retail_stable,9406035.880045911,91d-1y,False,True,False,1.0,0.95,0.0
A06915,treasury_hqla,8088897.979865343,91d-1y,True,False,False,0.05,0.0,0.05
A06916,corporate_operational,4470606.305179039,overnight,False,True,False,1.0,0.5,0.0
A06917,loans,2983995.815400491,>1y,True,False,False,0.65,0.0,0.85
A06918,treasury_hqla,5855354.017821915,31d-90d,True,False,False,0.05,0.0,0.05
A06919,retail_stable,1323737.2995021618,overnight,False,True,False,1.0,0.95,0.0
A06920,corporate_operational,4958315.014349805,8d-30d,False,True,False,1.0,0.5,0.0
A06921,loans,1382367.106389904,31d-90d,True,False,False,0.65,0.0,0.85
A06922,retail_less_stable,885523.179993093,overnight,False,True,False,1.0,0.9,0.0
A06923,retail_stable,812970.0900999983,2d-7d,False,True,False,1.0,0.95,0.0
A06924,retail_stable,1155582.0324822238,8d-30d,False,True,False,1.0,0.95,0.0
A06925,loans,1668009.8796927105,31d-90d,True,False,False,0.65,0.0,0.85
A06926,loans,2249005.202538846,overnight,True,False,False,0.65,0.0,0.85
A06927,treasury_hqla,7765843.493058804,>1y,True,False,False,0.05,0.0,0.05
A06928,loans,228605.64609499575,91d-1y,True,False,False,0.65,0.0,0.85
A06929,loans,5656907.233395899,91d-1y,True,False,False,0.65,0.0,0.85
A06930,treasury_hqla,2075010.311442542,8d-30d,True,False,False,0.05,0.0,0.05
A06931,retail_stable,4254323.105151524,overnight,False,True,False,1.0,0.95,0.0
A06932,loans,6984679.978999491,31d-90d,True,False,False,0.65,0.0,0.85
A06933,retail_stable,172911.36899791524,31d-90d,False,True,False,1.0,0.95,0.0
A06934,retail_less_stable,6144428.542976574,2d-7d,False,True,False,1.0,0.9,0.0
A06935,retail_less_stable,2123398.816624933,2d-7d,False,True,False,1.0,0.9,0.0
A06936,corporate_non_operational,6858514.700431506,overnight,False,True,False,1.0,0.5,0.0
A06937,retail_stable,1381492.5892538652,31d-90d,False,True,False,1.0,0.95,0.0
A06938,loans,6834839.62240278,2d-7d,True,False,False,0.65,0.0,0.85
A06939,retail_stable,4036104.728313335,31d-90d,False,True,False,1.0,0.95,0.0
A06940,corporate_non_operational,4596968.212047069,overnight,False,True,False,1.0,0.5,0.0
A06941,retail_stable,4214068.754505073,overnight,False,True,False,1.0,0.95,0.0
A06942,loans,9603740.034342615,91d-1y,True,False,False,0.65,0.0,0.85
A06943,wholesale_unsecured,5845798.562837027,91d-1y,False,True,False,1.0,0.0,0.0
A06944,committed_facilities,5975534.228071184,>1y,False,False,True,1.0,0.0,0.0
A06945,retail_stable,1379792.7159973076,91d-1y,False,True,False,1.0,0.95,0.0
A06946,corporate_non_operational,2077629.6895267717,8d-30d,False,True,False,1.0,0.5,0.0
A06947,retail_stable,1167490.3538337694,2d-7d,False,True,False,1.0,0.95,0.0
A06948,loans,4601730.837183069,31d-90d,True,False,False,0.65,0.0,0.85
A06949,committed_facilities,1223786.2200480213,2d-7d,False,False,True,1.0,0.0,0.0
A06950,retail_stable,5823028.9498033915,2d-7d,False,True,False,1.0,0.95,0.0
A06951,retail_stable,19165048.41008424,>1y,False,True,False,1.0,0.95,0.0
A06952,corporate_operational,3034670.805933745,overnight,False,True,False,1.0,0.5,0.0
A06953,committed_facilities,6419451.737385454,>1y,False,False,True,1.0,0.0,0.0
A06954,retail_less_stable,1453613.0986767109,overnight,False,True,False,1.0,0.9,0.0
A06955,committed_facilities,44972608.523939416,8d-30d,False,False,True,1.0,0.0,0.0
A06956,retail_stable,3860466.409239439,overnight,False,True,False,1.0,0.95,0.0
A06957,retail_less_stable,1581142.761829062,overnight,False,True,False,1.0,0.9,0.0
A06958,corporate_bonds,4665063.869698722,31d-90d,True,False,False,0.2,0.0,0.5
A06959,retail_stable,1766426.7447259948,overnight,False,True,False,1.0,0.95,0.0
A06960,loans,14179876.631916186,91d-1y,True,False,False,0.65,0.0,0.85
A06961,corporate_bonds,4753429.088023517,>1y,True,False,False,0.2,0.0,0.5
A06962,corporate_non_operational,1546163.7831290567,2d-7d,False,True,False,1.0,0.5,0.0
A06963,retail_stable,2299504.9508338906,overnight,False,True,False,1.0,0.95,0.0
A06964,retail_stable,12862482.564589007,overnight,False,True,False,1.0,0.95,0.0
A06965,loans,1460559.124088613,overnight,True,False,False,0.65,0.0,0.85
A06966,retail_stable,4630514.04159778,overnight,False,True,False,1.0,0.95,0.0
A06967,loans,360323.0796200085,91d-1y,True,False,False,0.65,0.0,0.85
A06968,corporate_bonds,15813832.850723453,>1y,True,False,False,0.2,0.0,0.5
A06969,loans,1650468.4071540986,>1y,True,False,False,0.65,0.0,0.85
A06970,corporate_operational,2001074.3559830957,overnight,False,True,False,1.0,0.5,0.0
A06971,corporate_bonds,5353037.348817523,>1y,True,False,False,0.2,0.0,0.5
A06972,wholesale_unsecured,1164949.8802285371,>1y,False,True,False,1.0,0.0,0.0
A06973,equities,1456007.2634783087,overnight,True,False,False,0.45,0.0,0.85
A06974,corporate_non_operational,3392724.981711495,overnight,False,True,False,1.0,0.5,0.0
A06975,retail_stable,5108360.108634666,8d-30d,False,True,False,1.0,0.95,0.0
A06976,retail_stable,1088317.2979586304,2d-7d,False,True,False,1.0,0.95,0.0
A06977,corporate_bonds,538029.6066536765,8d-30d,True,False,False,0.2,0.0,0.5
A06978,corporate_non_operational,2237645.518451733,31d-90d,False,True,False,1.0,0.5,0.0
A06979,corporate_operational,1591886.9062321573,overnight,False,True,False,1.0,0.5,0.0
A06980,retail_less_stable,1196950.8913555418,overnight,False,True,False,1.0,0.9,0.0
A06981,retail_stable,273396.55918228946,8d-30d,False,True,False,1.0,0.95,0.0
A06982,retail_less_stable,20725632.343401365,8d-30d,False,True,False,1.0,0.9,0.0
A06983,corporate_non_operational,1431695.3981364632,overnight,False,True,False,1.0,0.5,0.0
A06984,loans,7914214.945429688,overnight,True,False,False,0.65,0.0,0.85
A06985,loans,4170202.508642029,>1y,True,False,False,0.65,0.0,0.85
A06986,loans,1970942.1086560006,overnight,True,False,False,0.65,0.0,0.85
A06987,loans,4043423.332508176,>1y,True,False,False,0.65,0.0,0.85
A06988,retail_stable,9817943.304339271,overnight,False,True,False,1.0,0.95,0.0
A06989,treasury_hqla,1435476.8206612137,>1y,True,False,False,0.05,0.0,0.05
A06990,committed_facilities,925311.2451122203,31d-90d,False,False,True,1.0,0.0,0.0
A06991,loans,14846670.960795712,>1y,True,False,False,0.65,0.0,0.85
A06992,loans,249939.43573119995,91d-1y,True,False,False,0.65,0.0,0.85
A06993,equities,4186506.760399472,91d-1y,True,False,False,0.45,0.0,0.85
A06994,retail_less_stable,1784824.3005389078,overnight,False,True,False,1.0,0.9,0.0
A06995,corporate_bonds,1507240.8488144553,2d-7d,True,False,False,0.2,0.0,0.5
A06996,corporate_non_operational,687648.996754614,2d-7d,False,True,False,1.0,0.5,0.0
A06997,loans,9508133.962986557,91d-1y,True,False,False,0.65,0.0,0.85
A06998,wholesale_unsecured,1336232.7754135341,2d-7d,False,True,False,1.0,0.0,0.0
A06999,loans,2060013.604168049,>1y,True,False,False,0.65,0.0,0.85
A07000,corporate_bonds,1915488.0855036073,2d-7d,True,False,False,0.2,0.0,0.5
A07001,retail_less_stable,480353.1900677848,2d-7d,False,True,False,1.0,0.9,0.0
A07002,wholesale_unsecured,3977786.91755075,overnight,False,True,False,1.0,0.0,0.0
A07003,equities,4082639.2710153596,8d-30d,True,False,False,0.45,0.0,0.85
A07004,corporate_operational,5403287.1179601345,8d-30d,False,True,False,1.0,0.5,0.0
A07005,loans,9224387.777878365,31d-90d,True,False,False,0.65,0.0,0.85
A07006,loans,1380059.0978907866,>1y,True,False,False,0.65,0.0,0.85
A07007,treasury_hqla,5349240.044032089,>1y,True,False,False,0.05,0.0,0.05
A07008,retail_less_stable,368665.8503747993,overnight,False,True,False,1.0,0.9,0.0
A07009,loans,2579387.334413643,31d-90d,True,False,False,0.65,0.0,0.85
A07010,loans,9187704.170211934,91d-1y,True,False,False,0.65,0.0,0.85
A07011,loans,5645618.841990777,>1y,True,False,False,0.65,0.0,0.85
A07012,corporate_operational,4142728.4075626773,2d-7d,False,True,False,1.0,0.5,0.0
A07013,corporate_non_operational,971945.7714094229,overnight,False,True,False,1.0,0.5,0.0
A07014,wholesale_unsecured,7305500.859146322,>1y,False,True,False,1.0,0.0,0.0
A07015,corporate_non_operational,5225917.742244756,8d-30d,False,True,False,1.0,0.5,0.0
A07016,retail_stable,7365156.650631423,2d-7d,False,True,False,1.0,0.95,0.0
A07017,retail_less_stable,3412340.533614981,2d-7d,False,True,False,1.0,0.9,0.0
A07018,corporate_non_operational,945019.5647646829,overnight,False,True,False,1.0,0.5,0.0
A07019,committed_facilities,2727287.1553386217,31d-90d,False,False,True,1.0,0.0,0.0
A07020,wholesale_unsecured,1534495.5389530277,2d-7d,False,True,False,1.0,0.0,0.0
A07021,corporate_non_operational,1502637.2517206057,overnight,False,True,False,1.0,0.5,0.0
A07022,loans,710213.5250910467,2d-7d,True,False,False,0.65,0.0,0.85
A07023,treasury_hqla,2213498.656077153,91d-1y,True,False,False,0.05,0.0,0.05
A07024,wholesale_unsecured,2164258.625412898,2d-7d,False,True,False,1.0,0.0,0.0
A07025,equities,2792642.491290927,91d-1y,True,False,False,0.45,0.0,0.85
A07026,corporate_operational,8726229.847694911,31d-90d,False,True,False,1.0,0.5,0.0
A07027,retail_stable,6481016.4318016395,overnight,False,True,False,1.0,0.95,0.0
A07028,equities,2781491.4473885135,2d-7d,True,False,False,0.45,0.0,0.85
A07029,corporate_bonds,1019107.3158599326,31d-90d,True,False,False,0.2,0.0,0.5
A07030,corporate_operational,3594280.4768226673,overnight,False,True,False,1.0,0.5,0.0
A07031,retail_stable,957562.2568779114,31d-90d,False,True,False,1.0,0.95,0.0
A07032,loans,39926229.07695698,>1y,True,False,False,0.65,0.0,0.85
A07033,retail_stable,29193777.735535722,8d-30d,False,True,False,1.0,0.95,0.0
A07034,loans,4626900.7165196575,91d-1y,True,False,False,0.65,0.0,0.85
A07035,corporate_non_operational,1639171.712737123,8d-30d,False,True,False,1.0,0.5,0.0
A07036,corporate_bonds,273012.27133440756,31d-90d,True,False,False,0.2,0.0,0.5
A07037,retail_stable,427593.41695258836,91d-1y,False,True,False,1.0,0.95,0.0
A07038,retail_less_stable,7301720.709336331,2d-7d,False,True,False,1.0,0.9,0.0
A07039,retail_less_stable,5573556.879657613,31d-90d,False,True,False,1.0,0.9,0.0
A07040,corporate_non_operational,5966424.202047731,overnight,False,True,False,1.0,0.5,0.0
A07041,corporate_bonds,8228523.165622466,91d-1y,True,False,False,0.2,0.0,0.5
A07042,treasury_hqla,1140868.5658471517,31d-90d,True,False,False,0.05,0.0,0.05
A07043,corporate_non_operational,2199512.556193742,91d-1y,False,True,False,1.0,0.5,0.0
A07044,corporate_bonds,2146463.4810116463,>1y,True,False,False,0.2,0.0,0.5
A07045,loans,7382122.111965304,8d-30d,True,False,False,0.65,0.0,0.85
A07046,corporate_bonds,7173060.812950827,31d-90d,True,False,False,0.2,0.0,0.5
A07047,corporate_non_operational,7304973.379999099,2d-7d,False,True,False,1.0,0.5,0.0
A07048,retail_stable,7955884.936344933,91d-1y,False,True,False,1.0,0.95,0.0
A07049,retail_less_stable,1392159.4124978045,overnight,False,True,False,1.0,0.9,0.0
A07050,corporate_non_operational,2908497.1119833826,overnight,False,True,False,1.0,0.5,0.0
A07051,retail_stable,19083291.938101504,overnight,False,True,False,1.0,0.95,0.0
A07052,committed_facilities,11688013.430986924,31d-90d,False,False,True,1.0,0.0,0.0
A07053,corporate_operational,8332251.155029546,8d-30d,False,True,False,1.0,0.5,0.0
A07054,wholesale_unsecured,2598185.2661392707,overnight,False,True,False,1.0,0.0,0.0
A07055,retail_stable,4961959.051709705,91d-1y,False,True,False,1.0,0.95,0.0
A07056,retail_stable,668078.4812864172,8d-30d,False,True,False,1.0,0.95,0.0
A07057,loans,418727.0802198142,8d-30d,True,False,False,0.65,0.0,0.85
A07058,retail_less_stable,2052992.6949360864,8d-30d,False,True,False,1.0,0.9,0.0
A07059,treasury_hqla,4359734.868855433,>1y,True,False,False,0.05,0.0,0.05
A07060,loans,3792494.9673746037,>1y,True,False,False,0.65,0.0,0.85
A07061,retail_less_stable,12031318.698477035,8d-30d,False,True,False,1.0,0.9,0.0
A07062,corporate_non_operational,999322.3679566856,8d-30d,False,True,False,1.0,0.5,0.0
A07063,retail_less_stable,6980327.297247001,overnight,False,True,False,1.0,0.9,0.0
A07064,loans,2284494.851120272,91d-1y,True,False,False,0.65,0.0,0.85
A07065,loans,1740552.6454185094,8d-30d,True,False,False,0.65,0.0,0.85
A07066,loans,10398486.13093942,>1y,True,False,False,0.65,0.0,0.85
A07067,retail_less_stable,908967.9416493094,2d-7d,False,True,False,1.0,0.9,0.0
A07068,retail_stable,758448.8983687907,8d-30d,False,True,False,1.0,0.95,0.0
A07069,loans,2394957.918426929,>1y,True,False,False,0.65,0.0,0.85
A07070,corporate_operational,1235917.1817125082,8d-30d,False,True,False,1.0,0.5,0.0
A07071,loans,2061233.7557443886,91d-1y,True,False,False,0.65,0.0,0.85
A07072,wholesale_unsecured,11647274.205529531,2d-7d,False,True,False,1.0,0.0,0.0
A07073,wholesale_unsecured,280206.4052978926,2d-7d,False,True,False,1.0,0.0,0.0
A07074,wholesale_unsecured,2862337.1088477173,>1y,False,True,False,1.0,0.0,0.0
A07075,corporate_operational,1176293.208793145,8d-30d,False,True,False,1.0,0.5,0.0
A07076,corporate_operational,5676305.699844345,91d-1y,False,True,False,1.0,0.5,0.0
A07077,committed_facilities,2925892.1265849033,8d-30d,False,False,True,1.0,0.0,0.0
A07078,retail_less_stable,601843.4116546569,8d-30d,False,True,False,1.0,0.9,0.0
A07079,treasury_hqla,1596370.151965588,2d-7d,True,False,False,0.05,0.0,0.05
A07080,retail_stable,357228.0796025178,overnight,False,True,False,1.0,0.95,0.0
A07081,loans,2796057.9223210975,>1y,True,False,False,0.65,0.0,0.85
A07082,retail_stable,4525862.537658492,overnight,False,True,False,1.0,0.95,0.0
A07083,retail_stable,8667063.913894422,8d-30d,False,True,False,1.0,0.95,0.0
A07084,retail_less_stable,9203934.301366568,8d-30d,False,True,False,1.0,0.9,0.0
A07085,corporate_non_operational,482282.753268378,91d-1y,False,True,False,1.0,0.5,0.0
A07086,retail_stable,17615617.449809916,8d-30d,False,True,False,1.0,0.95,0.0
A07087,corporate_bonds,1046311.108492273,>1y,True,False,False,0.2,0.0,0.5
A07088,committed_facilities,5921733.95437164,91d-1y,False,False,True,1.0,0.0,0.0
A07089,retail_stable,3092687.390859416,>1y,False,True,False,1.0,0.95,0.0
A07090,corporate_operational,8242464.823108237,31d-90d,False,True,False,1.0,0.5,0.0
A07091,retail_stable,2208133.5289117587,overnight,False,True,False,1.0,0.95,0.0
A07092,wholesale_unsecured,1655342.0310900162,2d-7d,False,True,False,1.0,0.0,0.0
A07093,retail_stable,1530830.09012155,8d-30d,False,True,False,1.0,0.95,0.0
A07094,loans,3906968.344971621,91d-1y,True,False,False,0.65,0.0,0.85
A07095,corporate_non_operational,2216839.6042988035,2d-7d,False,True,False,1.0,0.5,0.0
A07096,corporate_bonds,27477493.787414785,2d-7d,True,False,False,0.2,0.0,0.5
A07097,corporate_operational,2006178.7637101188,overnight,False,True,False,1.0,0.5,0.0
A07098,treasury_hqla,1582839.9372213623,2d-7d,True,False,False,0.05,0.0,0.05
A07099,retail_less_stable,8535756.498916188,overnight,False,True,False,1.0,0.9,0.0
A07100,loans,9150349.351945795,91d-1y,True,False,False,0.65,0.0,0.85
A07101,loans,1899750.106242536,31d-90d,True,False,False,0.65,0.0,0.85
A07102,retail_less_stable,2900287.341230823,91d-1y,False,True,False,1.0,0.9,0.0
A07103,treasury_hqla,585823.6433987382,>1y,True,False,False,0.05,0.0,0.05
A07104,treasury_hqla,5215590.040769953,91d-1y,True,False,False,0.05,0.0,0.05
A07105,wholesale_unsecured,1163702.8136189121,2d-7d,False,True,False,1.0,0.0,0.0
A07106,loans,1006758.0201234259,8d-30d,True,False,False,0.65,0.0,0.85
A07107,corporate_bonds,2097240.9159150715,>1y,True,False,False,0.2,0.0,0.5
A07108,corporate_non_operational,1912051.710684672,8d-30d,False,True,False,1.0,0.5,0.0
A07109,treasury_hqla,1988487.2191748014,2d-7d,True,False,False,0.05,0.0,0.05
A07110,retail_stable,6332817.3238276085,8d-30d,False,True,False,1.0,0.95,0.0
A07111,corporate_non_operational,3198954.412783865,overnight,False,True,False,1.0,0.5,0.0
A07112,loans,5513810.004934818,31d-90d,True,False,False,0.65,0.0,0.85
A07113,retail_stable,7264156.166905779,overnight,False,True,False,1.0,0.95,0.0
A07114,wholesale_unsecured,17174446.32025819,8d-30d,False,True,False,1.0,0.0,0.0
A07115,treasury_hqla,8005554.907615158,>1y,True,False,False,0.05,0.0,0.05
A07116,retail_stable,17873869.322943684,31d-90d,False,True,False,1.0,0.95,0.0
A07117,loans,1063974.6135533259,>1y,True,False,False,0.65,0.0,0.85
A07118,loans,11192998.228088751,31d-90d,True,False,False,0.65,0.0,0.85
A07119,committed_facilities,557688.4116400835,91d-1y,False,False,True,1.0,0.0,0.0
A07120,corporate_operational,7974217.469943425,8d-30d,False,True,False,1.0,0.5,0.0
A07121,loans,1836795.4271710769,91d-1y,True,False,False,0.65,0.0,0.85
A07122,wholesale_unsecured,836281.704881477,8d-30d,False,True,False,1.0,0.0,0.0
A07123,retail_less_stable,4504501.136164544,8d-30d,False,True,False,1.0,0.9,0.0
A07124,committed_facilities,5394202.42123897,31d-90d,False,False,True,1.0,0.0,0.0
A07125,treasury_hqla,2610886.3639490674,overnight,True,False,False,0.05,0.0,0.05
A07126,retail_stable,4226503.115591052,31d-90d,False,True,False,1.0,0.95,0.0
A07127,treasury_hqla,621399.1725148341,>1y,True,False,False,0.05,0.0,0.05
A07128,committed_facilities,1561146.8037188847,2d-7d,False,False,True,1.0,0.0,0.0
A07129,corporate_bonds,4085029.997876014,91d-1y,True,False,False,0.2,0.0,0.5
A07130,loans,4703803.390547035,8d-30d,True,False,False,0.65,0.0,0.85
A07131,loans,3419586.5903708944,31d-90d,True,False,False,0.65,0.0,0.85
A07132,treasury_hqla,4685213.01668945,>1y,True,False,False,0.05,0.0,0.05
A07133,loans,12955951.149343971,2d-7d,True,False,False,0.65,0.0,0.85
A07134,retail_less_stable,3601982.874433107,31d-90d,False,True,False,1.0,0.9,0.0
A07135,loans,65772378.735296294,2d-7d,True,False,False,0.65,0.0,0.85
A07136,retail_less_stable,3723195.4664021526,overnight,False,True,False,1.0,0.9,0.0
A07137,retail_stable,3142977.2070073388,overnight,False,True,False,1.0,0.95,0.0
A07138,treasury_hqla,3881095.009728091,91d-1y,True,False,False,0.05,0.0,0.05
A07139,corporate_non_operational,2498040.384447553,>1y,False,True,False,1.0,0.5,0.0
A07140,loans,2772275.463661633,>1y,True,False,False,0.65,0.0,0.85
A07141,corporate_non_operational,2642943.853848753,2d-7d,False,True,False,1.0,0.5,0.0
A07142,corporate_non_operational,1238779.2996633556,8d-30d,False,True,False,1.0,0.5,0.0
A07143,loans,6771283.44955627,>1y,True,False,False,0.65,0.0,0.85
A07144,retail_less_stable,3139941.9441728014,>1y,False,True,False,1.0,0.9,0.0
A07145,corporate_non_operational,3345407.0442917272,2d-7d,False,True,False,1.0,0.5,0.0
A07146,retail_less_stable,2971066.016624966,overnight,False,True,False,1.0,0.9,0.0
A07147,retail_less_stable,3642405.263216821,overnight,False,True,False,1.0,0.9,0.0
A07148,retail_stable,5307658.179830647,31d-90d,False,True,False,1.0,0.95,0.0
A07149,retail_less_stable,3214922.86894613,91d-1y,False,True,False,1.0,0.9,0.0
A07150,committed_facilities,972456.3412512192,>1y,False,False,True,1.0,0.0,0.0
A07151,loans,2618457.398531795,>1y,True,False,False,0.65,0.0,0.85
A07152,committed_facilities,988853.162543088,31d-90d,False,False,True,1.0,0.0,0.0
A07153,retail_stable,2332632.3826427083,2d-7d,False,True,False,1.0,0.95,0.0
A07154,loans,2168466.167521277,31d-90d,True,False,False,0.65,0.0,0.85
A07155,wholesale_unsecured,4101046.0548482807,8d-30d,False,True,False,1.0,0.0,0.0
A07156,loans,6123909.614310836,91d-1y,True,False,False,0.65,0.0,0.85
A07157,loans,838177.6320572569,>1y,True,False,False,0.65,0.0,0.85
A07158,retail_stable,23479864.202659108,overnight,False,True,False,1.0,0.95,0.0
A07159,retail_less_stable,2424868.244921828,8d-30d,False,True,False,1.0,0.9,0.0
A07160,corporate_bonds,8963701.785890426,8d-30d,True,False,False,0.2,0.0,0.5
A07161,retail_stable,3882657.406714907,overnight,False,True,False,1.0,0.95,0.0
A07162,loans,1329674.0646518455,91d-1y,True,False,False,0.65,0.0,0.85
A07163,corporate_operational,175041.2163193592,91d-1y,False,True,False,1.0,0.5,0.0
A07164,corporate_bonds,3001390.6577610136,>1y,True,False,False,0.2,0.0,0.5
A07165,committed_facilities,1737954.1105638286,8d-30d,False,False,True,1.0,0.0,0.0
A07166,corporate_operational,3660521.6875543054,91d-1y,False,True,False,1.0,0.5,0.0
A07167,retail_stable,27406162.18405105,8d-30d,False,True,False,1.0,0.95,0.0
A07168,retail_less_stable,3851863.091412386,8d-30d,False,True,False,1.0,0.9,0.0
A07169,treasury_hqla,1854575.068587295,31d-90d,True,False,False,0.05,0.0,0.05
A07170,committed_facilities,2533876.508810617,91d-1y,False,False,True,1.0,0.0,0.0
A07171,retail_stable,1795931.5716876753,8d-30d,False,True,False,1.0,0.95,0.0
A07172,retail_less_stable,1906146.1008629268,overnight,False,True,False,1.0,0.9,0.0
A07173,retail_stable,4736938.814303541,2d-7d,False,True,False,1.0,0.95,0.0
A07174,treasury_hqla,2234871.8028256083,91d-1y,True,False,False,0.05,0.0,0.05
A07175,corporate_operational,2275653.2667092504,31d-90d,False,True,False,1.0,0.5,0.0
A07176,equities,2440346.1697823047,2d-7d,True,False,False,0.45,0.0,0.85
A07177,wholesale_unsecured,1149150.858853473,31d-90d,False,True,False,1.0,0.0,0.0
A07178,committed_facilities,22273525.23622405,8d-30d,False,False,True,1.0,0.0,0.0
A07179,loans,5209898.785538017,>1y,True,False,False,0.65,0.0,0.85
A07180,loans,39602524.32905924,31d-90d,True,False,False,0.65,0.0,0.85
A07181,loans,718017.0029914037,overnight,True,False,False,0.65,0.0,0.85
A07182,loans,11805334.30395519,31d-90d,True,False,False,0.65,0.0,0.85
A07183,corporate_operational,3652967.078758054,2d-7d,False,True,False,1.0,0.5,0.0
A07184,equities,30997394.281588178,8d-30d,True,False,False,0.45,0.0,0.85
A07185,loans,1518888.4496845105,31d-90d,True,False,False,0.65,0.0,0.85
A07186,retail_stable,10193117.537733823,overnight,False,True,False,1.0,0.95,0.0
A07187,treasury_hqla,641524.2009503009,2d-7d,True,False,False,0.05,0.0,0.05
A07188,loans,6261670.372242052,>1y,True,False,False,0.65,0.0,0.85
A07189,retail_stable,704180.6985040624,overnight,False,True,False,1.0,0.95,0.0
A07190,corporate_operational,3450122.088781992,overnight,False,True,False,1.0,0.5,0.0
A07191,retail_stable,11790655.239974119,91d-1y,False,True,False,1.0,0.95,0.0
A07192,retail_less_stable,2652738.944106135,overnight,False,True,False,1.0,0.9,0.0
A07193,loans,3435006.651795083,31d-90d,True,False,False,0.65,0.0,0.85
A07194,corporate_bonds,889911.77447476,91d-1y,True,False,False,0.2,0.0,0.5
A07195,treasury_hqla,7704978.022742971,91d-1y,True,False,False,0.05,0.0,0.05
A07196,corporate_operational,35707318.78168558,91d-1y,False,True,False,1.0,0.5,0.0
A07197,corporate_operational,521166.7957623148,overnight,False,True,False,1.0,0.5,0.0
A07198,corporate_non_operational,1851518.9317346704,8d-30d,False,True,False,1.0,0.5,0.0
A07199,loans,6171034.060718335,31d-90d,True,False,False,0.65,0.0,0.85
A07200,retail_stable,228124.15556738502,31d-90d,False,True,False,1.0,0.95,0.0
A07201,corporate_non_operational,22046603.145139508,>1y,False,True,False,1.0,0.5,0.0
A07202,corporate_operational,1372459.9106340392,2d-7d,False,True,False,1.0,0.5,0.0
A07203,corporate_operational,20967189.815523468,31d-90d,False,True,False,1.0,0.5,0.0
A07204,loans,11308921.38924535,91d-1y,True,False,False,0.65,0.0,0.85
A07205,retail_stable,2507467.9009240884,8d-30d,False,True,False,1.0,0.95,0.0
A07206,retail_stable,6090376.363199498,8d-30d,False,True,False,1.0,0.95,0.0
A07207,retail_less_stable,11564658.063701315,31d-90d,False,True,False,1.0,0.9,0.0
A07208,loans,1991465.586855092,>1y,True,False,False,0.65,0.0,0.85
A07209,corporate_operational,1519755.8601382677,overnight,False,True,False,1.0,0.5,0.0
A07210,retail_stable,16413415.571515085,8d-30d,False,True,False,1.0,0.95,0.0
A07211,corporate_non_operational,820267.8664469772,8d-30d,False,True,False,1.0,0.5,0.0
A07212,corporate_non_operational,2013388.8085672897,2d-7d,False,True,False,1.0,0.5,0.0
A07213,loans,8456590.492365645,8d-30d,True,False,False,0.65,0.0,0.85
A07214,retail_less_stable,11226122.52360972,>1y,False,True,False,1.0,0.9,0.0
A07215,equities,7950018.467471129,31d-90d,True,False,False,0.45,0.0,0.85
A07216,corporate_bonds,1942313.7647302218,91d-1y,True,False,False,0.2,0.0,0.5
A07217,corporate_operational,2601040.370703213,91d-1y,False,True,False,1.0,0.5,0.0
A07218,retail_stable,9967160.824943718,overnight,False,True,False,1.0,0.95,0.0
A07219,retail_stable,4972329.523808917,>1y,False,True,False,1.0,0.95,0.0
A07220,retail_less_stable,3679068.507686776,>1y,False,True,False,1.0,0.9,0.0
A07221,committed_facilities,2086394.39208111,8d-30d,False,False,True,1.0,0.0,0.0
A07222,wholesale_unsecured,5630760.0350331,91d-1y,False,True,False,1.0,0.0,0.0
A07223,committed_facilities,4661689.617738083,>1y,False,False,True,1.0,0.0,0.0
A07224,loans,10060394.661831455,>1y,True,False,False,0.65,0.0,0.85
A07225,loans,2598818.082185911,>1y,True,False,False,0.65,0.0,0.85
A07226,retail_stable,6361807.2014901955,2d-7d,False,True,False,1.0,0.95,0.0
A07227,retail_stable,4140079.128830726,overnight,False,True,False,1.0,0.95,0.0
A07228,retail_stable,7145493.659855459,2d-7d,False,True,False,1.0,0.95,0.0
A07229,committed_facilities,1979774.9349846598,91d-1y,False,False,True,1.0,0.0,0.0
A07230,retail_stable,1334572.15203889,8d-30d,False,True,False,1.0,0.95,0.0
A07231,retail_less_stable,2637007.243101979,91d-1y,False,True,False,1.0,0.9,0.0
A07232,committed_facilities,2729602.6622265712,31d-90d,False,False,True,1.0,0.0,0.0
A07233,treasury_hqla,1655589.9558477486,>1y,True,False,False,0.05,0.0,0.05
A07234,corporate_operational,6268168.782365342,overnight,False,True,False,1.0,0.5,0.0
A07235,retail_stable,10121976.289903508,2d-7d,False,True,False,1.0,0.95,0.0
A07236,corporate_operational,1952186.2536788196,2d-7d,False,True,False,1.0,0.5,0.0
A07237,loans,2403574.6403375603,>1y,True,False,False,0.65,0.0,0.85
A07238,corporate_operational,1266492.1424314296,8d-30d,False,True,False,1.0,0.5,0.0
A07239,treasury_hqla,278733.9305460681,31d-90d,True,False,False,0.05,0.0,0.05
A07240,corporate_bonds,4059917.1256905836,31d-90d,True,False,False,0.2,0.0,0.5
A07241,retail_stable,487522.41392873717,overnight,False,True,False,1.0,0.95,0.0
A07242,loans,1924301.8234042013,91d-1y,True,False,False,0.65,0.0,0.85
A07243,corporate_bonds,1931490.7949785474,>1y,True,False,False,0.2,0.0,0.5
A07244,committed_facilities,487710.02770798374,31d-90d,False,False,True,1.0,0.0,0.0
A07245,retail_less_stable,822625.3040770447,91d-1y,False,True,False,1.0,0.9,0.0
A07246,loans,3681815.035625321,overnight,True,False,False,0.65,0.0,0.85
A07247,corporate_non_operational,1319953.303054473,>1y,False,True,False,1.0,0.5,0.0
A07248,wholesale_unsecured,411044.26295689226,2d-7d,False,True,False,1.0,0.0,0.0
A07249,corporate_operational,11895293.896778656,2d-7d,False,True,False,1.0,0.5,0.0
A07250,loans,633942.16822934,31d-90d,True,False,False,0.65,0.0,0.85
A07251,corporate_operational,2531993.463829408,91d-1y,False,True,False,1.0,0.5,0.0
A07252,retail_stable,7423670.100946173,31d-90d,False,True,False,1.0,0.95,0.0
A07253,retail_stable,4349985.601001989,overnight,False,True,False,1.0,0.95,0.0
A07254,corporate_bonds,9665418.602040607,31d-90d,True,False,False,0.2,0.0,0.5
A07255,loans,499969.5492002939,91d-1y,True,False,False,0.65,0.0,0.85
A07256,equities,4632014.541629023,91d-1y,True,False,False,0.45,0.0,0.85
A07257,treasury_hqla,7736587.217160813,>1y,True,False,False,0.05,0.0,0.05
A07258,retail_stable,5621932.093198378,8d-30d,False,True,False,1.0,0.95,0.0
A07259,loans,1418773.703150595,2d-7d,True,False,False,0.65,0.0,0.85
A07260,retail_stable,54643280.23644005,overnight,False,True,False,1.0,0.95,0.0
A07261,retail_less_stable,28120966.111552645,31d-90d,False,True,False,1.0,0.9,0.0
A07262,corporate_non_operational,922196.8757054891,8d-30d,False,True,False,1.0,0.5,0.0
A07263,corporate_bonds,3899002.801742488,31d-90d,True,False,False,0.2,0.0,0.5
A07264,retail_stable,1230842.248216203,overnight,False,True,False,1.0,0.95,0.0
A07265,retail_less_stable,6201719.867544822,8d-30d,False,True,False,1.0,0.9,0.0
A07266,corporate_non_operational,5326843.899378958,overnight,False,True,False,1.0,0.5,0.0
A07267,retail_stable,940362.1922398714,31d-90d,False,True,False,1.0,0.95,0.0
A07268,retail_less_stable,1563063.6983405119,91d-1y,False,True,False,1.0,0.9,0.0
A07269,retail_stable,1984383.4200947671,overnight,False,True,False,1.0,0.95,0.0
A07270,retail_stable,45235899.23093891,overnight,False,True,False,1.0,0.95,0.0
A07271,treasury_hqla,4400909.665611862,>1y,True,False,False,0.05,0.0,0.05
A07272,equities,11590639.575412463,overnight,True,False,False,0.45,0.0,0.85
A07273,retail_less_stable,6365094.07604375,8d-30d,False,True,False,1.0,0.9,0.0
A07274,corporate_non_operational,11562062.185334368,8d-30d,False,True,False,1.0,0.5,0.0
A07275,treasury_hqla,7518131.103992902,91d-1y,True,False,False,0.05,0.0,0.05
A07276,loans,1981756.0768781835,>1y,True,False,False,0.65,0.0,0.85
A07277,corporate_non_operational,9883563.280895673,overnight,False,True,False,1.0,0.5,0.0
A07278,corporate_non_operational,3223619.7061406393,overnight,False,True,False,1.0,0.5,0.0
A07279,treasury_hqla,2148154.7457474233,8d-30d,True,False,False,0.05,0.0,0.05
A07280,retail_stable,2526857.308719529,91d-1y,False,True,False,1.0,0.95,0.0
A07281,retail_stable,2367468.847735641,31d-90d,False,True,False,1.0,0.95,0.0
A07282,corporate_non_operational,4115729.068817867,2d-7d,False,True,False,1.0,0.5,0.0
A07283,committed_facilities,371958.5012353406,31d-90d,False,False,True,1.0,0.0,0.0
A07284,loans,8303657.456878507,31d-90d,True,False,False,0.65,0.0,0.85
A07285,retail_stable,3262928.939855612,overnight,False,True,False,1.0,0.95,0.0
A07286,corporate_non_operational,954466.2781271618,2d-7d,False,True,False,1.0,0.5,0.0
A07287,retail_stable,9996136.89779749,overnight,False,True,False,1.0,0.95,0.0
A07288,corporate_operational,3151789.7772664386,8d-30d,False,True,False,1.0,0.5,0.0
A07289,corporate_bonds,15055360.641137868,31d-90d,True,False,False,0.2,0.0,0.5
A07290,retail_stable,4212670.825951506,31d-90d,False,True,False,1.0,0.95,0.0
A07291,committed_facilities,4780114.773005462,91d-1y,False,False,True,1.0,0.0,0.0
A07292,retail_stable,4384299.663052302,31d-90d,False,True,False,1.0,0.95,0.0
A07293,retail_stable,9191025.179036336,overnight,False,True,False,1.0,0.95,0.0
A07294,retail_stable,569624.0779115096,2d-7d,False,True,False,1.0,0.95,0.0
A07295,treasury_hqla,6035287.668898411,8d-30d,True,False,False,0.05,0.0,0.05
A07296,corporate_non_operational,8168769.079640163,>1y,False,True,False,1.0,0.5,0.0
A07297,corporate_non_operational,4837960.89446021,overnight,False,True,False,1.0,0.5,0.0
A07298,corporate_operational,262340.76561298285,overnight,False,True,False,1.0,0.5,0.0
A07299,retail_stable,2712850.407260088,overnight,False,True,False,1.0,0.95,0.0
A07300,retail_stable,44949285.337022156,>1y,False,True,False,1.0,0.95,0.0
A07301,treasury_hqla,2670589.8098656693,31d-90d,True,False,False,0.05,0.0,0.05
A07302,corporate_operational,5867140.22283242,>1y,False,True,False,1.0,0.5,0.0
A07303,corporate_non_operational,2305245.501531522,overnight,False,True,False,1.0,0.5,0.0
A07304,retail_stable,1299816.068696539,overnight,False,True,False,1.0,0.95,0.0
A07305,loans,703403.4883813489,91d-1y,True,False,False,0.65,0.0,0.85
A07306,loans,1727155.0753963368,>1y,True,False,False,0.65,0.0,0.85
A07307,retail_less_stable,8475106.15057678,2d-7d,False,True,False,1.0,0.9,0.0
A07308,wholesale_unsecured,5356388.963277283,91d-1y,False,True,False,1.0,0.0,0.0
A07309,retail_stable,2495268.6591035044,31d-90d,False,True,False,1.0,0.95,0.0
A07310,treasury_hqla,4785621.63974949,>1y,True,False,False,0.05,0.0,0.05
A07311,retail_stable,4641707.185209172,31d-90d,False,True,False,1.0,0.95,0.0
A07312,treasury_hqla,200231.25099572242,31d-90d,True,False,False,0.05,0.0,0.05
A07313,corporate_operational,3638567.0830485825,8d-30d,False,True,False,1.0,0.5,0.0
A07314,retail_stable,5064659.501712207,31d-90d,False,True,False,1.0,0.95,0.0
A07315,corporate_operational,1359609.1909911067,2d-7d,False,True,False,1.0,0.5,0.0
A07316,treasury_hqla,36299239.66777087,overnight,True,False,False,0.05,0.0,0.05
A07317,corporate_non_operational,1480807.2407128348,overnight,False,True,False,1.0,0.5,0.0
A07318,committed_facilities,1929526.5063947786,91d-1y,False,False,True,1.0,0.0,0.0
A07319,retail_less_stable,8686132.635971483,overnight,False,True,False,1.0,0.9,0.0
A07320,loans,9829228.769308101,>1y,True,False,False,0.65,0.0,0.85
A07321,retail_stable,4417723.350127429,overnight,False,True,False,1.0,0.95,0.0
A07322,retail_less_stable,944565.8017323412,overnight,False,True,False,1.0,0.9,0.0
A07323,retail_stable,389033.2229604866,8d-30d,False,True,False,1.0,0.95,0.0
A07324,loans,3074194.76228028,91d-1y,True,False,False,0.65,0.0,0.85
A07325,retail_less_stable,9611707.289678395,overnight,False,True,False,1.0,0.9,0.0
A07326,loans,2391795.4626679085,91d-1y,True,False,False,0.65,0.0,0.85
A07327,retail_stable,963157.4203890408,8d-30d,False,True,False,1.0,0.95,0.0
A07328,retail_stable,4280286.266016308,overnight,False,True,False,1.0,0.95,0.0
A07329,corporate_non_operational,2499650.253154343,2d-7d,False,True,False,1.0,0.5,0.0
A07330,corporate_operational,1767075.4282023504,2d-7d,False,True,False,1.0,0.5,0.0
A07331,committed_facilities,6064992.98466864,31d-90d,False,False,True,1.0,0.0,0.0
A07332,retail_less_stable,772187.2822667165,2d-7d,False,True,False,1.0,0.9,0.0
A07333,retail_stable,29013714.77695208,overnight,False,True,False,1.0,0.95,0.0
A07334,committed_facilities,855331.7712302108,8d-30d,False,False,True,1.0,0.0,0.0
A07335,committed_facilities,4628525.076155024,8d-30d,False,False,True,1.0,0.0,0.0
A07336,treasury_hqla,1292750.93973527,8d-30d,True,False,False,0.05,0.0,0.05
A07337,retail_less_stable,1882580.1793219938,overnight,False,True,False,1.0,0.9,0.0
A07338,loans,9651165.097997477,2d-7d,True,False,False,0.65,0.0,0.85
A07339,retail_less_stable,6421134.682500394,overnight,False,True,False,1.0,0.9,0.0
A07340,retail_less_stable,1016618.1653276301,8d-30d,False,True,False,1.0,0.9,0.0
A07341,loans,2801384.323041963,>1y,True,False,False,0.65,0.0,0.85
A07342,loans,578476.5920750267,91d-1y,True,False,False,0.65,0.0,0.85
A07343,corporate_operational,2755734.4724187944,8d-30d,False,True,False,1.0,0.5,0.0
A07344,corporate_non_operational,4638804.073187269,8d-30d,False,True,False,1.0,0.5,0.0
A07345,corporate_operational,2675163.9083944033,overnight,False,True,False,1.0,0.5,0.0
A07346,committed_facilities,2472405.5369544546,2d-7d,False,False,True,1.0,0.0,0.0
A07347,corporate_bonds,5147704.918849041,>1y,True,False,False,0.2,0.0,0.5
A07348,retail_less_stable,1858773.004117438,2d-7d,False,True,False,1.0,0.9,0.0
A07349,corporate_bonds,8925072.688097384,31d-90d,True,False,False,0.2,0.0,0.5
A07350,retail_stable,985058.6055091354,2d-7d,False,True,False,1.0,0.95,0.0
A07351,equities,8015772.826964987,>1y,True,False,False,0.45,0.0,0.85
A07352,retail_stable,28723240.789336264,8d-30d,False,True,False,1.0,0.95,0.0
A07353,corporate_non_operational,4791640.133518792,31d-90d,False,True,False,1.0,0.5,0.0
A07354,corporate_bonds,1049437.2872700957,8d-30d,True,False,False,0.2,0.0,0.5
A07355,retail_less_stable,465825.8175663388,2d-7d,False,True,False,1.0,0.9,0.0
A07356,corporate_bonds,2165189.124256203,>1y,True,False,False,0.2,0.0,0.5
A07357,treasury_hqla,2113028.4225332825,91d-1y,True,False,False,0.05,0.0,0.05
A07358,retail_less_stable,892349.7806894612,overnight,False,True,False,1.0,0.9,0.0
A07359,corporate_non_operational,2463797.43324769,overnight,False,True,False,1.0,0.5,0.0
A07360,retail_stable,2668453.326839905,overnight,False,True,False,1.0,0.95,0.0
A07361,retail_stable,4979590.520845579,overnight,False,True,False,1.0,0.95,0.0
A07362,committed_facilities,2664687.9472151403,8d-30d,False,False,True,1.0,0.0,0.0
A07363,loans,2620345.6362917162,31d-90d,True,False,False,0.65,0.0,0.85
A07364,corporate_non_operational,2555468.885408015,31d-90d,False,True,False,1.0,0.5,0.0
A07365,corporate_operational,6219711.715126635,overnight,False,True,False,1.0,0.5,0.0
A07366,retail_less_stable,5101540.019428058,overnight,False,True,False,1.0,0.9,0.0
A07367,loans,2239290.489774545,91d-1y,True,False,False,0.65,0.0,0.85
A07368,loans,1710542.7054231334,91d-1y,True,False,False,0.65,0.0,0.85
A07369,retail_stable,11588044.43766281,overnight,False,True,False,1.0,0.95,0.0
A07370,retail_stable,8369975.338508058,91d-1y,False,True,False,1.0,0.95,0.0
A07371,retail_less_stable,8864266.246322924,overnight,False,True,False,1.0,0.9,0.0
A07372,corporate_bonds,2956301.1170911826,31d-90d,True,False,False,0.2,0.0,0.5
A07373,committed_facilities,4023036.7236521244,91d-1y,False,False,True,1.0,0.0,0.0
A07374,corporate_operational,6070017.342686164,8d-30d,False,True,False,1.0,0.5,0.0
A07375,treasury_hqla,5664214.151836448,2d-7d,True,False,False,0.05,0.0,0.05
A07376,retail_stable,10116698.904043537,overnight,False,True,False,1.0,0.95,0.0
A07377,corporate_non_operational,20912557.47118236,31d-90d,False,True,False,1.0,0.5,0.0
A07378,committed_facilities,7098768.535334393,>1y,False,False,True,1.0,0.0,0.0
A07379,loans,8851796.426331095,2d-7d,True,False,False,0.65,0.0,0.85
A07380,wholesale_unsecured,4282529.627255487,overnight,False,True,False,1.0,0.0,0.0
A07381,corporate_operational,5346794.839831503,overnight,False,True,False,1.0,0.5,0.0
A07382,wholesale_unsecured,17040368.7854492,31d-90d,False,True,False,1.0,0.0,0.0
A07383,corporate_non_operational,545314.9915748085,91d-1y,False,True,False,1.0,0.5,0.0
A07384,corporate_operational,4238210.0719824005,8d-30d,False,True,False,1.0,0.5,0.0
A07385,retail_stable,4942713.0518267285,31d-90d,False,True,False,1.0,0.95,0.0
A07386,treasury_hqla,8520568.510157619,91d-1y,True,False,False,0.05,0.0,0.05
A07387,corporate_operational,439466.48922759015,overnight,False,True,False,1.0,0.5,0.0
A07388,corporate_non_operational,3655161.2449626806,overnight,False,True,False,1.0,0.5,0.0
A07389,retail_less_stable,1092313.2996527539,8d-30d,False,True,False,1.0,0.9,0.0
A07390,loans,1847979.718886473,overnight,True,False,False,0.65,0.0,0.85
A07391,retail_stable,2899247.2675753436,overnight,False,True,False,1.0,0.95,0.0
A07392,corporate_bonds,4836823.9922674615,8d-30d,True,False,False,0.2,0.0,0.5
A07393,loans,988772.0842353873,91d-1y,True,False,False,0.65,0.0,0.85
A07394,corporate_non_operational,276284.0471953134,overnight,False,True,False,1.0,0.5,0.0
A07395,loans,1894326.656299071,8d-30d,True,False,False,0.65,0.0,0.85
A07396,corporate_non_operational,2424872.2000552528,2d-7d,False,True,False,1.0,0.5,0.0
A07397,wholesale_unsecured,4063276.8268028623,8d-30d,False,True,False,1.0,0.0,0.0
A07398,corporate_operational,3305128.1061169994,91d-1y,False,True,False,1.0,0.5,0.0
A07399,retail_stable,1419520.2333270092,91d-1y,False,True,False,1.0,0.95,0.0
A07400,retail_less_stable,989853.5361931664,overnight,False,True,False,1.0,0.9,0.0
A07401,corporate_operational,1575735.969061671,overnight,False,True,False,1.0,0.5,0.0
A07402,wholesale_unsecured,12245494.75762206,overnight,False,True,False,1.0,0.0,0.0
A07403,retail_stable,8180159.082718612,overnight,False,True,False,1.0,0.95,0.0
A07404,treasury_hqla,1348021.4473151611,2d-7d,True,False,False,0.05,0.0,0.05
A07405,retail_less_stable,19694235.215511583,overnight,False,True,False,1.0,0.9,0.0
A07406,corporate_non_operational,1233443.404385523,overnight,False,True,False,1.0,0.5,0.0
A07407,loans,2800123.6662133476,8d-30d,True,False,False,0.65,0.0,0.85
A07408,retail_less_stable,13183075.238878615,overnight,False,True,False,1.0,0.9,0.0
A07409,loans,905640.4651209798,>1y,True,False,False,0.65,0.0,0.85
A07410,wholesale_unsecured,2464399.5470079435,>1y,False,True,False,1.0,0.0,0.0
A07411,corporate_bonds,2814227.869806939,91d-1y,True,False,False,0.2,0.0,0.5
A07412,treasury_hqla,15191022.26238555,8d-30d,True,False,False,0.05,0.0,0.05
A07413,loans,2289745.4904522398,91d-1y,True,False,False,0.65,0.0,0.85
A07414,treasury_hqla,5409999.85101628,>1y,True,False,False,0.05,0.0,0.05
A07415,wholesale_unsecured,10323346.199397556,overnight,False,True,False,1.0,0.0,0.0
A07416,loans,1233928.3995410316,>1y,True,False,False,0.65,0.0,0.85
A07417,retail_less_stable,9362538.385096466,8d-30d,False,True,False,1.0,0.9,0.0
A07418,loans,3208685.3804420633,8d-30d,True,False,False,0.65,0.0,0.85
A07419,retail_stable,3080187.5112093803,overnight,False,True,False,1.0,0.95,0.0
A07420,committed_facilities,5346736.256160176,8d-30d,False,False,True,1.0,0.0,0.0
A07421,retail_stable,8262150.600513564,31d-90d,False,True,False,1.0,0.95,0.0
A07422,retail_stable,4400695.238535361,31d-90d,False,True,False,1.0,0.95,0.0
A07423,loans,967875.028682404,91d-1y,True,False,False,0.65,0.0,0.85
A07424,retail_stable,4858753.766336032,2d-7d,False,True,False,1.0,0.95,0.0
A07425,retail_stable,2187643.5841709846,2d-7d,False,True,False,1.0,0.95,0.0
A07426,loans,24241050.665613517,91d-1y,True,False,False,0.65,0.0,0.85
A07427,corporate_bonds,5113526.285463668,31d-90d,True,False,False,0.2,0.0,0.5
A07428,equities,25480457.687484324,91d-1y,True,False,False,0.45,0.0,0.85
A07429,wholesale_unsecured,1363679.895108722,>1y,False,True,False,1.0,0.0,0.0
A07430,wholesale_unsecured,913692.7236922188,8d-30d,False,True,False,1.0,0.0,0.0
A07431,loans,4440694.789423098,overnight,True,False,False,0.65,0.0,0.85
A07432,loans,2094534.880902166,overnight,True,False,False,0.65,0.0,0.85
A07433,corporate_non_operational,16028522.197763678,>1y,False,True,False,1.0,0.5,0.0
A07434,retail_stable,4995686.562681646,overnight,False,True,False,1.0,0.95,0.0
A07435,retail_stable,4763575.390683332,overnight,False,True,False,1.0,0.95,0.0
A07436,committed_facilities,851250.4683312303,overnight,False,False,True,1.0,0.0,0.0
A07437,loans,1158367.1357456674,31d-90d,True,False,False,0.65,0.0,0.85
A07438,corporate_operational,2793362.22672851,8d-30d,False,True,False,1.0,0.5,0.0
A07439,retail_stable,6852782.672816349,2d-7d,False,True,False,1.0,0.95,0.0
A07440,retail_stable,15351969.113147322,91d-1y,False,True,False,1.0,0.95,0.0
A07441,retail_less_stable,823895.2332864965,8d-30d,False,True,False,1.0,0.9,0.0
A07442,wholesale_unsecured,4940930.920134753,8d-30d,False,True,False,1.0,0.0,0.0
A07443,wholesale_unsecured,7033943.725681891,overnight,False,True,False,1.0,0.0,0.0
A07444,loans,355161.5749942296,91d-1y,True,False,False,0.65,0.0,0.85
A07445,retail_less_stable,4120657.4778116965,91d-1y,False,True,False,1.0,0.9,0.0
A07446,committed_facilities,2185326.0973418234,91d-1y,False,False,True,1.0,0.0,0.0
A07447,retail_stable,18405552.869107198,2d-7d,False,True,False,1.0,0.95,0.0
A07448,retail_less_stable,235123.40603958667,2d-7d,False,True,False,1.0,0.9,0.0
A07449,loans,1014562.4131885227,8d-30d,True,False,False,0.65,0.0,0.85
A07450,wholesale_unsecured,5441869.463210212,2d-7d,False,True,False,1.0,0.0,0.0
A07451,loans,3450698.040238389,91d-1y,True,False,False,0.65,0.0,0.85
A07452,loans,446181.36929021194,31d-90d,True,False,False,0.65,0.0,0.85
A07453,retail_less_stable,12524847.757089298,2d-7d,False,True,False,1.0,0.9,0.0
A07454,corporate_operational,25072666.783392362,overnight,False,True,False,1.0,0.5,0.0
A07455,treasury_hqla,3838040.846678525,>1y,True,False,False,0.05,0.0,0.05
A07456,retail_less_stable,376326.34421702876,91d-1y,False,True,False,1.0,0.9,0.0
A07457,loans,3855829.2947268877,8d-30d,True,False,False,0.65,0.0,0.85
A07458,loans,763720.7008527578,>1y,True,False,False,0.65,0.0,0.85
A07459,treasury_hqla,5808584.378670902,>1y,True,False,False,0.05,0.0,0.05
A07460,corporate_bonds,26805414.96732282,overnight,True,False,False,0.2,0.0,0.5
A07461,corporate_operational,2666925.56586319,overnight,False,True,False,1.0,0.5,0.0
A07462,loans,706661.1138333734,overnight,True,False,False,0.65,0.0,0.85
A07463,retail_stable,2608028.5270522134,8d-30d,False,True,False,1.0,0.95,0.0
A07464,treasury_hqla,3690363.3371579885,>1y,True,False,False,0.05,0.0,0.05
A07465,treasury_hqla,3403536.7490910403,31d-90d,True,False,False,0.05,0.0,0.05
A07466,corporate_non_operational,2279704.173020475,8d-30d,False,True,False,1.0,0.5,0.0
A07467,retail_stable,7266662.273465694,>1y,False,True,False,1.0,0.95,0.0
A07468,corporate_operational,1669274.6034988968,31d-90d,False,True,False,1.0,0.5,0.0
A07469,corporate_operational,2522409.079078274,8d-30d,False,True,False,1.0,0.5,0.0
A07470,retail_less_stable,894717.659596104,overnight,False,True,False,1.0,0.9,0.0
A07471,retail_less_stable,649331.9809350868,2d-7d,False,True,False,1.0,0.9,0.0
A07472,treasury_hqla,874919.6134178049,31d-90d,True,False,False,0.05,0.0,0.05
A07473,corporate_non_operational,2335618.7885498605,31d-90d,False,True,False,1.0,0.5,0.0
A07474,loans,31258125.94181466,>1y,True,False,False,0.65,0.0,0.85
A07475,retail_stable,2679126.2085466883,>1y,False,True,False,1.0,0.95,0.0
A07476,retail_stable,3451162.622902402,2d-7d,False,True,False,1.0,0.95,0.0
A07477,corporate_bonds,2174130.9002760514,91d-1y,True,False,False,0.2,0.0,0.5
A07478,corporate_non_operational,4174830.436128365,8d-30d,False,True,False,1.0,0.5,0.0
A07479,treasury_hqla,2977256.7781342547,>1y,True,False,False,0.05,0.0,0.05
A07480,retail_stable,7295406.520822344,2d-7d,False,True,False,1.0,0.95,0.0
A07481,loans,1027562.2340680436,overnight,True,False,False,0.65,0.0,0.85
A07482,retail_stable,7011048.615118111,2d-7d,False,True,False,1.0,0.95,0.0
A07483,retail_less_stable,1382869.2061519735,overnight,False,True,False,1.0,0.9,0.0
A07484,corporate_operational,3508123.587569064,overnight,False,True,False,1.0,0.5,0.0
A07485,loans,2926830.296248445,>1y,True,False,False,0.65,0.0,0.85
A07486,corporate_non_operational,1924275.9940147712,2d-7d,False,True,False,1.0,0.5,0.0
A07487,committed_facilities,6227136.244197487,91d-1y,False,False,True,1.0,0.0,0.0
A07488,corporate_bonds,23106582.978911854,91d-1y,True,False,False,0.2,0.0,0.5
A07489,wholesale_unsecured,3765668.868292146,overnight,False,True,False,1.0,0.0,0.0
A07490,loans,1660023.6659504555,>1y,True,False,False,0.65,0.0,0.85
A07491,retail_stable,2125551.452533416,overnight,False,True,False,1.0,0.95,0.0
A07492,retail_stable,1510802.313361246,overnight,False,True,False,1.0,0.95,0.0
A07493,retail_less_stable,3909623.310793127,>1y,False,True,False,1.0,0.9,0.0
A07494,loans,3632760.022256155,31d-90d,True,False,False,0.65,0.0,0.85
A07495,loans,19971251.983845238,8d-30d,True,False,False,0.65,0.0,0.85
A07496,retail_stable,1495818.30669084,8d-30d,False,True,False,1.0,0.95,0.0
A07497,corporate_bonds,1711260.184417544,>1y,True,False,False,0.2,0.0,0.5
A07498,loans,1875221.8625280391,>1y,True,False,False,0.65,0.0,0.85
A07499,retail_stable,3161266.306847411,31d-90d,False,True,False,1.0,0.95,0.0
A07500,retail_less_stable,6407619.173682862,8d-30d,False,True,False,1.0,0.9,0.0
A07501,retail_stable,4253116.378006102,31d-90d,False,True,False,1.0,0.95,0.0
A07502,corporate_operational,7467695.195570737,overnight,False,True,False,1.0,0.5,0.0
A07503,loans,970288.2667120831,31d-90d,True,False,False,0.65,0.0,0.85
A07504,retail_stable,4019988.521606858,overnight,False,True,False,1.0,0.95,0.0
A07505,committed_facilities,2986278.924293177,91d-1y,False,False,True,1.0,0.0,0.0
A07506,loans,9435788.207513636,>1y,True,False,False,0.65,0.0,0.85
A07507,loans,17221881.16515811,91d-1y,True,False,False,0.65,0.0,0.85
A07508,retail_stable,12105022.715028916,overnight,False,True,False,1.0,0.95,0.0
A07509,equities,836057.3755153494,91d-1y,True,False,False,0.45,0.0,0.85
A07510,loans,677976.4078909218,8d-30d,True,False,False,0.65,0.0,0.85
A07511,retail_less_stable,3586857.97908368,overnight,False,True,False,1.0,0.9,0.0
A07512,committed_facilities,7740807.77549574,8d-30d,False,False,True,1.0,0.0,0.0
A07513,committed_facilities,3926313.7070558527,>1y,False,False,True,1.0,0.0,0.0
A07514,committed_facilities,9467973.968149757,31d-90d,False,False,True,1.0,0.0,0.0
A07515,corporate_bonds,6197172.780200474,>1y,True,False,False,0.2,0.0,0.5
A07516,corporate_non_operational,3038235.3848320623,>1y,False,True,False,1.0,0.5,0.0
A07517,retail_stable,3469173.486852585,>1y,False,True,False,1.0,0.95,0.0
A07518,committed_facilities,1170129.2007399346,>1y,False,False,True,1.0,0.0,0.0
A07519,treasury_hqla,5697267.749466985,91d-1y,True,False,False,0.05,0.0,0.05
A07520,loans,2342936.803369,91d-1y,True,False,False,0.65,0.0,0.85
A07521,corporate_non_operational,4616135.242600026,overnight,False,True,False,1.0,0.5,0.0
A07522,corporate_bonds,1278493.2319659702,>1y,True,False,False,0.2,0.0,0.5
A07523,committed_facilities,3488071.50559829,8d-30d,False,False,True,1.0,0.0,0.0
A07524,retail_less_stable,15378760.734575382,>1y,False,True,False,1.0,0.9,0.0
A07525,retail_less_stable,2215127.799745662,overnight,False,True,False,1.0,0.9,0.0
A07526,treasury_hqla,1655545.5665951692,31d-90d,True,False,False,0.05,0.0,0.05
A07527,retail_stable,2077599.891303056,overnight,False,True,False,1.0,0.95,0.0
A07528,corporate_operational,28983670.829284385,8d-30d,False,True,False,1.0,0.5,0.0
A07529,loans,7570402.059927923,91d-1y,True,False,False,0.65,0.0,0.85
A07530,wholesale_unsecured,800036.4655084126,91d-1y,False,True,False,1.0,0.0,0.0
A07531,loans,4821926.0689682895,>1y,True,False,False,0.65,0.0,0.85
A07532,loans,2859007.5601842953,91d-1y,True,False,False,0.65,0.0,0.85
A07533,treasury_hqla,2180415.323440994,31d-90d,True,False,False,0.05,0.0,0.05
A07534,corporate_non_operational,3132344.0651099402,overnight,False,True,False,1.0,0.5,0.0
A07535,retail_less_stable,1643304.7285858658,overnight,False,True,False,1.0,0.9,0.0
A07536,loans,3945587.465053992,91d-1y,True,False,False,0.65,0.0,0.85
A07537,loans,320599.66459268786,>1y,True,False,False,0.65,0.0,0.85
A07538,retail_stable,21942487.422030263,8d-30d,False,True,False,1.0,0.95,0.0
A07539,loans,8241907.641147898,8d-30d,True,False,False,0.65,0.0,0.85
A07540,treasury_hqla,14751599.947590902,2d-7d,True,False,False,0.05,0.0,0.05
A07541,wholesale_unsecured,4075836.509426822,overnight,False,True,False,1.0,0.0,0.0
A07542,retail_stable,3190047.819080998,overnight,False,True,False,1.0,0.95,0.0
A07543,treasury_hqla,881354.6415141281,31d-90d,True,False,False,0.05,0.0,0.05
A07544,treasury_hqla,553248.8985481656,91d-1y,True,False,False,0.05,0.0,0.05
A07545,loans,1169124.7433696752,>1y,True,False,False,0.65,0.0,0.85
A07546,retail_stable,4696570.516379011,overnight,False,True,False,1.0,0.95,0.0
A07547,committed_facilities,5963169.809740117,>1y,False,False,True,1.0,0.0,0.0
A07548,retail_stable,617297.1235056381,overnight,False,True,False,1.0,0.95,0.0
A07549,retail_less_stable,7199321.545002021,overnight,False,True,False,1.0,0.9,0.0
A07550,loans,5027468.203524075,>1y,True,False,False,0.65,0.0,0.85
A07551,wholesale_unsecured,2556404.0986808673,8d-30d,False,True,False,1.0,0.0,0.0
A07552,retail_stable,9267513.976823995,2d-7d,False,True,False,1.0,0.95,0.0
A07553,wholesale_unsecured,592904.9482909912,overnight,False,True,False,1.0,0.0,0.0
A07554,retail_less_stable,617283.1423360191,2d-7d,False,True,False,1.0,0.9,0.0
A07555,committed_facilities,3068658.2192375306,>1y,False,False,True,1.0,0.0,0.0
A07556,loans,18689310.87041632,31d-90d,True,False,False,0.65,0.0,0.85
A07557,retail_less_stable,2806021.7900997847,overnight,False,True,False,1.0,0.9,0.0
A07558,retail_stable,5202293.5909861615,overnight,False,True,False,1.0,0.95,0.0
A07559,wholesale_unsecured,4675729.959401723,overnight,False,True,False,1.0,0.0,0.0
A07560,retail_stable,1065822.0004502435,8d-30d,False,True,False,1.0,0.95,0.0
A07561,committed_facilities,15120162.947280888,2d-7d,False,False,True,1.0,0.0,0.0
A07562,retail_stable,6071079.496934949,8d-30d,False,True,False,1.0,0.95,0.0
A07563,loans,2661161.7449320643,91d-1y,True,False,False,0.65,0.0,0.85
A07564,corporate_non_operational,1945999.1727686964,overnight,False,True,False,1.0,0.5,0.0
A07565,retail_stable,5063902.990980193,overnight,False,True,False,1.0,0.95,0.0
A07566,retail_less_stable,6140529.052732485,overnight,False,True,False,1.0,0.9,0.0
A07567,loans,398181.06687315076,>1y,True,False,False,0.65,0.0,0.85
A07568,retail_less_stable,3119023.900148483,31d-90d,False,True,False,1.0,0.9,0.0
A07569,loans,2328421.859912566,8d-30d,True,False,False,0.65,0.0,0.85
A07570,retail_stable,10062484.044629468,2d-7d,False,True,False,1.0,0.95,0.0
A07571,retail_stable,806053.0714615202,2d-7d,False,True,False,1.0,0.95,0.0
A07572,corporate_bonds,2533497.4640530706,31d-90d,True,False,False,0.2,0.0,0.5
A07573,equities,111653.84132330524,31d-90d,True,False,False,0.45,0.0,0.85
A07574,retail_less_stable,1319507.750378172,overnight,False,True,False,1.0,0.9,0.0
A07575,treasury_hqla,1602810.1956150087,8d-30d,True,False,False,0.05,0.0,0.05
A07576,retail_less_stable,2377864.502629845,overnight,False,True,False,1.0,0.9,0.0
A07577,wholesale_unsecured,7358330.259394588,2d-7d,False,True,False,1.0,0.0,0.0
A07578,retail_stable,1492598.9101658207,overnight,False,True,False,1.0,0.95,0.0
A07579,retail_stable,7975887.5691226665,overnight,False,True,False,1.0,0.95,0.0
A07580,retail_stable,8130509.764558589,8d-30d,False,True,False,1.0,0.95,0.0
A07581,corporate_non_operational,3648812.904380516,2d-7d,False,True,False,1.0,0.5,0.0
A07582,treasury_hqla,1150346.9846547258,91d-1y,True,False,False,0.05,0.0,0.05
A07583,retail_stable,5746116.44427106,2d-7d,False,True,False,1.0,0.95,0.0
A07584,loans,3116800.5338615,8d-30d,True,False,False,0.65,0.0,0.85
A07585,equities,2664033.385648676,2d-7d,True,False,False,0.45,0.0,0.85
A07586,retail_stable,8828005.867690537,91d-1y,False,True,False,1.0,0.95,0.0
A07587,treasury_hqla,13289509.729815282,8d-30d,True,False,False,0.05,0.0,0.05
A07588,corporate_non_operational,10006522.046008106,91d-1y,False,True,False,1.0,0.5,0.0
A07589,retail_stable,8902832.708176738,31d-90d,False,True,False,1.0,0.95,0.0
A07590,corporate_operational,6385931.807228688,8d-30d,False,True,False,1.0,0.5,0.0
A07591,retail_stable,5936773.841600181,31d-90d,False,True,False,1.0,0.95,0.0
A07592,corporate_bonds,2671994.080230641,91d-1y,True,False,False,0.2,0.0,0.5
A07593,committed_facilities,994058.8202324277,31d-90d,False,False,True,1.0,0.0,0.0
A07594,retail_stable,1020831.0000974406,31d-90d,False,True,False,1.0,0.95,0.0
A07595,corporate_bonds,3135501.6131290672,>1y,True,False,False,0.2,0.0,0.5
A07596,retail_stable,3329434.222178491,31d-90d,False,True,False,1.0,0.95,0.0
A07597,retail_stable,1686742.8633957286,2d-7d,False,True,False,1.0,0.95,0.0
A07598,retail_less_stable,1265537.0417513037,2d-7d,False,True,False,1.0,0.9,0.0
A07599,corporate_operational,23379994.078674592,2d-7d,False,True,False,1.0,0.5,0.0
A07600,loans,6595008.512278829,91d-1y,True,False,False,0.65,0.0,0.85
A07601,retail_stable,1823601.5440549236,2d-7d,False,True,False,1.0,0.95,0.0
A07602,loans,1208632.0520113036,91d-1y,True,False,False,0.65,0.0,0.85
A07603,treasury_hqla,2573698.2394172773,>1y,True,False,False,0.05,0.0,0.05
A07604,loans,2502290.7539139222,31d-90d,True,False,False,0.65,0.0,0.85
A07605,corporate_bonds,1595993.5819294401,31d-90d,True,False,False,0.2,0.0,0.5
A07606,committed_facilities,1528531.521247704,2d-7d,False,False,True,1.0,0.0,0.0
A07607,corporate_operational,3338004.6366595523,31d-90d,False,True,False,1.0,0.5,0.0
A07608,loans,2004204.1319333669,91d-1y,True,False,False,0.65,0.0,0.85
A07609,treasury_hqla,7581745.089613065,31d-90d,True,False,False,0.05,0.0,0.05
A07610,committed_facilities,1787424.807912748,8d-30d,False,False,True,1.0,0.0,0.0
A07611,treasury_hqla,12597154.397382312,91d-1y,True,False,False,0.05,0.0,0.05
A07612,treasury_hqla,824530.4710641652,91d-1y,True,False,False,0.05,0.0,0.05
A07613,equities,2887961.67337057,31d-90d,True,False,False,0.45,0.0,0.85
A07614,retail_less_stable,10963293.128859827,31d-90d,False,True,False,1.0,0.9,0.0
A07615,treasury_hqla,487506.9809659003,2d-7d,True,False,False,0.05,0.0,0.05
A07616,corporate_non_operational,7032138.399286797,overnight,False,True,False,1.0,0.5,0.0
A07617,retail_stable,1627733.9726462262,overnight,False,True,False,1.0,0.95,0.0
A07618,retail_stable,5194379.246083505,8d-30d,False,True,False,1.0,0.95,0.0
A07619,corporate_non_operational,4243529.782766333,8d-30d,False,True,False,1.0,0.5,0.0
A07620,retail_stable,763055.4003869154,91d-1y,False,True,False,1.0,0.95,0.0
A07621,retail_stable,6660857.106163143,2d-7d,False,True,False,1.0,0.95,0.0
A07622,corporate_bonds,1712129.9277140738,>1y,True,False,False,0.2,0.0,0.5
A07623,corporate_non_operational,6811082.845349638,8d-30d,False,True,False,1.0,0.5,0.0
A07624,loans,34143843.16324418,overnight,True,False,False,0.65,0.0,0.85
A07625,corporate_bonds,1576095.2710877303,8d-30d,True,False,False,0.2,0.0,0.5
A07626,committed_facilities,12245811.803650549,31d-90d,False,False,True,1.0,0.0,0.0
A07627,retail_less_stable,13289701.71818685,overnight,False,True,False,1.0,0.9,0.0
A07628,wholesale_unsecured,1380510.485196895,overnight,False,True,False,1.0,0.0,0.0
A07629,committed_facilities,756276.8556627061,91d-1y,False,False,True,1.0,0.0,0.0
A07630,wholesale_unsecured,1237192.7954302547,overnight,False,True,False,1.0,0.0,0.0
A07631,retail_stable,9091100.91249238,>1y,False,True,False,1.0,0.95,0.0
A07632,retail_less_stable,1542276.8728390813,overnight,False,True,False,1.0,0.9,0.0
A07633,treasury_hqla,887686.8460338678,31d-90d,True,False,False,0.05,0.0,0.05
A07634,retail_less_stable,21867147.25194003,31d-90d,False,True,False,1.0,0.9,0.0
A07635,loans,8286815.160599155,2d-7d,True,False,False,0.65,0.0,0.85
A07636,loans,5144620.12906066,8d-30d,True,False,False,0.65,0.0,0.85
A07637,retail_stable,6266790.1819281075,8d-30d,False,True,False,1.0,0.95,0.0
A07638,retail_less_stable,1152780.467909824,2d-7d,False,True,False,1.0,0.9,0.0
A07639,retail_stable,3902520.2907773573,8d-30d,False,True,False,1.0,0.95,0.0
A07640,corporate_operational,1492073.2135703745,overnight,False,True,False,1.0,0.5,0.0
A07641,retail_less_stable,494217.75078146835,91d-1y,False,True,False,1.0,0.9,0.0
A07642,retail_stable,9234484.438483221,overnight,False,True,False,1.0,0.95,0.0
A07643,corporate_non_operational,184088.31703182924,8d-30d,False,True,False,1.0,0.5,0.0
A07644,loans,5649354.954812458,31d-90d,True,False,False,0.65,0.0,0.85
A07645,retail_less_stable,4208511.6162821455,overnight,False,True,False,1.0,0.9,0.0
A07646,retail_stable,7500703.065180303,overnight,False,True,False,1.0,0.95,0.0
A07647,corporate_bonds,2957420.676757893,2d-7d,True,False,False,0.2,0.0,0.5
A07648,retail_less_stable,10278351.182421261,2d-7d,False,True,False,1.0,0.9,0.0
A07649,committed_facilities,4232381.3265864495,91d-1y,False,False,True,1.0,0.0,0.0
A07650,wholesale_unsecured,2489278.307460635,31d-90d,False,True,False,1.0,0.0,0.0
A07651,retail_stable,40017447.452574864,2d-7d,False,True,False,1.0,0.95,0.0
A07652,retail_less_stable,1818814.3526717303,overnight,False,True,False,1.0,0.9,0.0
A07653,corporate_non_operational,32411118.50539537,8d-30d,False,True,False,1.0,0.5,0.0
A07654,loans,1931163.078916375,8d-30d,True,False,False,0.65,0.0,0.85
A07655,wholesale_unsecured,14070226.159320457,8d-30d,False,True,False,1.0,0.0,0.0
A07656,loans,292720.9739439459,2d-7d,True,False,False,0.65,0.0,0.85
A07657,equities,20609668.716534503,>1y,True,False,False,0.45,0.0,0.85
A07658,loans,4504035.275637879,31d-90d,True,False,False,0.65,0.0,0.85
A07659,wholesale_unsecured,1923858.1478870818,8d-30d,False,True,False,1.0,0.0,0.0
A07660,retail_stable,1259159.6684134582,8d-30d,False,True,False,1.0,0.95,0.0
A07661,treasury_hqla,2019258.3600120249,31d-90d,True,False,False,0.05,0.0,0.05
A07662,committed_facilities,6194759.7259845445,31d-90d,False,False,True,1.0,0.0,0.0
A07663,corporate_bonds,610521.6877751646,>1y,True,False,False,0.2,0.0,0.5
A07664,committed_facilities,2288900.321631724,>1y,False,False,True,1.0,0.0,0.0
A07665,loans,4934216.533000603,91d-1y,True,False,False,0.65,0.0,0.85
A07666,retail_stable,1206542.6048911603,overnight,False,True,False,1.0,0.95,0.0
A07667,retail_stable,2040729.675171285,overnight,False,True,False,1.0,0.95,0.0
A07668,retail_less_stable,3066628.260667744,31d-90d,False,True,False,1.0,0.9,0.0
A07669,wholesale_unsecured,2150440.6029123953,8d-30d,False,True,False,1.0,0.0,0.0
A07670,corporate_bonds,9683440.90757198,>1y,True,False,False,0.2,0.0,0.5
A07671,corporate_operational,7796483.701449769,8d-30d,False,True,False,1.0,0.5,0.0
A07672,committed_facilities,8963635.241974376,8d-30d,False,False,True,1.0,0.0,0.0
A07673,treasury_hqla,494125.203826382,91d-1y,True,False,False,0.05,0.0,0.05
A07674,treasury_hqla,1844397.981322437,>1y,True,False,False,0.05,0.0,0.05
A07675,corporate_non_operational,5840822.031449024,8d-30d,False,True,False,1.0,0.5,0.0
A07676,treasury_hqla,2477609.634806533,91d-1y,True,False,False,0.05,0.0,0.05
A07677,corporate_non_operational,720117.181175583,31d-90d,False,True,False,1.0,0.5,0.0
A07678,retail_less_stable,4284801.69272071,overnight,False,True,False,1.0,0.9,0.0
A07679,retail_stable,3640055.883773411,>1y,False,True,False,1.0,0.95,0.0
A07680,corporate_bonds,767705.9057693683,8d-30d,True,False,False,0.2,0.0,0.5
A07681,retail_stable,16913229.641940575,2d-7d,False,True,False,1.0,0.95,0.0
A07682,retail_stable,1080172.586398202,31d-90d,False,True,False,1.0,0.95,0.0
A07683,corporate_non_operational,1144409.216026796,overnight,False,True,False,1.0,0.5,0.0
A07684,treasury_hqla,5878934.215966067,91d-1y,True,False,False,0.05,0.0,0.05
A07685,loans,1466421.8605885268,91d-1y,True,False,False,0.65,0.0,0.85
A07686,loans,4456583.5493400125,>1y,True,False,False,0.65,0.0,0.85
A07687,retail_stable,729838.6481264933,>1y,False,True,False,1.0,0.95,0.0
A07688,retail_less_stable,193894.29484497925,2d-7d,False,True,False,1.0,0.9,0.0
A07689,corporate_non_operational,7190619.191349164,2d-7d,False,True,False,1.0,0.5,0.0
A07690,retail_less_stable,2902002.9219441926,overnight,False,True,False,1.0,0.9,0.0
A07691,corporate_non_operational,3681892.48635633,overnight,False,True,False,1.0,0.5,0.0
A07692,retail_stable,5196104.708472976,2d-7d,False,True,False,1.0,0.95,0.0
A07693,treasury_hqla,722559.6835760119,>1y,True,False,False,0.05,0.0,0.05
A07694,retail_less_stable,908060.244414726,overnight,False,True,False,1.0,0.9,0.0
A07695,wholesale_unsecured,3954581.9459432554,31d-90d,False,True,False,1.0,0.0,0.0
A07696,retail_stable,3884005.590941631,overnight,False,True,False,1.0,0.95,0.0
A07697,corporate_operational,37537287.98709026,overnight,False,True,False,1.0,0.5,0.0
A07698,retail_stable,3215033.0421629497,91d-1y,False,True,False,1.0,0.95,0.0
A07699,corporate_operational,1157525.7479083773,91d-1y,False,True,False,1.0,0.5,0.0
A07700,corporate_bonds,1523864.1318289076,91d-1y,True,False,False,0.2,0.0,0.5
A07701,corporate_bonds,8018042.778315727,91d-1y,True,False,False,0.2,0.0,0.5
A07702,corporate_bonds,2180229.7297909777,>1y,True,False,False,0.2,0.0,0.5
A07703,loans,3719639.1659343266,31d-90d,True,False,False,0.65,0.0,0.85
A07704,loans,4169053.4716703184,31d-90d,True,False,False,0.65,0.0,0.85
A07705,treasury_hqla,3336246.7893765755,91d-1y,True,False,False,0.05,0.0,0.05
A07706,retail_less_stable,3315831.6351911575,2d-7d,False,True,False,1.0,0.9,0.0
A07707,loans,8501921.000235382,91d-1y,True,False,False,0.65,0.0,0.85
A07708,corporate_operational,1427296.71901375,31d-90d,False,True,False,1.0,0.5,0.0
A07709,treasury_hqla,39360128.03925389,91d-1y,True,False,False,0.05,0.0,0.05
A07710,corporate_non_operational,5300221.480343355,overnight,False,True,False,1.0,0.5,0.0
A07711,corporate_operational,1717488.7700078439,overnight,False,True,False,1.0,0.5,0.0
A07712,wholesale_unsecured,10989742.801723082,overnight,False,True,False,1.0,0.0,0.0
A07713,loans,7928097.371486841,31d-90d,True,False,False,0.65,0.0,0.85
A07714,loans,18201939.11525593,31d-90d,True,False,False,0.65,0.0,0.85
A07715,loans,8663640.474258471,91d-1y,True,False,False,0.65,0.0,0.85
A07716,retail_stable,5253251.534604205,2d-7d,False,True,False,1.0,0.95,0.0
A07717,loans,2053792.2399402598,31d-90d,True,False,False,0.65,0.0,0.85
A07718,loans,1818069.8491185554,31d-90d,True,False,False,0.65,0.0,0.85
A07719,retail_stable,18383941.078977555,2d-7d,False,True,False,1.0,0.95,0.0
A07720,treasury_hqla,1266787.328504858,91d-1y,True,False,False,0.05,0.0,0.05
A07721,corporate_non_operational,1487537.9039147238,31d-90d,False,True,False,1.0,0.5,0.0
A07722,retail_stable,2149659.0312532997,overnight,False,True,False,1.0,0.95,0.0
A07723,loans,1222551.6189108077,>1y,True,False,False,0.65,0.0,0.85
A07724,loans,714665.3181156196,31d-90d,True,False,False,0.65,0.0,0.85
A07725,retail_stable,482119.65786191006,overnight,False,True,False,1.0,0.95,0.0
A07726,retail_stable,2299874.833526161,overnight,False,True,False,1.0,0.95,0.0
A07727,treasury_hqla,10979809.394496923,8d-30d,True,False,False,0.05,0.0,0.05
A07728,retail_stable,1235541.00583525,2d-7d,False,True,False,1.0,0.95,0.0
A07729,corporate_bonds,969114.1898078525,>1y,True,False,False,0.2,0.0,0.5
A07730,retail_less_stable,12399233.009671323,8d-30d,False,True,False,1.0,0.9,0.0
A07731,retail_stable,2538510.024004452,overnight,False,True,False,1.0,0.95,0.0
A07732,retail_stable,2190967.494701604,overnight,False,True,False,1.0,0.95,0.0
A07733,treasury_hqla,2424780.366097085,31d-90d,True,False,False,0.05,0.0,0.05
A07734,loans,2274555.235695954,>1y,True,False,False,0.65,0.0,0.85
A07735,corporate_operational,1003538.436922304,overnight,False,True,False,1.0,0.5,0.0
A07736,loans,2636831.1912128534,91d-1y,True,False,False,0.65,0.0,0.85
A07737,retail_less_stable,5112449.700004688,91d-1y,False,True,False,1.0,0.9,0.0
A07738,retail_less_stable,2221020.864613735,overnight,False,True,False,1.0,0.9,0.0
A07739,wholesale_unsecured,2748706.3183484916,overnight,False,True,False,1.0,0.0,0.0
A07740,loans,1612714.7221318483,8d-30d,True,False,False,0.65,0.0,0.85
A07741,equities,526165.0598218503,>1y,True,False,False,0.45,0.0,0.85
A07742,retail_stable,2069294.2586211711,91d-1y,False,True,False,1.0,0.95,0.0
A07743,retail_stable,7575218.177143266,31d-90d,False,True,False,1.0,0.95,0.0
A07744,loans,619440.2157015724,91d-1y,True,False,False,0.65,0.0,0.85
A07745,loans,1225247.5120044905,>1y,True,False,False,0.65,0.0,0.85
A07746,retail_less_stable,2609558.539452358,31d-90d,False,True,False,1.0,0.9,0.0
A07747,retail_less_stable,2861435.331074284,overnight,False,True,False,1.0,0.9,0.0
A07748,treasury_hqla,1205850.1228200127,>1y,True,False,False,0.05,0.0,0.05
A07749,corporate_non_operational,2808735.8274197374,overnight,False,True,False,1.0,0.5,0.0
A07750,loans,11192004.606025098,>1y,True,False,False,0.65,0.0,0.85
A07751,retail_stable,681000.432325678,91d-1y,False,True,False,1.0,0.95,0.0
A07752,loans,681179.9973738587,>1y,True,False,False,0.65,0.0,0.85
A07753,treasury_hqla,1003236.7116660038,>1y,True,False,False,0.05,0.0,0.05
A07754,corporate_operational,6703274.198542241,overnight,False,True,False,1.0,0.5,0.0
A07755,treasury_hqla,1307467.198349466,>1y,True,False,False,0.05,0.0,0.05
A07756,corporate_non_operational,8344861.063481337,31d-90d,False,True,False,1.0,0.5,0.0
A07757,retail_less_stable,403595.2888245049,2d-7d,False,True,False,1.0,0.9,0.0
A07758,loans,6089507.813769718,31d-90d,True,False,False,0.65,0.0,0.85
A07759,committed_facilities,1954439.8816952705,8d-30d,False,False,True,1.0,0.0,0.0
A07760,corporate_bonds,14486959.40746181,31d-90d,True,False,False,0.2,0.0,0.5
A07761,wholesale_unsecured,560592.3524886115,overnight,False,True,False,1.0,0.0,0.0
A07762,equities,1825180.844980001,91d-1y,True,False,False,0.45,0.0,0.85
A07763,retail_stable,16735932.64046373,8d-30d,False,True,False,1.0,0.95,0.0
A07764,retail_less_stable,3930372.6385530354,31d-90d,False,True,False,1.0,0.9,0.0
A07765,retail_stable,4361963.528480557,overnight,False,True,False,1.0,0.95,0.0
A07766,retail_stable,1483695.4487967317,overnight,False,True,False,1.0,0.95,0.0
A07767,retail_stable,1617282.3924527734,8d-30d,False,True,False,1.0,0.95,0.0
A07768,retail_less_stable,1049676.328868527,2d-7d,False,True,False,1.0,0.9,0.0
A07769,retail_stable,17567269.22042143,overnight,False,True,False,1.0,0.95,0.0
A07770,retail_less_stable,11386465.793296833,2d-7d,False,True,False,1.0,0.9,0.0
A07771,loans,3724711.867416826,>1y,True,False,False,0.65,0.0,0.85
A07772,corporate_non_operational,4558909.967604041,>1y,False,True,False,1.0,0.5,0.0
A07773,retail_stable,1250426.7520268841,31d-90d,False,True,False,1.0,0.95,0.0
A07774,retail_less_stable,1787795.5231168857,overnight,False,True,False,1.0,0.9,0.0
A07775,treasury_hqla,1967435.9392960554,8d-30d,True,False,False,0.05,0.0,0.05
A07776,equities,1716445.1507815255,31d-90d,True,False,False,0.45,0.0,0.85
A07777,retail_less_stable,978414.7257599847,overnight,False,True,False,1.0,0.9,0.0
A07778,retail_stable,8343212.244177638,91d-1y,False,True,False,1.0,0.95,0.0
A07779,committed_facilities,5855519.403668081,91d-1y,False,False,True,1.0,0.0,0.0
A07780,loans,2328967.741986912,overnight,True,False,False,0.65,0.0,0.85
A07781,retail_less_stable,1528854.8176069963,31d-90d,False,True,False,1.0,0.9,0.0
A07782,corporate_non_operational,1387864.7421161532,8d-30d,False,True,False,1.0,0.5,0.0
A07783,corporate_bonds,736181.629927706,31d-90d,True,False,False,0.2,0.0,0.5
A07784,retail_stable,2321075.153957061,overnight,False,True,False,1.0,0.95,0.0
A07785,loans,2539286.089800935,91d-1y,True,False,False,0.65,0.0,0.85
A07786,retail_less_stable,24374787.376725122,overnight,False,True,False,1.0,0.9,0.0
A07787,corporate_operational,820450.338400306,overnight,False,True,False,1.0,0.5,0.0
A07788,retail_less_stable,5736199.15572647,2d-7d,False,True,False,1.0,0.9,0.0
A07789,corporate_bonds,4547896.148588754,31d-90d,True,False,False,0.2,0.0,0.5
A07790,corporate_bonds,18848734.50160804,91d-1y,True,False,False,0.2,0.0,0.5
A07791,treasury_hqla,3342133.445661148,>1y,True,False,False,0.05,0.0,0.05
A07792,retail_less_stable,10352552.703803318,overnight,False,True,False,1.0,0.9,0.0
A07793,corporate_bonds,1676403.9828052144,>1y,True,False,False,0.2,0.0,0.5
A07794,loans,4288982.390059363,2d-7d,True,False,False,0.65,0.0,0.85
A07795,retail_less_stable,9980180.499952199,2d-7d,False,True,False,1.0,0.9,0.0
A07796,retail_stable,2995969.0425239247,overnight,False,True,False,1.0,0.95,0.0
A07797,corporate_bonds,6582161.379266343,91d-1y,True,False,False,0.2,0.0,0.5
A07798,wholesale_unsecured,1012554.8855604196,31d-90d,False,True,False,1.0,0.0,0.0
A07799,treasury_hqla,940122.0508725699,31d-90d,True,False,False,0.05,0.0,0.05
A07800,retail_less_stable,7138240.57083936,overnight,False,True,False,1.0,0.9,0.0
A07801,corporate_non_operational,3547789.44248633,2d-7d,False,True,False,1.0,0.5,0.0
A07802,corporate_operational,546866.6034201,91d-1y,False,True,False,1.0,0.5,0.0
A07803,retail_less_stable,3564712.020286778,>1y,False,True,False,1.0,0.9,0.0
A07804,corporate_operational,733654.9942163749,8d-30d,False,True,False,1.0,0.5,0.0
A07805,loans,940776.3083762317,>1y,True,False,False,0.65,0.0,0.85
A07806,corporate_operational,6474996.031618304,overnight,False,True,False,1.0,0.5,0.0
A07807,corporate_operational,1228866.1424716385,31d-90d,False,True,False,1.0,0.5,0.0
A07808,loans,8702569.693443498,>1y,True,False,False,0.65,0.0,0.85
A07809,equities,1445468.0868561822,91d-1y,True,False,False,0.45,0.0,0.85
A07810,retail_stable,3510989.9984030803,91d-1y,False,True,False,1.0,0.95,0.0
A07811,retail_stable,3001129.880372405,overnight,False,True,False,1.0,0.95,0.0
A07812,loans,2095530.0630751662,>1y,True,False,False,0.65,0.0,0.85
A07813,corporate_operational,4979742.839451262,2d-7d,False,True,False,1.0,0.5,0.0
A07814,corporate_operational,11517468.048391948,>1y,False,True,False,1.0,0.5,0.0
A07815,committed_facilities,3318611.561734825,8d-30d,False,False,True,1.0,0.0,0.0
A07816,loans,1599102.9948678818,2d-7d,True,False,False,0.65,0.0,0.85
A07817,corporate_bonds,2440343.5300136507,31d-90d,True,False,False,0.2,0.0,0.5
A07818,corporate_operational,6971362.018865998,overnight,False,True,False,1.0,0.5,0.0
A07819,loans,2556646.856859638,>1y,True,False,False,0.65,0.0,0.85
A07820,retail_stable,7804894.049931541,8d-30d,False,True,False,1.0,0.95,0.0
A07821,corporate_non_operational,2706953.847690111,8d-30d,False,True,False,1.0,0.5,0.0
A07822,corporate_operational,3196144.2747252267,2d-7d,False,True,False,1.0,0.5,0.0
A07823,corporate_operational,8299187.905196436,31d-90d,False,True,False,1.0,0.5,0.0
A07824,treasury_hqla,2118064.537079091,8d-30d,True,False,False,0.05,0.0,0.05
A07825,retail_less_stable,362673.84069887636,2d-7d,False,True,False,1.0,0.9,0.0
A07826,retail_stable,1417014.898995624,8d-30d,False,True,False,1.0,0.95,0.0
A07827,loans,8249333.8867891105,overnight,True,False,False,0.65,0.0,0.85
A07828,corporate_operational,1865483.3749439255,overnight,False,True,False,1.0,0.5,0.0
A07829,retail_less_stable,1570133.779736282,8d-30d,False,True,False,1.0,0.9,0.0
A07830,retail_stable,2201643.3939984767,overnight,False,True,False,1.0,0.95,0.0
A07831,corporate_bonds,959722.9748668794,91d-1y,True,False,False,0.2,0.0,0.5
A07832,retail_stable,20809219.498495594,8d-30d,False,True,False,1.0,0.95,0.0
A07833,corporate_operational,6776036.376729364,overnight,False,True,False,1.0,0.5,0.0
A07834,equities,5650757.9151112875,>1y,True,False,False,0.45,0.0,0.85
A07835,retail_less_stable,5878925.430510533,overnight,False,True,False,1.0,0.9,0.0
A07836,treasury_hqla,3894199.398909132,31d-90d,True,False,False,0.05,0.0,0.05
A07837,retail_less_stable,553015.4461482278,overnight,False,True,False,1.0,0.9,0.0
A07838,retail_stable,739866.5270470909,overnight,False,True,False,1.0,0.95,0.0
A07839,retail_stable,9483969.522622732,91d-1y,False,True,False,1.0,0.95,0.0
A07840,retail_stable,7097217.133376143,overnight,False,True,False,1.0,0.95,0.0
A07841,retail_less_stable,1596939.4522307627,91d-1y,False,True,False,1.0,0.9,0.0
A07842,wholesale_unsecured,1592170.6904337567,overnight,False,True,False,1.0,0.0,0.0
A07843,retail_stable,839847.226355504,overnight,False,True,False,1.0,0.95,0.0
A07844,retail_less_stable,18157720.47629937,8d-30d,False,True,False,1.0,0.9,0.0
A07845,retail_stable,3651528.302703417,31d-90d,False,True,False,1.0,0.95,0.0
A07846,retail_stable,7055470.722394673,overnight,False,True,False,1.0,0.95,0.0
A07847,treasury_hqla,497994.40190449276,>1y,True,False,False,0.05,0.0,0.05
A07848,retail_stable,11851741.289940814,2d-7d,False,True,False,1.0,0.95,0.0
A07849,retail_stable,1844768.3583845235,2d-7d,False,True,False,1.0,0.95,0.0
A07850,retail_less_stable,11144247.238619292,8d-30d,False,True,False,1.0,0.9,0.0
A07851,retail_stable,7196759.729383844,overnight,False,True,False,1.0,0.95,0.0
A07852,retail_less_stable,24889959.925128315,overnight,False,True,False,1.0,0.9,0.0
A07853,corporate_non_operational,19553022.433879495,2d-7d,False,True,False,1.0,0.5,0.0
A07854,loans,2068674.7131322885,91d-1y,True,False,False,0.65,0.0,0.85
A07855,loans,4854390.265920512,91d-1y,True,False,False,0.65,0.0,0.85
A07856,corporate_non_operational,27532877.576985374,8d-30d,False,True,False,1.0,0.5,0.0
A07857,retail_stable,18843815.212899853,8d-30d,False,True,False,1.0,0.95,0.0
A07858,retail_less_stable,3249432.6433529938,overnight,False,True,False,1.0,0.9,0.0
A07859,loans,1206244.257350581,>1y,True,False,False,0.65,0.0,0.85
A07860,committed_facilities,3247741.339666534,91d-1y,False,False,True,1.0,0.0,0.0
A07861,retail_less_stable,3664359.135670658,overnight,False,True,False,1.0,0.9,0.0
A07862,retail_less_stable,5379196.025883383,91d-1y,False,True,False,1.0,0.9,0.0
A07863,retail_less_stable,690154.916755935,91d-1y,False,True,False,1.0,0.9,0.0
A07864,retail_less_stable,2047361.9031719337,31d-90d,False,True,False,1.0,0.9,0.0
A07865,retail_less_stable,3935599.0644419286,>1y,False,True,False,1.0,0.9,0.0
A07866,treasury_hqla,1611315.365361053,91d-1y,True,False,False,0.05,0.0,0.05
A07867,corporate_non_operational,7312732.332102367,overnight,False,True,False,1.0,0.5,0.0
A07868,retail_stable,3174867.962248733,overnight,False,True,False,1.0,0.95,0.0
A07869,corporate_bonds,1583372.326394684,91d-1y,True,False,False,0.2,0.0,0.5
A07870,retail_stable,5764179.419889718,8d-30d,False,True,False,1.0,0.95,0.0
A07871,corporate_bonds,1906236.3744291828,91d-1y,True,False,False,0.2,0.0,0.5
A07872,committed_facilities,1153583.8257637275,91d-1y,False,False,True,1.0,0.0,0.0
A07873,loans,10464825.995171448,>1y,True,False,False,0.65,0.0,0.85
A07874,loans,2238179.318684135,91d-1y,True,False,False,0.65,0.0,0.85
A07875,retail_less_stable,2836821.7753602946,overnight,False,True,False,1.0,0.9,0.0
A07876,retail_stable,1687702.0082851718,91d-1y,False,True,False,1.0,0.95,0.0
A07877,corporate_operational,3139516.410885567,31d-90d,False,True,False,1.0,0.5,0.0
A07878,equities,894440.1592181412,31d-90d,True,False,False,0.45,0.0,0.85
A07879,retail_less_stable,1092486.5031282734,8d-30d,False,True,False,1.0,0.9,0.0
A07880,treasury_hqla,695466.602626684,>1y,True,False,False,0.05,0.0,0.05
A07881,equities,1542770.034586301,>1y,True,False,False,0.45,0.0,0.85
A07882,loans,2324449.596589134,91d-1y,True,False,False,0.65,0.0,0.85
A07883,treasury_hqla,2392844.1456660717,>1y,True,False,False,0.05,0.0,0.05
A07884,committed_facilities,1183630.7194479085,overnight,False,False,True,1.0,0.0,0.0
A07885,retail_less_stable,5168687.084918551,overnight,False,True,False,1.0,0.9,0.0
A07886,retail_stable,5808779.474872651,31d-90d,False,True,False,1.0,0.95,0.0
A07887,equities,1704451.9729216513,8d-30d,True,False,False,0.45,0.0,0.85
A07888,retail_stable,3356261.0933287824,overnight,False,True,False,1.0,0.95,0.0
A07889,equities,335346.0150848322,91d-1y,True,False,False,0.45,0.0,0.85
A07890,retail_less_stable,2201895.5362825315,2d-7d,False,True,False,1.0,0.9,0.0
A07891,equities,5882740.30510688,2d-7d,True,False,False,0.45,0.0,0.85
A07892,corporate_bonds,1312288.5775150927,overnight,True,False,False,0.2,0.0,0.5
A07893,treasury_hqla,8892448.617070822,91d-1y,True,False,False,0.05,0.0,0.05
A07894,loans,1363199.7440422347,31d-90d,True,False,False,0.65,0.0,0.85
A07895,retail_stable,406874.7264497971,91d-1y,False,True,False,1.0,0.95,0.0
A07896,retail_stable,4057581.9487230685,overnight,False,True,False,1.0,0.95,0.0
A07897,treasury_hqla,9467268.444169335,91d-1y,True,False,False,0.05,0.0,0.05
A07898,loans,5155688.5886372,91d-1y,True,False,False,0.65,0.0,0.85
A07899,treasury_hqla,3082104.084077133,>1y,True,False,False,0.05,0.0,0.05
A07900,corporate_non_operational,14792277.541084792,31d-90d,False,True,False,1.0,0.5,0.0
A07901,retail_stable,20783047.850343123,31d-90d,False,True,False,1.0,0.95,0.0
A07902,equities,19279122.96591245,>1y,True,False,False,0.45,0.0,0.85
A07903,loans,1029459.8280309231,91d-1y,True,False,False,0.65,0.0,0.85
A07904,corporate_bonds,9458657.427698819,91d-1y,True,False,False,0.2,0.0,0.5
A07905,loans,2902868.747144512,8d-30d,True,False,False,0.65,0.0,0.85
A07906,retail_less_stable,1397107.49568923,2d-7d,False,True,False,1.0,0.9,0.0
A07907,retail_less_stable,1168626.7130762595,91d-1y,False,True,False,1.0,0.9,0.0
A07908,retail_less_stable,8779056.72755193,2d-7d,False,True,False,1.0,0.9,0.0
A07909,corporate_bonds,1298487.5449140978,>1y,True,False,False,0.2,0.0,0.5
A07910,loans,2465859.1532843383,>1y,True,False,False,0.65,0.0,0.85
A07911,retail_less_stable,11059656.421919867,>1y,False,True,False,1.0,0.9,0.0
A07912,retail_less_stable,9811942.16068355,8d-30d,False,True,False,1.0,0.9,0.0
A07913,corporate_non_operational,2615735.438157572,overnight,False,True,False,1.0,0.5,0.0
A07914,retail_less_stable,3712374.601082185,overnight,False,True,False,1.0,0.9,0.0
A07915,retail_less_stable,23348831.486111205,2d-7d,False,True,False,1.0,0.9,0.0
A07916,wholesale_unsecured,7759601.956753298,2d-7d,False,True,False,1.0,0.0,0.0
A07917,loans,2767451.0850328384,8d-30d,True,False,False,0.65,0.0,0.85
A07918,retail_stable,3393442.095390874,overnight,False,True,False,1.0,0.95,0.0
A07919,loans,5634547.924690874,8d-30d,True,False,False,0.65,0.0,0.85
A07920,treasury_hqla,590915.3213204168,91d-1y,True,False,False,0.05,0.0,0.05
A07921,retail_stable,3763240.3264809637,2d-7d,False,True,False,1.0,0.95,0.0
A07922,loans,1442986.2637310852,31d-90d,True,False,False,0.65,0.0,0.85
A07923,retail_less_stable,17577951.437681034,91d-1y,False,True,False,1.0,0.9,0.0
A07924,retail_less_stable,7468457.05595729,overnight,False,True,False,1.0,0.9,0.0
A07925,retail_less_stable,645966.9596130003,91d-1y,False,True,False,1.0,0.9,0.0
A07926,loans,2365903.0305860196,overnight,True,False,False,0.65,0.0,0.85
A07927,treasury_hqla,12903384.552168408,31d-90d,True,False,False,0.05,0.0,0.05
A07928,retail_stable,4376915.701439774,overnight,False,True,False,1.0,0.95,0.0
A07929,retail_stable,1182079.7496104634,91d-1y,False,True,False,1.0,0.95,0.0
A07930,corporate_non_operational,660430.1109686054,2d-7d,False,True,False,1.0,0.5,0.0
A07931,loans,913896.1269167099,>1y,True,False,False,0.65,0.0,0.85
A07932,wholesale_unsecured,2039190.8838004787,8d-30d,False,True,False,1.0,0.0,0.0
A07933,treasury_hqla,15644451.992689958,31d-90d,True,False,False,0.05,0.0,0.05
A07934,treasury_hqla,5061816.029346662,91d-1y,True,False,False,0.05,0.0,0.05
A07935,corporate_bonds,5575930.856351108,8d-30d,True,False,False,0.2,0.0,0.5
A07936,wholesale_unsecured,7995050.882614251,overnight,False,True,False,1.0,0.0,0.0
A07937,retail_stable,3009373.5935805803,91d-1y,False,True,False,1.0,0.95,0.0
A07938,corporate_operational,3958574.369853181,overnight,False,True,False,1.0,0.5,0.0
A07939,committed_facilities,1289112.416281225,91d-1y,False,False,True,1.0,0.0,0.0
A07940,retail_stable,12084280.968393538,overnight,False,True,False,1.0,0.95,0.0
A07941,corporate_bonds,7449274.09842956,overnight,True,False,False,0.2,0.0,0.5
A07942,corporate_operational,1317621.9747278118,overnight,False,True,False,1.0,0.5,0.0
A07943,loans,2205944.781519871,overnight,True,False,False,0.65,0.0,0.85
A07944,retail_less_stable,12422289.977833664,31d-90d,False,True,False,1.0,0.9,0.0
A07945,corporate_non_operational,4368138.611420613,91d-1y,False,True,False,1.0,0.5,0.0
A07946,retail_less_stable,1977205.737905523,91d-1y,False,True,False,1.0,0.9,0.0
A07947,retail_stable,5125666.929219729,8d-30d,False,True,False,1.0,0.95,0.0
A07948,retail_less_stable,5536655.544311592,overnight,False,True,False,1.0,0.9,0.0
A07949,loans,7376757.981756945,>1y,True,False,False,0.65,0.0,0.85
A07950,treasury_hqla,683424.8918987226,>1y,True,False,False,0.05,0.0,0.05
A07951,loans,1158387.7921434485,91d-1y,True,False,False,0.65,0.0,0.85
A07952,loans,8663654.574149473,>1y,True,False,False,0.65,0.0,0.85
A07953,retail_less_stable,5514871.036709425,31d-90d,False,True,False,1.0,0.9,0.0
A07954,wholesale_unsecured,3346638.0214410042,8d-30d,False,True,False,1.0,0.0,0.0
A07955,committed_facilities,25149110.817160197,8d-30d,False,False,True,1.0,0.0,0.0
A07956,retail_less_stable,4474023.418028163,>1y,False,True,False,1.0,0.9,0.0
A07957,corporate_operational,2932879.5021329736,overnight,False,True,False,1.0,0.5,0.0
A07958,retail_stable,4487802.4126129635,overnight,False,True,False,1.0,0.95,0.0
A07959,corporate_non_operational,8770337.281561412,2d-7d,False,True,False,1.0,0.5,0.0
A07960,retail_less_stable,4223050.884802509,overnight,False,True,False,1.0,0.9,0.0
A07961,loans,9755532.485855386,31d-90d,True,False,False,0.65,0.0,0.85
A07962,retail_stable,784815.8331285845,overnight,False,True,False,1.0,0.95,0.0
A07963,retail_less_stable,12776172.054729447,91d-1y,False,True,False,1.0,0.9,0.0
A07964,loans,2739254.2471098583,91d-1y,True,False,False,0.65,0.0,0.85
A07965,loans,904440.7264271389,>1y,True,False,False,0.65,0.0,0.85
A07966,treasury_hqla,751978.7835550278,31d-90d,True,False,False,0.05,0.0,0.05
A07967,treasury_hqla,10117543.063207492,>1y,True,False,False,0.05,0.0,0.05
A07968,loans,1204940.040113827,overnight,True,False,False,0.65,0.0,0.85
A07969,retail_stable,12163853.866157737,91d-1y,False,True,False,1.0,0.95,0.0
A07970,corporate_operational,8510569.590324534,overnight,False,True,False,1.0,0.5,0.0
A07971,retail_stable,3423850.140681604,8d-30d,False,True,False,1.0,0.95,0.0
A07972,corporate_bonds,1270297.73757492,overnight,True,False,False,0.2,0.0,0.5
A07973,retail_stable,7508432.592773484,31d-90d,False,True,False,1.0,0.95,0.0
A07974,committed_facilities,12659535.088455526,31d-90d,False,False,True,1.0,0.0,0.0
A07975,retail_stable,3787286.028946521,2d-7d,False,True,False,1.0,0.95,0.0
A07976,loans,1569437.5044786173,91d-1y,True,False,False,0.65,0.0,0.85
A07977,retail_less_stable,1335234.8419138847,8d-30d,False,True,False,1.0,0.9,0.0
A07978,committed_facilities,4674580.44211367,31d-90d,False,False,True,1.0,0.0,0.0
A07979,corporate_non_operational,3876022.905434708,2d-7d,False,True,False,1.0,0.5,0.0
A07980,retail_stable,797638.0622511712,31d-90d,False,True,False,1.0,0.95,0.0
A07981,retail_less_stable,4300593.215196439,31d-90d,False,True,False,1.0,0.9,0.0
A07982,loans,1691725.3319373694,2d-7d,True,False,False,0.65,0.0,0.85
A07983,loans,6724862.379762011,91d-1y,True,False,False,0.65,0.0,0.85
A07984,retail_stable,3741082.996428004,31d-90d,False,True,False,1.0,0.95,0.0
A07985,wholesale_unsecured,3053414.609283044,overnight,False,True,False,1.0,0.0,0.0
A07986,corporate_operational,801788.9634623618,2d-7d,False,True,False,1.0,0.5,0.0
A07987,treasury_hqla,4352600.7357348865,91d-1y,True,False,False,0.05,0.0,0.05
A07988,loans,36621563.5577506,91d-1y,True,False,False,0.65,0.0,0.85
A07989,committed_facilities,421648.595813204,8d-30d,False,False,True,1.0,0.0,0.0
A07990,retail_stable,6630338.940860932,31d-90d,False,True,False,1.0,0.95,0.0
A07991,corporate_operational,2566548.0909299552,2d-7d,False,True,False,1.0,0.5,0.0
A07992,corporate_operational,13064986.073309045,overnight,False,True,False,1.0,0.5,0.0
A07993,retail_less_stable,4861974.095752469,2d-7d,False,True,False,1.0,0.9,0.0
A07994,retail_less_stable,1986299.6766016502,2d-7d,False,True,False,1.0,0.9,0.0
A07995,retail_stable,12262689.158497158,overnight,False,True,False,1.0,0.95,0.0
A07996,retail_stable,1319224.228717624,overnight,False,True,False,1.0,0.95,0.0
A07997,loans,5500966.789608975,>1y,True,False,False,0.65,0.0,0.85
A07998,retail_less_stable,7688040.507688784,overnight,False,True,False,1.0,0.9,0.0
A07999,wholesale_unsecured,5696348.733951751,overnight,False,True,False,1.0,0.0,0.0
